trial_id,cohort,trades,sharpe
T0001,top50,979,-2.8004586138601146
T0002,top50,979,-2.8004586138601146
T0003,top50,979,-2.8004586138601146
T0004,top50,979,-2.8004586138601146
T0005,top50,979,-2.8004586138601146
T0006,top50,979,-2.8004586138601146
T0007,top50,979,-2.8004586138601146
T0008,top50,916,-2.725002902924772
T0009,top50,949,-1.500437025515548
T0010,top50,860,-3.8834820953589095
T0011,top50,773,5.591564718038358
T0012,top50,759,6.759277219440888
T0013,top50,979,-2.727702989118332
T0014,top50,976,-3.237800277542334
T0015,top50,980,-2.30073823984194
T0016,top50,898,-3.903250579666886
T0017,top50,629,-5.6634425392348895
T0018,top50,362,-3.6407253579823826
T0019,top50,208,-16.977201956435245
T0020,top50,953,0.23056817665209706
T0021,top50,665,1.5711204991142793
T0022,top50,860,-1.8480653009212133
T0023,top50,979,-2.8004586138601146
T0024,top50,979,-2.7827194406783438
T0025,top50,979,-2.8004586138601146
T0026,top50,858,-11.297882318981214
T0027,top50,982,-2.8282141697287186
T0028,top50,920,0.4747901336603276
T0029,top50,920,0.4747901336603276
T0030,top50,920,0.4747901336603276
T0031,top50,920,0.4747901336603276
T0032,top50,920,0.4747901336603276
T0033,top50,920,0.4747901336603276
T0034,top50,920,0.4747901336603276
T0035,top50,754,-2.76938465806824
T0036,top50,837,2.212447217600849
T0037,top50,615,5.685481720367024
T0038,top50,439,0.663679631359987
T0039,top50,407,-0.980880423663166
T0040,top50,918,0.6217936102840532
T0041,top50,921,0.7605494763907726
T0042,top50,917,-0.5979467849563622
T0043,top50,688,4.0579081467708304
T0044,top50,335,0.8255287960445223
T0045,top50,143,9.102477495227497
T0046,top50,85,9.527207489858998
T0047,top50,848,2.9327577758773935
T0048,top50,269,15.771129564775691
T0049,top50,570,0.16877970592959382
T0050,top50,920,0.4747901336603276
T0051,top50,920,0.12316275245190057
T0052,top50,920,0.4747901336603276
T0053,top50,908,-5.180724740472307
T0054,top50,737,-3.0115113335514687
T0055,top50,737,-3.0115113335514687
T0056,top50,737,-3.3191337727047387
T0057,top50,737,-3.0115113335514687
T0058,top50,737,-3.0115113335514687
T0059,top50,737,-3.3191337727047387
T0060,top50,737,-3.0115113335514687
T0061,top50,553,-2.040669971161665
T0062,top50,576,-0.3441903202407168
T0063,top50,262,2.207310706324038
T0064,top50,134,-0.09127190568131494
T0065,top50,116,-0.1666545664667432
T0066,top50,735,-2.5539700005107586
T0067,top50,731,-3.143894765238166
T0068,top50,733,-3.0258144260120625
T0069,top50,385,-1.1741327467105365
T0070,top50,120,-3.703456101257061
T0071,top50,46,7.605807820985725
T0072,top50,33,10.673557017575185
T0073,top50,542,-1.9146485652550171
T0074,top50,41,2.7863692413624688
T0075,top50,189,-6.031513580250095
T0076,top50,737,-3.0115113335514687
T0077,top50,737,-3.0115113335514687
T0078,top50,737,-3.0115113335514687
T0079,top50,693,-0.8583241599458195
T0080,top50,693,1.5980984971832215
T0081,top50,975,2.1257920817667357
T0082,top50,975,2.1257920817667357
T0083,top50,975,2.1257920817667357
T0084,top50,975,2.1257920817667357
T0085,top50,975,2.1257920817667357
T0086,top50,975,2.1257920817667357
T0087,top50,975,2.1257920817667357
T0088,top50,911,2.096493143793888
T0089,top50,948,3.0631814737365213
T0090,top50,860,4.747759289187815
T0091,top50,765,6.463086474620441
T0092,top50,752,8.454747641250396
T0093,top50,979,0.4051324854653099
T0094,top50,978,1.0198383341212214
T0095,top50,979,1.8245589249201994
T0096,top50,899,2.879539200756462
T0097,top50,635,-5.985217373919577
T0098,top50,358,2.106667854482862
T0099,top50,209,0.3013510241400051
T0100,top50,954,4.490741237350561
T0101,top50,660,-0.6617057592309225
T0102,top50,825,7.056695890165716
T0103,top50,975,2.1257920817667357
T0104,top50,975,1.9675678460117865
T0105,top50,975,2.303709020439797
T0106,top50,856,-10.290236925257915
T0107,top50,969,-2.901298188527264
T0108,top50,963,1.8560757234250644
T0109,top50,24,13.600029049489525
T0110,top50,920,1.3518305747369503
T0111,top50,920,1.3518305747369503
T0112,top50,920,1.3518305747369503
T0113,top50,920,1.3518305747369503
T0114,top50,920,1.3518305747369503
T0115,top50,920,1.3518305747369503
T0116,top50,920,1.3518305747369503
T0117,top50,757,0.027277716792354814
T0118,top50,842,3.8905031602362143
T0119,top50,621,4.671628369528959
T0120,top50,437,2.3992606551385967
T0121,top50,405,0.173921196459298
T0122,top50,921,1.6937916474541448
T0123,top50,921,2.5414857708330203
T0124,top50,920,2.1157338012783606
T0125,top50,684,6.211619516173276
T0126,top50,340,3.3554197305192353
T0127,top50,150,17.021457855943613
T0128,top50,85,5.551342402131899
T0129,top50,848,5.146571633476043
T0130,top50,279,16.236268391999744
T0131,top50,535,-0.9995094527209119
T0132,top50,920,1.3518305747369503
T0133,top50,920,1.3518305747369503
T0134,top50,920,1.3518305747369503
T0135,top50,906,-2.769059431654266
T0136,top50,909,1.7233966666117422
T0137,top50,24,21.610612754235564
T0138,top50,733,-2.1865470265210516
T0139,top50,733,-2.1865470265210516
T0140,top50,734,-2.5087833325967193
T0141,top50,733,-2.1865470265210516
T0142,top50,733,-2.1865470265210516
T0143,top50,734,-2.5087833325967193
T0144,top50,733,-2.1865470265210516
T0145,top50,564,0.23229150849652594
T0146,top50,575,-0.9482729211065744
T0147,top50,252,4.945835385857007
T0148,top50,129,0.14706304486938743
T0149,top50,113,0.6209655344637115
T0150,top50,735,-3.0359578832628493
T0151,top50,736,-2.98022993296187
T0152,top50,733,-3.006136935337578
T0153,top50,382,-0.6659049083661182
T0154,top50,120,-5.89492216967725
T0155,top50,43,14.39166651493022
T0156,top50,34,11.870570435450032
T0157,top50,533,-1.0836602558693522
T0158,top50,44,8.049046989664523
T0159,top50,153,0.1852109734500634
T0160,top50,733,-2.1865470265210516
T0161,top50,733,-2.1865470265210516
T0162,top50,733,-2.1865470265210516
T0163,top50,693,-0.13327771947451772
T0164,top50,693,-0.9613166206432471
T0165,top50,725,-2.3591584204603033
T0166,top50,22,12.112705927600677
T0167,top50,975,-20.097491374526253
T0168,top50,975,-20.097491374526253
T0169,top50,975,-20.097491374526253
T0170,top50,975,-20.097491374526253
T0171,top50,975,-20.097491374526253
T0172,top50,975,-20.097491374526253
T0173,top50,975,-20.097491374526253
T0174,top50,911,-19.753521898881935
T0175,top50,948,-21.12472617022369
T0176,top50,860,-23.05537364570588
T0177,top50,765,-24.383441684779495
T0178,top50,752,-26.25962969825793
T0179,top50,979,-18.47057423025896
T0180,top50,978,-18.923799036367043
T0181,top50,979,-19.716037829735885
T0182,top50,899,-20.8502070922881
T0183,top50,635,-12.124962259870628
T0184,top50,358,-18.632417733753577
T0185,top50,209,-13.037841051800132
T0186,top50,954,-22.328143274367974
T0187,top50,660,-15.99492290739932
T0188,top50,825,-24.79788505067439
T0189,top50,975,-20.097491374526253
T0190,top50,975,-19.960730330809
T0191,top50,975,-20.27413935245398
T0192,top50,856,-9.510532795923698
T0193,top50,969,-14.833141860003378
T0194,top50,963,-19.742094467397933
T0195,top50,24,-38.61825601769144
T0196,top50,920,-10.349548083070106
T0197,top50,920,-10.349548083070106
T0198,top50,920,-10.349548083070106
T0199,top50,920,-10.349548083070106
T0200,top50,920,-10.349548083070106
T0201,top50,920,-10.349548083070106
T0202,top50,920,-10.349548083070106
T0203,top50,757,-9.109111989676828
T0204,top50,842,-12.995216072607525
T0205,top50,621,-13.59697630122373
T0206,top50,437,-10.936237133022178
T0207,top50,405,-8.91004910787255
T0208,top50,921,-10.699307067834054
T0209,top50,921,-11.596433393049479
T0210,top50,920,-11.264525134465156
T0211,top50,684,-15.160273749657305
T0212,top50,340,-11.599614860352649
T0213,top50,150,-24.886218493427943
T0214,top50,85,-11.372256142357935
T0215,top50,848,-14.063836416306371
T0216,top50,279,-24.41640740357427
T0217,top50,535,-7.23765648472715
T0218,top50,920,-10.349548083070106
T0219,top50,920,-10.349548083070106
T0220,top50,920,-10.349548083070106
T0221,top50,906,-5.803415355834796
T0222,top50,909,-10.707848600458659
T0223,top50,24,-34.196829158707175
T0224,top50,733,-2.476563904307284
T0225,top50,733,-2.476563904307284
T0226,top50,734,-2.136019859138431
T0227,top50,733,-2.476563904307284
T0228,top50,733,-2.476563904307284
T0229,top50,734,-2.136019859138431
T0230,top50,733,-2.476563904307284
T0231,top50,564,-4.886820219317334
T0232,top50,575,-3.8276974484931534
T0233,top50,252,-9.577761142837481
T0234,top50,129,-4.3689144833770275
T0235,top50,113,-4.707974540339708
T0236,top50,735,-1.7031006608384494
T0237,top50,736,-1.7621110175629011
T0238,top50,733,-1.6048504079451547
T0239,top50,382,-3.850895176258145
T0240,top50,120,1.7119988108418396
T0241,top50,43,-18.521066626946972
T0242,top50,34,-15.307711134089736
T0243,top50,533,-3.754175513962115
T0244,top50,44,-12.076083254517998
T0245,top50,153,-4.0290994375424996
T0246,top50,733,-2.476563904307284
T0247,top50,733,-2.476563904307284
T0248,top50,733,-2.476563904307284
T0249,top50,693,-4.418343172853996
T0250,top50,693,-3.6953323144736263
T0251,top50,725,-2.3007739385772448
T0252,top50,22,-17.86264879118077
