trial_id,feature_id,variant,market,timeframe,side,cohort,horizon_bars_24h,status,observations,signals,executed_trades,signal_frequency,exposure,turnover,gross_return,net_return,hit_rate,mean_net_return,median_net_return,sharpe,sortino,max_drawdown,calmar,hac_t_stat,bootstrap_ci_low,bootstrap_ci_high
T0001,trend.ema_20_50_spread,ema_10_30,spot,15m,LONG,top50,96,REGISTERED,8925850,91165,91165,0.010213593103177848,0.9805049379050734,182330.0,-1.0,-1.0,0.45291504415071576,0.016821397411752856,-0.0037670392285776818,0.740799669341813,65.60014799672932,-1.0,589.4217653078201,1.1964376998380832,-0.0025605646356833016,0.046877184413376335
T0002,trend.ema_20_50_spread,ema_20_50,spot,15m,LONG,top50,96,REGISTERED,8925850,91165,91165,0.0102135931031778,0.9805049379050734,182330.0,-1.0,-1.0,0.4529150441507157,0.0168213974117528,-0.0037670392285776,0.740799669341813,65.60014799672932,-1.0,589.4217653078201,1.1964376998380832,-0.0025605646356833,0.0468771844133763
T0003,trend.ema_20_50_spread,ema_50_200,spot,15m,LONG,top50,96,REGISTERED,8925850,91165,91165,0.0102135931031778,0.9805049379050734,182330.0,-1.0,-1.0,0.4529150441507157,0.0168213974117528,-0.0037670392285776,0.740799669341813,65.60014799672932,-1.0,589.4217653078201,1.1964376998380832,-0.0025605646356833,0.0468771844133763
T0004,trend.ema_50_200_regime,ema_10_30,spot,15m,LONG,top50,96,REGISTERED,8925850,91165,91165,0.0102135931031778,0.9805049379050734,182330.0,-1.0,-1.0,0.4529150441507157,0.0168213974117528,-0.0037670392285776,0.740799669341813,65.60014799672932,-1.0,589.4217653078201,1.1964376998380832,-0.0025605646356833,0.0468771844133763
T0005,trend.ema_50_200_regime,ema_20_50,spot,15m,LONG,top50,96,REGISTERED,8925850,91165,91165,0.0102135931031778,0.9805049379050734,182330.0,-1.0,-1.0,0.4529150441507157,0.0168213974117528,-0.0037670392285776,0.740799669341813,65.60014799672932,-1.0,589.4217653078201,1.1964376998380832,-0.0025605646356833,0.0468771844133763
T0006,trend.ema_50_200_regime,ema_50_200,spot,15m,LONG,top50,96,REGISTERED,8925850,91165,91165,0.0102135931031778,0.9805049379050734,182330.0,-1.0,-1.0,0.4529150441507157,0.0168213974117528,-0.0037670392285776,0.740799669341813,65.60014799672932,-1.0,589.4217653078201,1.1964376998380832,-0.0025605646356833,0.0468771844133763
T0007,trend.ema_slope,default,spot,15m,LONG,top50,96,REGISTERED,8925850,91165,91165,0.0102135931031778,0.9805049379050734,182330.0,-1.0,-1.0,0.4529150441507157,0.0168213974117528,-0.0037670392285776,0.740799669341813,65.60014799672932,-1.0,589.4217653078201,1.1964376998380832,-0.0025605646356833,0.0468771844133763
T0008,trend.adx_dmi,adx14_threshold20,spot,15m,LONG,top50,96,REGISTERED,8925850,85062,85062,0.0095298486978831,0.9148654749967792,170124.0,-1.0,-1.0,0.4557734358467941,0.0132519696430891,-0.0036018055131178,0.5956415178611272,51.87681482366093,-1.0,464.3490162938425,0.9284914020064108,-0.0029368096430211,0.0449261701223902
T0009,trend.kaufman_er,er10_threshold0.3,spot,15m,LONG,top50,96,REGISTERED,8925850,88571,88571,0.0099229765232442,0.9526057462314512,177142.0,-1.0,-1.0,0.4543925212541351,0.0108117638239211,-0.0036334459459459,0.5587711453426891,42.25170772957821,-1.0,378.8442043901983,0.8887870887514944,-0.0032071031895693,0.0377684559299836
T0010,trend.donchian,donchian_20,spot,15m,LONG,top50,96,REGISTERED,8925850,80798,80798,0.0090521350907756,0.8690049687144642,161596.0,-1.0,-1.0,0.4569172504269908,0.0139226946852938,-0.0036925207756232,0.6161798435187972,53.450848034456,-1.0,487.8512217726976,0.9361372680335988,-0.0029092717245122,0.0467955052837084
T0011,trend.donchian,donchian_48,spot,15m,LONG,top50,96,REGISTERED,8925850,71164,71164,0.0079727981088635,0.7653886184509039,142328.0,-1.0,-1.0,0.4562981282671013,-0.0007765350535201,-0.0039034873022847,-0.8491272475654914,-2.959922670909336,-1.0,-27.209788275345915,-1.2404148955925836,-0.0030478754278386,0.001402197178559
T0012,trend.donchian,donchian_55,spot,15m,LONG,top50,96,REGISTERED,8925850,69182,69182,0.0077507464275111,0.7440716570410661,138364.0,-1.0,-1.0,0.4552051111560811,-0.0010791175121069,-0.003999700249829,-1.7462201405317006,-4.17773368735678,-1.0,-37.81227762422891,-2.470040050496128,-0.0032379687224718,0.001026867284026
T0013,momentum.roc,roc_6,spot,15m,LONG,top50,96,REGISTERED,8925850,91145,91145,0.0102113524202176,0.9802898323408976,182290.0,-1.0,-1.0,0.4522025344231719,0.0201153664072276,-0.0038033888401985,0.7976233900169796,78.34242848440596,-1.0,704.8424389092585,1.288321004276516,-0.0025828622870107,0.0540463828710877
T0014,momentum.roc,roc_12,spot,15m,LONG,top50,96,REGISTERED,8925850,91151,91151,0.0102120246251057,0.9803543640101504,182302.0,-1.0,-1.0,0.4517997608364143,0.0198035235091381,-0.0037980922710052,0.7930119387481199,77.17652390149995,-1.0,693.9154637602023,1.280897242905452,-0.0025817253967675,0.0535216980618523
T0015,momentum.roc,roc_24,spot,15m,LONG,top50,96,REGISTERED,8925850,91157,91157,0.0102126968299937,0.9804188956794032,182314.0,-1.0,-1.0,0.4529328521122898,0.0169591993274161,-0.0036988120195668,0.7409896265919794,66.10555564643111,-1.0,594.2503444326635,1.1966682900557064,-0.0025560751776582,0.0471823018359108
T0016,momentum.rsi,rsi_7_30_70,spot,15m,LONG,top50,96,REGISTERED,8925850,83735,83735,0.009381179383476,0.900593220813704,167470.0,-1.0,-1.0,0.4550546366513405,0.0128326944355354,-0.0037429420505201,0.5831910971716664,49.3903922777568,-1.0,449.6576130211628,0.9019159330777182,-0.0032553144307356,0.0442261704172271
T0017,momentum.rsi,rsi_14_30_70,spot,15m,LONG,top50,96,REGISTERED,8925850,62179,62179,0.0069661712890088,0.6687524437448534,124358.0,-1.0,-1.0,0.4616188745396355,-0.0006820219336896,-0.0038364312267656,-0.7388483575025054,-2.5876564626403016,-1.0,-23.898048556486334,-1.0194171912738734,-0.0029222764965102,0.0014943303385835
T0018,momentum.rsi,rsi_21_30_70,spot,15m,LONG,top50,96,REGISTERED,8925850,39198,39198,0.0043915145336298,0.4215853952284656,78396.0,9480.701391037532,-1.0,0.4786468697382519,0.0013017965008355,-0.0024426014877474,1.3037543879886384,4.85839570452215,-1.0,45.61494938927618,1.422994989342179,-0.0014837513225405,0.0040538855633253
T0019,volatility.atr_natr,natr14_filter,spot,15m,LONG,top50,96,REGISTERED,8925850,40224,40224,0.0045064615694863,0.4326203106706924,80448.0,2676240.131900456,-1.0,0.4830200875099443,0.0281849492015213,-0.0021817511679943,0.983015569869572,94.99662727770348,-1.0,987.6006200213094,1.0538776601264928,-0.0010502278964938,0.0887999863018176
T0020,volatility.bollinger_bandwidth,bb20_2s_filter,spot,15m,LONG,top50,96,REGISTERED,8925850,88976,88976,0.0099683503531876,0.9569616339060144,177952.0,-1.0,-1.0,0.4539313972307139,0.0121378439844558,-0.003696439458573,0.5741375978900147,47.404627755541775,-1.0,425.3100532153326,0.9153011900366158,-0.0029904271171554,0.041569824584962
T0021,volatility.realized_percentile,rv20_p100_filter,spot,15m,LONG,top50,96,REGISTERED,8925850,61971,61971,0.0069428681862231,0.6665153458774234,123942.0,-0.9999999999999412,-1.0,0.4619096028787658,0.0216753369956618,-0.0031999200319872,0.8987689476325327,83.28178009639527,-1.0,759.5038083279896,1.1958462984683995,-0.0013794277165615,0.0599645995451397
T0022,volume.rvol,rvol20_filter,spot,15m,LONG,top50,96,REGISTERED,8925850,80270,80270,0.0089929810606272,0.8633261818202188,160540.0,-1.0,-1.0,0.4531580914413853,0.0123704682160748,-0.0037705651881031,0.6037633767728614,48.03679079938559,-1.0,433.4612062912629,0.9143090651440856,-0.0031134434071429,0.0423703478556746
T0023,volume.vwap_deviation,vwap_dev20_reversal,spot,15m,LONG,top50,96,REGISTERED,8925850,91164,91164,0.0102134810690298,0.9804941826268648,182328.0,-1.0,-1.0,0.452930981527796,0.0168214840568574,-0.0037686395585282,0.7407994221051388,65.60011561566067,-1.0,589.4248013522841,1.1964307382380763,-0.0025610534681745,0.0468771844133763
T0024,orderflow.taker_ratio,ratio_sign,spot,15m,LONG,top50,96,REGISTERED,8925850,91139,91139,0.0102106802153296,0.9802253006716448,182278.0,-1.0,-1.0,0.4531978626054708,0.0164326218054476,-0.0037434944237919,0.7399039332139322,64.07939176204238,-1.0,575.7990680628848,1.1948697661790717,-0.0027043063965148,0.0461978196143447
T0025,orderflow.cvd,cvd_slope6_sign,spot,15m,LONG,top50,96,REGISTERED,8925850,91162,91162,0.0102132570007338,0.9804726720704472,182324.0,-1.0,-1.0,0.4529847962967026,0.0168219681338671,-0.0037690336316681,0.7408126142189043,65.60127200773273,-1.0,589.441763410704,1.196438926367711,-0.0025608288004655,0.0468771871387652
T0026,context.btc_regime,regime_follow,spot,15m,LONG,top50,96,REGISTERED,8925850,86129,86129,0.0096493891338079,0.9263413568455664,172258.0,-1.0,-1.0,0.4550499831647877,0.0176188752098559,-0.0037345739471105,0.7642776565152767,68.3746130815078,-1.0,617.365387353352,1.1998045188746975,-0.0027565196324969,0.0495709914989261
T0027,context.market_breadth,breadth_0.4_0.6,spot,15m,LONG,top50,96,REGISTERED,8925850,90774,90774,0.0101697877513065,0.9762996241254336,181548.0,-1.0,-1.0,0.4521228545618789,0.0275082394531518,-0.003859957431502,0.8322390573880396,106.93299561123769,-1.0,963.888710438441,1.341485035778283,-0.0024902943172277,0.0734975395409316
T0028,trend.ema_20_50_spread,ema_10_30,spot,1h,LONG,top50,24,REGISTERED,2231804,85873,85873,0.0384769451080829,0.9234466825939912,171746.0,-1.0,-1.0,0.4534952779104025,0.0125773615038588,-0.003635061759756,0.2948561322876324,24.539574089095566,-1.0,110.17768677380384,0.923595158161476,-0.0029163350855182,0.0425683590657794
T0029,trend.ema_20_50_spread,ema_20_50,spot,1h,LONG,top50,24,REGISTERED,2231804,85873,85873,0.0384769451080829,0.9234466825939912,171746.0,-1.0,-1.0,0.4534952779104025,0.0125773615038588,-0.003635061759756,0.2948561322876324,24.539574089095566,-1.0,110.17768677380384,0.923595158161476,-0.0029163350855182,0.0425683590657794
T0030,trend.ema_20_50_spread,ema_50_200,spot,1h,LONG,top50,24,REGISTERED,2231804,85873,85873,0.0384769451080829,0.9234466825939912,171746.0,-1.0,-1.0,0.4534952779104025,0.0125773615038588,-0.003635061759756,0.2948561322876324,24.539574089095566,-1.0,110.17768677380384,0.923595158161476,-0.0029163350855182,0.0425683590657794
T0031,trend.ema_50_200_regime,ema_10_30,spot,1h,LONG,top50,24,REGISTERED,2231804,85873,85873,0.0384769451080829,0.9234466825939912,171746.0,-1.0,-1.0,0.4534952779104025,0.0125773615038588,-0.003635061759756,0.2948561322876324,24.539574089095566,-1.0,110.17768677380384,0.923595158161476,-0.0029163350855182,0.0425683590657794
T0032,trend.ema_50_200_regime,ema_20_50,spot,1h,LONG,top50,24,REGISTERED,2231804,85873,85873,0.0384769451080829,0.9234466825939912,171746.0,-1.0,-1.0,0.4534952779104025,0.0125773615038588,-0.003635061759756,0.2948561322876324,24.539574089095566,-1.0,110.17768677380384,0.923595158161476,-0.0029163350855182,0.0425683590657794
T0033,trend.ema_50_200_regime,ema_50_200,spot,1h,LONG,top50,24,REGISTERED,2231804,85873,85873,0.0384769451080829,0.9234466825939912,171746.0,-1.0,-1.0,0.4534952779104025,0.0125773615038588,-0.003635061759756,0.2948561322876324,24.539574089095566,-1.0,110.17768677380384,0.923595158161476,-0.0029163350855182,0.0425683590657794
T0034,trend.ema_slope,default,spot,1h,LONG,top50,24,REGISTERED,2231804,85873,85873,0.0384769451080829,0.9234466825939912,171746.0,-1.0,-1.0,0.4534952779104025,0.0125773615038588,-0.003635061759756,0.2948561322876324,24.539574089095566,-1.0,110.17768677380384,0.923595158161476,-0.0029163350855182,0.0425683590657794
T0035,trend.adx_dmi,adx14_threshold20,spot,1h,LONG,top50,24,REGISTERED,2231804,71060,71060,0.0318397135232305,0.7641531245575328,142120.0,-1.0,-1.0,0.4599352659724177,0.0154513264190649,-0.0034390779574962,0.329504291010748,29.964687100280138,-1.0,135.35361943100924,0.9387048527023728,-0.0028381471301734,0.0513841661835599
T0036,trend.kaufman_er,er10_threshold0.3,spot,1h,LONG,top50,24,REGISTERED,2231804,77881,77881,0.0348959854897652,0.8375036517543655,155762.0,-1.0,-1.0,0.4539489734338285,-0.0010408997466049,-0.0038027292795504,-0.6962633528121575,-2.0273552952298965,-1.0,-9.118281780259784,-2.141567137587965,-0.0032855135180071,0.0009870433599872
T0037,trend.donchian,donchian_20,spot,1h,LONG,top50,24,REGISTERED,2231804,56400,56400,0.0252710363454855,0.6065048722916528,112800.0,-1.0,-1.0,0.4614361702127659,0.0185670562380131,-0.0035087146579824,0.3768245404754216,35.94900273219883,-1.0,162.6474126449954,0.9563730944008736,-0.002767553088612,0.0608636715151923
T0038,trend.donchian,donchian_48,spot,1h,LONG,top50,24,REGISTERED,2231804,38541,38541,0.0172689895707687,0.4144557496984502,77082.0,-0.9999999999931252,-1.0,0.4684362107885109,2.6576443964140317e-05,-0.003,0.0183308578746934,0.0501411488215442,-1.0,0.2328096491258691,0.0397532128667156,-0.0023998358779531,0.002550757183347
T0039,trend.donchian,donchian_55,spot,1h,LONG,top50,24,REGISTERED,2231804,35992,35992,0.0161268641869985,0.387044740487964,71984.0,-0.9999999999999996,-1.0,0.4676594798844187,-0.0002014880288309,-0.003144440807433,-0.1354602683126475,-0.3765110898318091,-1.0,-1.76503513255899,-0.2836887906185097,-0.0026405340624162,0.0024007271289479
T0040,momentum.roc,roc_6,spot,1h,LONG,top50,24,REGISTERED,2231804,85850,85850,0.0384666395436158,0.92319934904678,171700.0,-1.0,-1.0,0.4520559114735002,0.01308776102059,-0.0037316361886058,0.2983227726977656,25.58642613502716,-1.0,114.64878654036876,0.9343224401547484,-0.0028652326875458,0.0441099301568531
T0041,momentum.roc,roc_12,spot,1h,LONG,top50,24,REGISTERED,2231804,85858,85858,0.0384702240877783,0.9232853781066797,171716.0,-1.0,-1.0,0.4515246104032239,0.0125612811120175,-0.0037485719289478,0.2944525808463454,24.514634886393274,-1.0,110.03682254127348,0.922250111339518,-0.0029367040757462,0.0426199457089062
T0042,momentum.roc,roc_24,spot,1h,LONG,top50,24,REGISTERED,2231804,85861,85861,0.0384715682918392,0.923317639004142,171722.0,-1.0,-1.0,0.4528016212250032,0.0126773506633746,-0.0037409544171629,0.295454384619095,24.717233959073084,-1.0,111.05359181116232,0.9253982880546342,-0.0029331393353096,0.0428468982621089
T0043,momentum.rsi,rsi_7_30_70,spot,1h,LONG,top50,24,REGISTERED,2231804,64830,64830,0.029048249756699,0.6971579941607775,129660.0,-1.0,-1.0,0.4603424340583063,-0.0012694674685977,-0.0034620844090456,-1.2790895992474856,-2.4399187266183664,-1.0,-11.120535024916016,-3.4912131033653253,-0.0033205744182893,0.0007703955959831
T0044,momentum.rsi,rsi_14_30_70,spot,1h,LONG,top50,24,REGISTERED,2231804,32005,32005,0.0143404169900224,0.3441700077605381,64010.0,-0.99999999999697,-1.0,0.4758943915013279,-0.0006000899992753,-0.0026118244252016,-0.6918588972670392,-1.1050353748724655,-1.0,-5.256788393651958,-1.225570046537925,-0.0035657461409028,0.0023007158159552
T0045,momentum.rsi,rsi_21_30_70,spot,1h,LONG,top50,24,REGISTERED,2231804,15600,15600,0.0069898611168364,0.1677566668040742,31200.0,1043.892899213993,-1.0,0.4825,0.0010728017879378,-0.0019863668875162,1.161153506924415,1.9013756357443503,-1.0,9.39774366233584,1.429352316026362,-0.0034985539093089,0.0055303443058241
T0046,volatility.atr_natr,natr14_filter,spot,1h,LONG,top50,24,REGISTERED,2231804,26455,26455,0.0118536394773017,0.2844873474552425,52910.0,6676901711778653.0,-1.0,0.4872802872802872,0.007752259561705,-0.0018824685159829,0.9854617545544893,12.319877634440054,-1.0,67.90979376053582,1.7456921482219463,0.0015810736673388,0.0178521858095096
T0047,volatility.bollinger_bandwidth,bb20_2s_filter,spot,1h,LONG,top50,24,REGISTERED,2231804,79013,79013,0.0354031984887561,0.8496767637301483,158026.0,-1.0,-1.0,0.4530899978484553,0.0135165321274213,-0.0038237097931754,0.3280266272282537,25.93169145247949,-1.0,118.40482143621104,0.9859298897155756,-0.0027248706312967,0.043393713269915
T0048,volatility.realized_percentile,rv20_p100_filter,spot,1h,LONG,top50,24,REGISTERED,2231804,30116,30116,0.0134940164996567,0.3238563959917627,60232.0,727641797.0553783,-1.0,0.4751294992694913,0.0576568694789305,-0.0023872546719015,0.7422969132172171,103.38723079380468,-1.0,505.074176635432,1.3785000792515685,0.0004321605324579,0.1471002536246634
T0049,volume.rvol,rvol20_filter,spot,1h,LONG,top50,24,REGISTERED,2231804,54763,54763,0.024537548996238,0.5889011759097125,109526.0,-0.9999999999999974,-1.0,0.4588316929313588,0.021830970967766,-0.0033999600039995,0.3999964391168734,42.41934633734963,-1.0,191.23930567763097,1.0003989616935276,-0.0020542515753597,0.0698360952989799
T0050,volume.vwap_deviation,vwap_dev20_reversal,spot,1h,LONG,top50,24,REGISTERED,2231804,85873,85873,0.0384769451080829,0.9234466825939912,171746.0,-1.0,-1.0,0.4534952779104025,0.0125773615038588,-0.003635061759756,0.2948561322876324,24.539574089095566,-1.0,110.17768677380384,0.923595158161476,-0.0029163350855182,0.0425683590657794
T0051,orderflow.taker_ratio,ratio_sign,spot,1h,LONG,top50,24,REGISTERED,2231804,85866,85866,0.0384738086319408,0.9233714071665792,171732.0,-1.0,-1.0,0.453206158432907,0.0129006365754222,-0.0036835269993165,0.2954506536668327,25.16756024649587,-1.0,113.00957640069927,0.9253923633911588,-0.0029389620382623,0.0436237773358612
T0052,orderflow.cvd,cvd_slope6_sign,spot,1h,LONG,top50,24,REGISTERED,2231804,85873,85873,0.0384769451080829,0.9234466825939912,171746.0,-1.0,-1.0,0.4534719877027703,0.012577356548304,-0.0036331310155056,0.2948560161154532,24.53956662841482,-1.0,110.1776433631431,0.923594794182144,-0.0029163403604477,0.0425683589407241
T0053,context.btc_regime,regime_follow,spot,1h,LONG,top50,24,REGISTERED,2231804,83702,83702,0.0375041894359899,0.9001005464637576,167404.0,-1.0,-1.0,0.4511600678597883,0.0123034997498736,-0.0039675858732463,0.3061208284411083,23.7257671278164,-1.0,107.77865780889312,0.9467666044879482,-0.0027662536565211,0.0412267868047658
T0054,trend.ema_20_50_spread,ema_10_30,spot,4h,LONG,top50,6,REGISTERED,558567,69880,69880,0.1251058512228613,0.7506351073371681,139760.0,-1.0,-1.0,0.4519032627361191,0.0131178699991509,-0.0038499432890828,0.1554625324136968,12.94978480804152,-1.0,28.728135298140494,0.8798224362674821,-0.0032204885966709,0.0460279972876588
T0055,trend.ema_20_50_spread,ema_20_50,spot,4h,LONG,top50,6,REGISTERED,558567,69880,69880,0.1251058512228613,0.7506351073371681,139760.0,-1.0,-1.0,0.4519032627361191,0.0131178699991509,-0.0038499432890828,0.1554625324136968,12.94978480804152,-1.0,28.728135298140494,0.8798224362674821,-0.0032204885966709,0.0460279972876588
T0056,trend.ema_20_50_spread,ema_50_200,spot,4h,LONG,top50,6,REGISTERED,558567,69865,69865,0.1250789967900001,0.7504739807400007,139730.0,-1.0,-1.0,0.4517569598511415,0.0131091682941292,-0.0038911596958175,0.1553427587462532,12.950484933687296,-1.0,28.70907856414316,0.8790507795522627,-0.0032764288468129,0.0460054420268095
T0057,trend.ema_50_200_regime,ema_10_30,spot,4h,LONG,top50,6,REGISTERED,558567,69880,69880,0.1251058512228613,0.7506351073371681,139760.0,-1.0,-1.0,0.4519032627361191,0.0131178699991509,-0.0038499432890828,0.1554625324136968,12.94978480804152,-1.0,28.728135298140494,0.8798224362674821,-0.0032204885966709,0.0460279972876588
T0058,trend.ema_50_200_regime,ema_20_50,spot,4h,LONG,top50,6,REGISTERED,558567,69880,69880,0.1251058512228613,0.7506351073371681,139760.0,-1.0,-1.0,0.4519032627361191,0.0131178699991509,-0.0038499432890828,0.1554625324136968,12.94978480804152,-1.0,28.728135298140494,0.8798224362674821,-0.0032204885966709,0.0460279972876588
T0059,trend.ema_50_200_regime,ema_50_200,spot,4h,LONG,top50,6,REGISTERED,558567,69865,69865,0.1250789967900001,0.7504739807400007,139730.0,-1.0,-1.0,0.4517569598511415,0.0131091682941292,-0.0038911596958175,0.1553427587462532,12.950484933687296,-1.0,28.70907856414316,0.8790507795522627,-0.0032764288468129,0.0460054420268095
T0060,trend.ema_slope,default,spot,4h,LONG,top50,6,REGISTERED,558567,69880,69880,0.1251058512228613,0.7506351073371681,139760.0,-1.0,-1.0,0.4519032627361191,0.0131178699991509,-0.0038499432890828,0.1554625324136968,12.94978480804152,-1.0,28.728135298140494,0.8798224362674821,-0.0032204885966709,0.0460279972876588
T0061,trend.adx_dmi,adx14_threshold20,spot,4h,LONG,top50,6,REGISTERED,558567,50725,50725,0.0908127404590675,0.5448764427544055,101450.0,-1.0,-1.0,0.4570330211927058,0.0228660278766407,-0.0037552870090634,0.2057963448894712,21.783635548320675,-1.0,50.07660104984328,0.9908626515120932,-0.0024460827814061,0.0730121615331106
T0062,trend.kaufman_er,er10_threshold0.3,spot,4h,LONG,top50,6,REGISTERED,558567,53031,53031,0.094941161937601,0.5696469716256063,106062.0,-1.0,-1.0,0.4604288057928381,-0.0011602985245362,-0.0032658160552897,-0.6339698297486591,-1.1389175430792695,-1.0,-2.541053768734419,-3.079865515985244,-0.0032714782007484,0.0009995385746673
T0063,trend.donchian,donchian_20,spot,4h,LONG,top50,6,REGISTERED,558567,24403,24403,0.0436885816741769,0.2621314900450617,48806.0,10723.720806236504,-1.0,0.4726468057206081,0.0128904995900354,-0.0028881056282868,0.3105890455483656,12.539155439362776,-1.0,28.230194102177546,1.0426629797821116,-0.0010581159346403,0.0395926609798063
T0064,trend.donchian,donchian_48,spot,4h,LONG,top50,6,REGISTERED,558567,14464,14464,0.0258948344603243,0.1553690067619462,28928.0,-0.9600658330187848,-1.0,0.4781526548672566,0.0214762894120805,-0.0024943196782301,0.3985082169344869,18.844245621526014,-1.0,47.03307381245634,1.029227298442404,-0.0012225847385809,0.0672367518023389
T0065,trend.donchian,donchian_55,spot,4h,LONG,top50,6,REGISTERED,558567,13365,13365,0.023927299679358,0.1435637980761484,26730.0,-0.6494842067235798,-1.0,0.4780396558174336,0.0234968014324095,-0.0025366079703429,0.4191198648614144,20.35203288766476,-1.0,51.457995136976905,1.0402406084788354,-0.0010938507165188,0.0729782608609926
T0066,momentum.roc,roc_6,spot,4h,LONG,top50,6,REGISTERED,558567,69843,69843,0.1250396102884703,0.750237661730822,139686.0,-1.0,-1.0,0.4525721976432856,0.0013291905979037,-0.0038106355382621,0.0724625517110373,1.313208554212561,-1.0,2.910927409409262,0.4129708224000945,-0.0032764540598626,0.0088592457104918
T0067,momentum.roc,roc_12,spot,4h,LONG,top50,6,REGISTERED,558567,69855,69855,0.1250610938347593,0.7503665630085559,139710.0,-1.0,-1.0,0.4531243289671462,0.0286039823815023,-0.0038123476848093,0.2358526576765443,28.25712354015652,-1.0,62.64272141549019,1.3338875933809606,-0.0029090744650014,0.0760925711378132
T0068,momentum.roc,roc_24,spot,4h,LONG,top50,6,REGISTERED,558567,69862,69862,0.1250736259034278,0.7504417554205672,139724.0,-1.0,-1.0,0.4524348000343534,0.0132433322546339,-0.0038328964364799,0.1569293010867901,13.146696445803997,-1.0,29.00289763764825,0.888010891424793,-0.00308872738868,0.0460413577669352
T0069,momentum.rsi,rsi_7_30_70,spot,4h,LONG,top50,6,REGISTERED,558567,34753,34753,0.0622181403484273,0.3733088420905638,69506.0,47.87963066631038,-1.0,0.4723908727304117,0.0402188837992744,-0.0025938261575954,0.3046909235079486,39.40000005367936,-1.0,88.0793555204111,1.214731134581874,-0.0011376521691495,0.110637418409768
T0070,momentum.rsi,rsi_14_30_70,spot,4h,LONG,top50,6,REGISTERED,558567,13952,13952,0.0249782031519943,0.1498692189119658,27904.0,61877705809.5854,-0.999999970896608,0.4810779816513761,0.1037658114879754,-0.0020890963490308,0.4704394924744271,90.62247678466598,-0.9999999989157172,227.24712740506635,1.188573519864044,0.0004627448580372,0.2937599223057935
T0071,momentum.rsi,rsi_21_30_70,spot,4h,LONG,top50,6,REGISTERED,558567,6737,6737,0.0120612209457415,0.072367325674449,13474.0,8315849615.2948,11.439362464173293,0.4922072138934243,0.0055273300323925,-0.0013564013840831,2.4318231768216405,4.427647679476755,-0.9999947498680598,12.10491632334756,4.332901801780019,-0.00112806526811,0.0130711779526999
T0072,volatility.atr_natr,natr14_filter,spot,4h,LONG,top50,6,REGISTERED,558567,17426,17426,0.0311976898026557,0.1871861388159343,34852.0,1950040.2149412264,-1.0,0.4891541374956961,1.5931119237280824,-0.0016053488924225,0.3550803166456131,1207.6587545218886,-1.0,3488.9151129645006,1.0020382189092572,-5.816220751111189e-05,5.271267277866813
T0073,volatility.bollinger_bandwidth,bb20_2s_filter,spot,4h,LONG,top50,6,REGISTERED,558567,53011,53011,0.0949053560271194,0.5694321361627164,106022.0,-1.0,-1.0,0.4563769783629812,0.0249474980989362,-0.0037000962632363,0.2333991541313018,24.211296740268267,-1.0,54.63502083667035,1.1494061964674194,-0.0025875649129669,0.071360425818782
T0074,volatility.realized_percentile,rv20_p100_filter,spot,4h,LONG,top50,6,REGISTERED,558567,18018,18018,0.0322575447529123,0.1935452685174741,36036.0,-0.9999998453173649,-1.0,0.4738594738594738,1.5382135225143532,-0.0027070835335301,0.3486189178021656,1257.9165911162618,-1.0,3368.6876143064333,1.0003741058966356,-0.0030058516707417,4.921243775309607
T0075,volume.rvol,rvol20_filter,spot,4h,LONG,top50,6,REGISTERED,558567,20737,20737,0.0371253582828917,0.2227521496973505,41474.0,-0.9999999999988056,-1.0,0.4594203597434537,0.0141176207891317,-0.0036989515726412,0.3135492730242856,12.77384489744832,-1.0,30.91758952819844,0.9695627014383936,-0.002215527794486,0.0475217626928823
T0076,volume.vwap_deviation,vwap_dev20_reversal,spot,4h,LONG,top50,6,REGISTERED,558567,69880,69880,0.1251058512228613,0.7506351073371681,139760.0,-1.0,-1.0,0.4519032627361191,0.0131178699991509,-0.0038499432890828,0.1554625324136968,12.94978480804152,-1.0,28.728135298140494,0.8798224362674821,-0.0032204885966709,0.0460279972876588
T0077,orderflow.taker_ratio,ratio_sign,spot,4h,LONG,top50,6,REGISTERED,558567,69878,69878,0.1251022706318132,0.7506136237908791,139756.0,-1.0,-1.0,0.4518875754887089,0.0131184456470698,-0.0038474255381238,0.1554671297723099,12.950172629599193,-1.0,28.72939596708288,0.8798358682619001,-0.0032204831874003,0.0460295464046558
T0078,orderflow.cvd,cvd_slope6_sign,spot,4h,LONG,top50,6,REGISTERED,558567,69880,69880,0.1251058512228613,0.7506351073371681,139760.0,-1.0,-1.0,0.4519032627361191,0.0131178699991509,-0.0038499432890828,0.1554625324136968,12.94978480804152,-1.0,28.728135298140494,0.8798224362674821,-0.0032204885966709,0.0460279972876588
T0079,context.btc_regime,regime_follow,spot,4h,LONG,top50,6,REGISTERED,558567,68764,68764,0.1231078814179856,0.738647288507914,137528.0,-1.0,-1.0,0.4567797103135361,0.00259748179306,-0.0035506575238983,0.1049312050020877,2.566710709256858,-1.0,5.688485126801539,0.5916446561339582,-0.0031246613006976,0.0126399732685761
T0080,context.market_breadth,breadth_0.4_0.6,spot,4h,LONG,top50,6,REGISTERED,558567,66875,66875,0.1197260131729944,0.7183560790379668,133750.0,-1.0,-1.0,0.4474915887850467,0.0312393028859546,-0.0043194998761092,0.241185137406451,31.47422023441766,-1.0,68.41407332024076,1.334245107357968,-0.0032861151948164,0.0821339082268559
T0081,trend.ema_20_50_spread,ema_10_30,um,15m,LONG,top50,96,REGISTERED,6367589,65066,65066,0.0102183102584039,0.980957784806777,130132.0,-1.0,-1.0,0.4764393077797928,-0.0002278351455893,-0.0021652802562425,-0.5751394551700132,-0.8864203914939927,-1.0,-7.983343501449096,-0.7629083410983338,-0.0032158536610479,0.0027242468550235
T0082,trend.ema_20_50_spread,ema_20_50,um,15m,LONG,top50,96,REGISTERED,6367589,65041,65041,0.0102143841256086,0.9805808760584264,130082.0,-1.0,-1.0,0.4766224381543949,-0.0002271678108103,-0.0021849963758389,-0.5733447395664995,-0.8836545177369277,-1.0,-7.959960090793301,-0.76038059884173,-0.0032163224397583,0.0027264624580429
T0083,trend.ema_20_50_spread,ema_50_200,um,15m,LONG,top50,96,REGISTERED,6367589,65066,65066,0.0102183102584039,0.980957784806777,130132.0,-1.0,-1.0,0.4764393077797928,-0.0002278351455893,-0.0021652802562425,-0.5751394551700132,-0.8864203914939927,-1.0,-7.983343501449096,-0.7629083410983338,-0.0032158536610479,0.0027242468550235
T0084,trend.ema_50_200_regime,ema_10_30,um,15m,LONG,top50,96,REGISTERED,6367589,65066,65066,0.0102183102584039,0.980957784806777,130132.0,-1.0,-1.0,0.4764393077797928,-0.0002278351455893,-0.0021652802562425,-0.5751394551700132,-0.8864203914939927,-1.0,-7.983343501449096,-0.7629083410983338,-0.0032158536610479,0.0027242468550235
T0085,trend.ema_50_200_regime,ema_20_50,um,15m,LONG,top50,96,REGISTERED,6367589,65041,65041,0.0102143841256086,0.9805808760584264,130082.0,-1.0,-1.0,0.4766224381543949,-0.0002271678108103,-0.0021849963758389,-0.5733447395664995,-0.8836545177369277,-1.0,-7.959960090793301,-0.76038059884173,-0.0032163224397583,0.0027264624580429
T0086,trend.ema_50_200_regime,ema_50_200,um,15m,LONG,top50,96,REGISTERED,6367589,65066,65066,0.0102183102584039,0.980957784806777,130132.0,-1.0,-1.0,0.4764393077797928,-0.0002278351455893,-0.0021652802562425,-0.5751394551700132,-0.8864203914939927,-1.0,-7.983343501449096,-0.7629083410983338,-0.0032158536610479,0.0027242468550235
T0087,trend.ema_slope,default,um,15m,LONG,top50,96,REGISTERED,6367589,64999,64999,0.0102077882225124,0.9799476693611978,129998.0,-1.0,-1.0,0.4769304143140663,-0.0002261976581626,-0.0022146515389652,-0.5707119077386834,-0.8795969761939003,-1.0,-7.925965942018906,-0.7566786666565672,-0.0032181272972429,0.0027270187385178
T0088,trend.adx_dmi,adx14_threshold20,um,15m,LONG,top50,96,REGISTERED,6367589,60919,60919,0.0095670433503167,0.9184361616304068,121838.0,-1.0,-1.0,0.4791772681757744,9.411820644173818e-06,-0.002,0.0234554363555535,0.0367985623756515,-1.0,0.3297901953718506,0.0302021468829323,-0.002833721133541,0.0029780604821641
T0089,trend.kaufman_er,er10_threshold0.3,um,15m,LONG,top50,96,REGISTERED,6367589,63192,63192,0.0099240073440669,0.9527047050304284,126384.0,-1.0,-1.0,0.4786365362704139,7.41053597947111e-05,-0.001977830084364,0.1808300649496069,0.2920169798296823,-1.0,2.5966518072066767,0.238772701677845,-0.002914254588328,0.0029766805794556
T0090,trend.donchian,donchian_20,um,15m,LONG,top50,96,REGISTERED,6367589,57817,57817,0.0090798887930737,0.8716693241350847,115634.0,-1.0,-1.0,0.4822284103291419,0.000126100966455,-0.0017319667545752,0.3184085876270026,0.4873496503011044,-1.0,4.4185778645854334,0.3963253654006389,-0.0027740297963945,0.0030431210946893
T0091,trend.donchian,donchian_48,um,15m,LONG,top50,96,REGISTERED,6367589,51019,51019,0.0080122947633711,0.7691802972836344,102038.0,-1.0,-1.0,0.4808208706560301,7.929516463582038e-05,-0.0020586478974266,0.1990430746716599,0.3032625018689184,-1.0,2.778502568839146,0.2290203924922825,-0.0028343605405713,0.0029857926924887
T0092,trend.donchian,donchian_55,um,15m,LONG,top50,96,REGISTERED,6367589,49665,49665,0.0077996554111768,0.7487669194729748,99330.0,-1.0,-1.0,0.480338266384778,0.0002370218578128,-0.0021017138423726,0.5887260330951891,0.9155228373801976,-1.0,8.305245897761282,0.6731119133075854,-0.0026715811482194,0.0031013415196637
T0093,momentum.roc,roc_6,um,15m,LONG,top50,96,REGISTERED,6367589,64983,64983,0.0102052754975234,0.9797064477622536,129966.0,-1.0,-1.0,0.4759552498345721,-0.0001783803376858,-0.00224582,-0.4502598279060035,-0.6948483338143079,-1.0,-6.250447032511178,-0.5984422406242821,-0.003141805096416,0.0027273148573766
T0094,momentum.roc,roc_12,um,15m,LONG,top50,96,REGISTERED,6367589,64985,64985,0.0102055895881471,0.9797366004621216,129970.0,-1.0,-1.0,0.4765253520043087,-0.0001552332533221,-0.0021768717215068,-0.3906163432025413,-0.6041498167223465,-1.0,-5.439373196406859,-0.5185663389159795,-0.0030944636559897,0.0027556046713772
T0095,momentum.roc,roc_24,um,15m,LONG,top50,96,REGISTERED,6367589,64990,64990,0.0102063748147061,0.9798119822117916,129980.0,-1.0,-1.0,0.4768733651330974,-0.0001699895343096,-0.0021992434436017,-0.4289261009343219,-0.6613618976182287,-1.0,-5.95643328220879,-0.5687492647051683,-0.0031432024122567,0.0027717573271776
T0096,momentum.rsi,rsi_7_30_70,um,15m,LONG,top50,96,REGISTERED,6367589,59962,59962,0.009416750986912,0.904008094743552,119924.0,-1.0,-1.0,0.4784363430172442,1.1986409257217916e-05,-0.0020311293257077,0.0299191878324273,0.0464918482468169,-1.0,0.4200037803729157,0.0383944582080982,-0.0028825917112265,0.0029244944865001
T0097,momentum.rsi,rsi_14_30_70,um,15m,LONG,top50,96,REGISTERED,6367589,44667,44667,0.007014742942737,0.6734153225027557,89334.0,-0.9999999999979864,-1.0,0.4878769561421183,0.0006982340974152,-0.0013250540987614,1.7182417297481145,2.6735754539855936,-1.0,24.466122773430676,1.8486708745246512,-0.0024349284144556,0.0037950942211186
T0098,momentum.rsi,rsi_21_30_70,um,15m,LONG,top50,96,REGISTERED,6367589,27946,27946,0.0043887882839171,0.4213236752560506,55892.0,4958260627104.726,-0.9999999099755088,0.5017175982251485,0.0025437813792511,0.0002176624479379,5.946212492137079,9.506868416106252,-0.999999999997784,89.13409952915863,4.93227569627543,-0.0009907713633405,0.0063763856731705
T0099,volatility.atr_natr,natr14_filter,um,15m,LONG,top50,96,REGISTERED,6367589,27672,27672,0.0043457578684805,0.4171927553741298,55344.0,5.691218099554278e+17,4.242494197245299,0.5028187337380746,0.0039936656236649,0.0004007165414433,8.408351150482638,13.33665892096144,-0.99999994678468,139.93805090006953,7.30128784920006,-0.0009167226674183,0.0082559983314753
T0100,volatility.bollinger_bandwidth,bb20_2s_filter,um,15m,LONG,top50,96,REGISTERED,6367589,63455,63455,0.0099653102610736,0.9566697850630748,126910.0,-1.0,-1.0,0.4792057363485935,-0.0001753361540928,-0.0020082614056719,-0.4463329810746506,-0.6836497908144014,-1.0,-6.143778839414692,-0.584665130817582,-0.0030753054918653,0.0027807252289905
T0101,volatility.realized_percentile,rv20_p100_filter,um,15m,LONG,top50,96,REGISTERED,6367589,44672,44672,0.0070155281692961,0.6734907042524259,89344.0,-0.9999923024249128,-1.0,0.4907772206303725,0.0011300052093375,-0.0009629361915129,2.7936960610309454,4.344129191479983,-1.0,39.59538253518823,2.9963857843513844,-0.0020922758552258,0.0045934598016351
T0102,volume.rvol,rvol20_filter,um,15m,LONG,top50,96,REGISTERED,6367589,55752,55752,0.0087555902241806,0.8405366615213388,111504.0,-1.0,-1.0,0.4801262734969149,0.0001438899187345,-0.0019456479494777,0.3645444252939053,0.5682465547674135,-1.0,5.041902752457616,0.4400967976962341,-0.0026764006808626,0.0029868884259628
T0103,volume.vwap_deviation,vwap_dev20_reversal,um,15m,LONG,top50,96,REGISTERED,6367589,64992,64992,0.0102066889053297,0.9798421349116596,129984.0,-1.0,-1.0,0.4769817823732151,-0.0002260250735923,-0.0022202670667081,-0.5702457712124868,-0.8788786001581688,-1.0,-7.919918578675633,-0.7560252544300757,-0.0032183245848116,0.002727380252539
T0104,orderflow.taker_ratio,ratio_sign,um,15m,LONG,top50,96,REGISTERED,6367589,64990,64990,0.0102063748147061,0.9798119822117916,129980.0,-1.0,-1.0,0.4769656870287737,-0.0002398364996233,-0.0022341897837816,-0.6050390814945784,-0.9323390208839368,-1.0,-8.403870946801165,-0.802275895944366,-0.0032298835650835,0.0027188088457392
T0105,orderflow.cvd,cvd_slope6_sign,um,15m,LONG,top50,96,REGISTERED,6367589,64990,64990,0.0102063748147061,0.9798119822117916,129980.0,-1.0,-1.0,0.4770733959070626,-0.000225957945314,-0.0022141817222303,-0.5700793981976534,-0.8786263570688421,-1.0,-7.917566403804309,-0.7559040404770433,-0.0032067401282835,0.0027225660684693
T0106,context.btc_regime,regime_follow,um,15m,LONG,top50,96,REGISTERED,6367589,61315,61315,0.0096292332937945,0.9244063962042776,122630.0,-1.0,-1.0,0.4828345429340292,-5.286197736995055e-05,-0.0017,-0.1330567690736976,-0.2046980983556671,-1.0,-1.8522836870430672,-0.169057582119184,-0.0031627404657352,0.0029766149584648
T0107,context.market_breadth,breadth_0.4_0.6,um,15m,LONG,top50,96,REGISTERED,6367589,64911,64911,0.0101939682350729,0.9786209505670044,129822.0,-1.0,-1.0,0.4772534701360324,-7.858011157739038e-05,-0.00202072,-0.1993021653647419,-0.3066609085188703,-1.0,-2.7534471096717588,-0.2641413205514773,-0.0029639088463943,0.0028737289451868
T0108,derivatives.funding,funding_sign,um,15m,LONG,top50,96,REGISTERED,6367589,63937,63937,0.0100410061013674,0.9639365857312712,127874.0,-1.0,-1.0,0.4768131129080188,-0.0001696186857455,-0.0021579650897343,-0.4271751144096037,-0.6594858084321283,-1.0,-5.943438748525439,-0.5618593536836347,-0.0031950356760312,0.0027613481383668
T0109,derivatives.funding_zscore,z90_extreme,um,15m,LONG,top50,96,REGISTERED,6367589,4230,4230,0.0006643016689676,0.0637729602208936,8460.0,-0.9916429838675592,-0.99999840336186,0.4773049645390071,0.0001658695484234,-0.0027659977520076,0.3873184884524059,0.5771347105805833,-0.9999998722001466,5.81206971954062,0.1434346599542053,-0.0032295941838582,0.0037169570602769
T0110,trend.ema_20_50_spread,ema_10_30,um,1h,LONG,top50,24,REGISTERED,1591936,61262,61262,0.038482702822224,0.9235848677333762,122524.0,-1.0,-1.0,0.4758741144592079,-0.0001357391041161,-0.0022379193067015,-0.1548768011005215,-0.2648030828563232,-1.0,-1.1890745520574937,-0.4063217212666499,-0.0029227846734682,0.0028228324300622
T0111,trend.ema_20_50_spread,ema_20_50,um,1h,LONG,top50,24,REGISTERED,1591936,61250,61250,0.0384751648307469,0.9234039559379272,122500.0,-1.0,-1.0,0.4759673469387755,-0.0001354326366753,-0.002252038579738,-0.1545119955518261,-0.2641793738211082,-1.0,-1.186389897275856,-0.4053251613297603,-0.0029232495381553,0.0028229268394593
T0112,trend.ema_20_50_spread,ema_50_200,um,1h,LONG,top50,24,REGISTERED,1591936,61262,61262,0.038482702822224,0.9235848677333762,122524.0,-1.0,-1.0,0.4758741144592079,-0.0001357391041161,-0.0022379193067015,-0.1548768011005215,-0.2648030828563232,-1.0,-1.1890745520574937,-0.4063217212666499,-0.0029227846734682,0.0028228324300622
T0113,trend.ema_50_200_regime,ema_10_30,um,1h,LONG,top50,24,REGISTERED,1591936,61262,61262,0.038482702822224,0.9235848677333762,122524.0,-1.0,-1.0,0.4758741144592079,-0.0001357391041161,-0.0022379193067015,-0.1548768011005215,-0.2648030828563232,-1.0,-1.1890745520574937,-0.4063217212666499,-0.0029227846734682,0.0028228324300622
T0114,trend.ema_50_200_regime,ema_20_50,um,1h,LONG,top50,24,REGISTERED,1591936,61250,61250,0.0384751648307469,0.9234039559379272,122500.0,-1.0,-1.0,0.4759673469387755,-0.0001354326366753,-0.002252038579738,-0.1545119955518261,-0.2641793738211082,-1.0,-1.186389897275856,-0.4053251613297603,-0.0029232495381553,0.0028229268394593
T0115,trend.ema_50_200_regime,ema_50_200,um,1h,LONG,top50,24,REGISTERED,1591936,61262,61262,0.038482702822224,0.9235848677333762,122524.0,-1.0,-1.0,0.4758741144592079,-0.0001357391041161,-0.0022379193067015,-0.1548768011005215,-0.2648030828563232,-1.0,-1.1890745520574937,-0.4063217212666499,-0.0029227846734682,0.0028228324300622
T0116,trend.ema_slope,default,um,1h,LONG,top50,24,REGISTERED,1591936,61219,61219,0.0384556916860979,0.9229366004663504,122438.0,-1.0,-1.0,0.4762083666835459,-0.0001345652329564,-0.0022767232747734,-0.1534835560911568,-0.2624210528931908,-1.0,-1.1787914406989046,-0.4025589496348151,-0.0029240866097575,0.0028264115240877
T0117,trend.adx_dmi,adx14_threshold20,um,1h,LONG,top50,24,REGISTERED,1591936,51224,51224,0.0321771729516764,0.7722521508402348,102448.0,-1.0,-1.0,0.4807707324691551,-0.0003026016402711,-0.0018485049718988,-0.3897639043155524,-0.5858205163033123,-1.0,-2.6507903687755645,-0.9203728186509316,-0.0033589375147363,0.0027748974954516
T0118,trend.kaufman_er,er10_threshold0.3,um,1h,LONG,top50,24,REGISTERED,1591936,55693,55693,0.034984446610919,0.8396267186620567,111386.0,-1.0,-1.0,0.4791445962688309,0.0001450309193086,-0.0020962960246532,0.1839034292830777,0.2843201985255269,-1.0,1.270470853143944,0.4437853796699711,-0.0027560357094518,0.0031340765550547
T0119,trend.donchian,donchian_20,um,1h,LONG,top50,24,REGISTERED,1591936,40632,40632,0.025523639141272,0.6125673393905282,81264.0,-0.999999994628092,-1.0,0.4862423705453829,0.0007962990479699,-0.0014059882342959,0.9831397931994378,1.5547883607275934,-1.0,6.975579660217129,2.0379285634169606,-0.0023564367847319,0.0040081406026025
T0120,trend.donchian,donchian_48,um,1h,LONG,top50,24,REGISTERED,1591936,27940,27940,0.0175509568223848,0.4212229637372356,55880.0,5498.879718344248,-0.999999999999994,0.4960987831066571,0.0017677987046987,-0.0003865650195617,2.1240630484297465,3.370256146652677,-0.9999999999999976,15.485916653161276,3.6032785833461953,-0.0019920849274728,0.0054991402828874
T0121,trend.donchian,donchian_55,um,1h,LONG,top50,24,REGISTERED,1591936,26161,26161,0.016433449585913,0.394402790061912,52322.0,-0.9804681551502964,-1.0,0.4935591147127403,0.0013265133320151,-0.0007229604298974,1.5919840296458512,2.5094846474432897,-1.0,11.62025678845237,2.6101701686681897,-0.0023845605455577,0.0048586634639245
T0122,momentum.roc,roc_6,um,1h,LONG,top50,24,REGISTERED,1591936,61183,61183,0.0384330777116668,0.9223938650800032,122366.0,-1.0,-1.0,0.4746253044146249,-0.0001753331526609,-0.0025206306447787,-0.1998890603547005,-0.3417635291648396,-1.0,-1.535918417309543,-0.5249103122820235,-0.0029770415436744,0.0027462574664881
T0123,momentum.roc,roc_12,um,1h,LONG,top50,24,REGISTERED,1591936,61184,61184,0.0384337058776232,0.9224089410629572,122368.0,-1.0,-1.0,0.4772979864016736,-0.0001203475300247,-0.0022537130038752,-0.1369671245209032,-0.2341624783849595,-1.0,-1.0542443630172025,-0.3591918496539229,-0.0029357977335558,0.0028120100928343
T0124,momentum.roc,roc_24,um,1h,LONG,top50,24,REGISTERED,1591936,61188,61188,0.0384362185414489,0.9224692449947736,122376.0,-1.0,-1.0,0.4757632215467085,-0.0002275187551865,-0.0024092198667727,-0.2592582555840033,-0.4426137850017527,-1.0,-1.9930642954340008,-0.6801284040942598,-0.00304816568693,0.0027042822291171
T0125,momentum.rsi,rsi_7_30_70,um,1h,LONG,top50,24,REGISTERED,1591936,46620,46620,0.0292850968883171,0.7028423253196109,93240.0,-0.9999999999999982,-1.0,0.4859287859287859,0.0006083454589987,-0.0014465919869048,0.7388989202879097,1.1743239406312296,-1.0,5.329106220829004,1.678427979371176,-0.0021987066584879,0.0034800912589707
T0126,momentum.rsi,rsi_14_30_70,um,1h,LONG,top50,24,REGISTERED,1591936,23293,23293,0.0146318696228994,0.3511648709495859,46586.0,-0.9051978661407272,-1.0,0.496200575280127,0.001202466926606,-0.0004340765791936,1.4903453241034856,2.240650301251665,-1.0,10.533610277068698,2.202241799004052,-0.0027061464987938,0.0051980562458228
T0127,momentum.rsi,rsi_21_30_70,um,1h,LONG,top50,24,REGISTERED,1591936,11248,11248,0.0070656106778161,0.1695746562675886,22496.0,189830114604.03363,817.0511658378772,0.5003556187766715,0.0039244247806002,0.0001050391491685,4.401383053299468,7.334303452689189,-0.9999733551394137,34.37887709844529,4.518673649506737,-0.0012292323911023,0.0091840169783287
T0128,volatility.atr_natr,natr14_filter,um,1h,LONG,top50,24,REGISTERED,1591936,17713,17713,0.0111267035860738,0.2670408860657715,35426.0,1.9127162884106007e+19,254712391.6970203,0.5073674702196127,0.0060003518965359,0.0011948218957347,4.786004869784729,9.392257478995605,-0.999973690318288,52.5644655680138,6.89561774978804,0.0002185854533383,0.0114335726789396
T0129,volatility.bollinger_bandwidth,bb20_2s_filter,um,1h,LONG,top50,24,REGISTERED,1591936,56339,56339,0.0353902418187665,0.849365803650398,112678.0,-1.0,-1.0,0.4793659809368288,-1.676830933076439e-05,-0.0019524554085743,-0.0204282551479767,-0.0322636253688282,-1.0,-0.146890389737496,-0.050460044719728,-0.0029063285793889,0.0029445390698661
T0130,volatility.realized_percentile,rv20_p100_filter,um,1h,LONG,top50,24,REGISTERED,1591936,21658,21658,0.0136048182841521,0.326515638819651,43316.0,491785958061.26105,-0.9909467297439122,0.5015698587127159,0.0031184900235657,0.0001774325722906,3.62985259950939,5.634753161056328,-0.9999999999464004,27.3179726078999,5.227228569404642,-0.0018110703404721,0.0077371956291684
T0131,volume.rvol,rvol20_filter,um,1h,LONG,top50,24,REGISTERED,1591936,36773,36773,0.0230995467154458,0.5543891211707004,73546.0,-0.9999999997554712,-1.0,0.4878579392489054,0.0007186713078973,-0.0010819942481137,0.8829777686727046,1.4021650213027457,-1.0,6.295560657180349,1.7098849290062532,-0.0027694594552947,0.0040258888761591
T0132,volume.vwap_deviation,vwap_dev20_reversal,um,1h,LONG,top50,24,REGISTERED,1591936,61193,61193,0.038439359371231,0.922544624909544,122386.0,-1.0,-1.0,0.4764107005703267,-0.0001338412726351,-0.0022878894767783,-0.152625408679423,-0.2609538789145885,-1.0,-1.172449548284056,-0.4002368601185594,-0.0029248054194986,0.0028285608251753
T0133,orderflow.taker_ratio,ratio_sign,um,1h,LONG,top50,24,REGISTERED,1591936,61191,61191,0.0384381030393181,0.922514472943636,122382.0,-1.0,-1.0,0.4764262718373617,-0.0001337835465405,-0.0022881199764752,-0.1525570889863125,-0.2608370728774316,-1.0,-1.1719438676953509,-0.4000500523485401,-0.0029248564522792,0.0028287911186378
T0134,orderflow.cvd,cvd_slope6_sign,um,1h,LONG,top50,24,REGISTERED,1591936,61192,61192,0.0384387312052745,0.92252954892659,122384.0,-1.0,-1.0,0.4764184860766113,-0.00013381404426,-0.0022880047266267,-0.1525931125810751,-0.2608986622319133,-1.0,-1.1722110277184306,-0.4001476753691698,-0.0029248415842394,0.0028286366449535
T0135,context.btc_regime,regime_follow,um,1h,LONG,top50,24,REGISTERED,1591936,59833,59833,0.0375850536704993,0.9020412880919836,119666.0,-1.0,-1.0,0.4700750422007922,-0.0006456906811138,-0.0027889839766082,-0.8168829774549673,-1.2612149535268908,-1.0,-5.656250366557012,-2.0725626572379934,-0.0036515403720306,0.0023001636308842
T0136,derivatives.funding,funding_sign,um,1h,LONG,top50,24,REGISTERED,1591936,60222,60222,0.0378294102275468,0.907905845461124,120444.0,-1.0,-1.0,0.475125369466308,-9.87129814826838e-05,-0.0023082703947679,-0.1121790291746842,-0.1924827516793679,-1.0,-0.8647257177883102,-0.2918077015111768,-0.0028950395060855,0.0028847912670254
T0137,derivatives.funding_zscore,z90_extreme,um,1h,LONG,top50,24,REGISTERED,1591936,4226,4226,0.0026546293318324,0.0637111039639784,8452.0,-0.8115370294402148,-0.9999665826906096,0.4798864174159962,0.0007366038467233,-0.0024945131683642,0.8752909177796071,1.3035048706918508,-0.9999985515480716,6.452659043663122,0.6252595840821025,-0.0031586366340218,0.0049860399211041
T0138,trend.ema_20_50_spread,ema_10_30,um,4h,LONG,top50,6,REGISTERED,398023,49810,49810,0.1251435218567771,0.7508611311406628,99620.0,-1.0,-1.0,0.4792812688215218,-0.0003052070555594,-0.0019772170672155,-0.1912881717002854,-0.3077603928376223,-1.0,-0.6684034516752824,-0.8870837036036557,-0.00319816504526,0.0027143994294811
T0139,trend.ema_20_50_spread,ema_20_50,um,4h,LONG,top50,6,REGISTERED,398023,49810,49810,0.1251435218567771,0.7508611311406628,99620.0,-1.0,-1.0,0.4792812688215218,-0.0003052070555594,-0.0019772170672155,-0.1912881717002854,-0.3077603928376223,-1.0,-0.6684034516752824,-0.8870837036036557,-0.00319816504526,0.0027143994294811
T0140,trend.ema_20_50_spread,ema_50_200,um,4h,LONG,top50,6,REGISTERED,398023,49799,49799,0.1251158852629119,0.7506953115774716,99598.0,-1.0,-1.0,0.4789252796240888,-0.0003043561259537,-0.002,-0.1908364291784209,-0.3071236510556381,-1.0,-0.6665399158387586,-0.8888406197084691,-0.0032024754430142,0.0026563515793567
T0141,trend.ema_50_200_regime,ema_10_30,um,4h,LONG,top50,6,REGISTERED,398023,49810,49810,0.1251435218567771,0.7508611311406628,99620.0,-1.0,-1.0,0.4792812688215218,-0.0003052070555594,-0.0019772170672155,-0.1912881717002854,-0.3077603928376223,-1.0,-0.6684034516752824,-0.8870837036036557,-0.00319816504526,0.0027143994294811
T0142,trend.ema_50_200_regime,ema_20_50,um,4h,LONG,top50,6,REGISTERED,398023,49810,49810,0.1251435218567771,0.7508611311406628,99620.0,-1.0,-1.0,0.4792812688215218,-0.0003052070555594,-0.0019772170672155,-0.1912881717002854,-0.3077603928376223,-1.0,-0.6684034516752824,-0.8870837036036557,-0.00319816504526,0.0027143994294811
T0143,trend.ema_50_200_regime,ema_50_200,um,4h,LONG,top50,6,REGISTERED,398023,49799,49799,0.1251158852629119,0.7506953115774716,99598.0,-1.0,-1.0,0.4789252796240888,-0.0003043561259537,-0.002,-0.1908364291784209,-0.3071236510556381,-1.0,-0.6665399158387586,-0.8888406197084691,-0.0032024754430142,0.0026563515793567
T0144,trend.ema_slope,default,um,4h,LONG,top50,6,REGISTERED,398023,49810,49810,0.1251435218567771,0.7508611311406628,99620.0,-1.0,-1.0,0.4792812688215218,-0.0003052070555594,-0.0019772170672155,-0.1912881717002854,-0.3077603928376223,-1.0,-0.6684034516752824,-0.8870837036036557,-0.00319816504526,0.0027143994294811
T0145,trend.adx_dmi,adx14_threshold20,um,4h,LONG,top50,6,REGISTERED,398023,36753,36753,0.09233888493881,0.5540333096328605,73506.0,-1.0,-1.0,0.4835251544091639,0.0004599745194118,-0.0016936320596172,0.2786367304577529,0.4344529589158096,-1.0,1.0073441975118471,1.1089645999952689,-0.0025767332895325,0.0035875318165347
T0146,trend.kaufman_er,er10_threshold0.3,um,4h,LONG,top50,6,REGISTERED,398023,37985,37985,0.09543418345171,0.5726051007102605,75970.0,-1.0,-1.0,0.4809530077662235,-0.0001098638157053,-0.0018,-0.0736542753631982,-0.1077598871307996,-1.0,-0.2406017563948025,-0.3056262186040899,-0.0028660826098631,0.0028578171461862
T0147,trend.donchian,donchian_20,um,4h,LONG,top50,6,REGISTERED,398023,17690,17690,0.0444446677704554,0.2666680066227329,35380.0,381459465.99544114,-0.9996867929658662,0.4950819672131147,0.0024850818612866,-0.0005018303557065,1.4139516439630264,2.477937877200834,-0.999999852085918,5.442330081215076,3.781742324321406,-0.0020622782644572,0.0065966068159213
T0148,trend.donchian,donchian_48,um,4h,LONG,top50,6,REGISTERED,398023,10319,10319,0.0259256374631616,0.15555382477897,20638.0,4.009110357615805,-0.9999994123106116,0.4925864909390445,0.0017988546444921,-0.0008825365587816,1.0128376930573195,1.675029574388046,-0.999999959642517,3.939491830425725,2.014930747507985,-0.003656044042827,0.0070256023863592
T0149,trend.donchian,donchian_55,um,4h,LONG,top50,6,REGISTERED,398023,9514,9514,0.0239031412757554,0.1434188476545325,19028.0,266.6707351710777,-0.9998697029004164,0.4951650199705696,0.0023808610721921,-0.0006851280297862,1.3118759708951797,2.185920505947142,-0.9999962266819664,5.21410542257874,2.547956814079969,-0.0031263393722211,0.0076594174872474
T0150,momentum.roc,roc_6,um,4h,LONG,top50,6,REGISTERED,398023,49744,49744,0.124977702293586,0.7498662137615163,99488.0,-1.0,-1.0,0.4789120295915085,-0.0003958450082708,-0.0021240731919982,-0.2485974895488816,-0.3992520521699172,-1.0,-0.8669005681131697,-1.1570420169817184,-0.0033253831888038,0.0026134013722211
T0151,momentum.roc,roc_12,um,4h,LONG,top50,6,REGISTERED,398023,49747,49747,0.1249852395464583,0.7499114372787502,99494.0,-1.0,-1.0,0.4784007075803566,-0.0003612360185002,-0.0021562966163061,-0.2261674575521321,-0.3637462403968874,-1.0,-0.7911068805155996,-1.0545474765053324,-0.0033646388890957,0.0027097528997905
T0152,momentum.roc,roc_24,um,4h,LONG,top50,6,REGISTERED,398023,49758,49758,0.1250128761403235,0.7500772568419413,99516.0,-1.0,-1.0,0.4785964066079826,-0.0003343559711686,-0.0020629815469713,-0.2096342103593817,-0.3371432586520542,-1.0,-0.7322395768594127,-0.9724332452389656,-0.0032710087345152,0.0027448336739406
T0153,momentum.rsi,rsi_7_30_70,um,4h,LONG,top50,6,REGISTERED,398023,25278,25278,0.0635088927021805,0.3810533562130831,50556.0,-0.9038839595841676,-1.0,0.4931561041221615,0.0009989398029652,-0.0006404345166193,0.6563057444628259,0.9817694047259822,-1.0,2.187678168494001,2.1608087928570208,-0.002526770814927,0.0043886540377736
T0154,momentum.rsi,rsi_14_30_70,um,4h,LONG,top50,6,REGISTERED,398023,9931,9931,0.0249508194250081,0.1497049165500486,19862.0,390797.5214903204,-0.7724673085973881,0.5014600745141476,0.003627243477642,0.0001723327762404,1.9619613547257104,3.1339097983816613,-0.9999757495067684,7.943855858458831,3.989450552248136,-0.0018006140755675,0.0098055061040075
T0155,momentum.rsi,rsi_21_30_70,um,4h,LONG,top50,6,REGISTERED,398023,4594,4594,0.0115420465651482,0.0692522793908894,9188.0,514402043406.0672,144670757.42715523,0.5143665650848933,0.0091733746267509,0.0021300650677352,3.996219490825797,7.454819040737395,-0.9827405545942473,20.44251693762573,5.546444864988199,0.0007200077028844,0.0186205600984358
T0156,volatility.atr_natr,natr14_filter,um,4h,LONG,top50,6,REGISTERED,398023,11664,11664,0.0293048391675857,0.1758290350055147,23328.0,576182923313276.1,16900390.76531747,0.5261488340192044,0.0062193166345845,0.0041943779666364,2.8529150325207597,4.741563281258726,-0.9969891564706358,13.661435875547772,6.986801955362026,0.0005340149553381,0.0115566318829075
T0157,volatility.bollinger_bandwidth,bb20_2s_filter,um,4h,LONG,top50,6,REGISTERED,398023,37925,37925,0.0952834383942636,0.5717006303655819,75850.0,-1.0,-1.0,0.4755702043506921,-0.0012379353691393,-0.0024806401249024,-0.8245405716400511,-1.2039820569863016,-1.0,-2.711078458415173,-3.2528153090903595,-0.0043417180913629,0.0016440506815396
T0158,volatility.realized_percentile,rv20_p100_filter,um,4h,LONG,top50,6,REGISTERED,398023,12890,12890,0.0323850631747411,0.1943103790484469,25780.0,-0.9999997738045522,-0.9999999999999998,0.500155159038014,0.0012845793338799,4.24026525024672e-05,0.6731406758847094,1.0252639319953822,-1.0,2.813228741197144,1.5776188124941364,-0.004148610672303,0.0063920394914585
T0159,volume.rvol,rvol20_filter,um,4h,LONG,top50,6,REGISTERED,398023,13388,13388,0.0336362471515465,0.2018174829092791,26776.0,-0.9975785266724688,-0.999999999992587,0.4864057364804302,0.0014546936513538,-0.0013143092539003,0.7706633371953855,1.3271037110153714,-0.9999999999997924,3.185779096465682,1.84256060959279,-0.0029467331026567,0.0054828620571022
T0160,volume.vwap_deviation,vwap_dev20_reversal,um,4h,LONG,top50,6,REGISTERED,398023,49759,49759,0.1250153885579476,0.7500923313476859,99518.0,-1.0,-1.0,0.4797725034667095,-0.0003036749821623,-0.0019866322120153,-0.1902305235385254,-0.3060589341764921,-1.0,-0.665048210935626,-0.8817019845408363,-0.0031994467067117,0.0027205129639635
T0161,orderflow.taker_ratio,ratio_sign,um,4h,LONG,top50,6,REGISTERED,398023,49752,49752,0.1249978016345789,0.7499868098074735,99504.0,-1.0,-1.0,0.4798400064319022,-0.0003034704823407,-0.001991004384091,-0.1900890521549543,-0.3058313458997704,-1.0,-0.6646003563262947,-0.8809494005318776,-0.0031996282894191,0.0027210738453353
T0162,orderflow.cvd,cvd_slope6_sign,um,4h,LONG,top50,6,REGISTERED,398023,49753,49753,0.125000314052203,0.7500018843132181,99506.0,-1.0,-1.0,0.4798303619882218,-0.0003034965416641,-0.001990536161461,-0.1901072852429847,-0.3058606781104591,-1.0,-0.6646574262445645,-0.8810552868330923,-0.0031996267014055,0.0027210738453353
T0163,context.btc_regime,regime_follow,um,4h,LONG,top50,6,REGISTERED,398023,49117,49117,0.1234024164432708,0.7404144986596252,98234.0,-1.0,-1.0,0.4809536413054543,-0.0001024904406595,-0.0018,-0.0641238576995431,-0.1042599114234572,-1.0,-0.2244540650443593,-0.30545653202698,-0.0029509416742027,0.002809479169047
T0164,context.market_breadth,breadth_0.4_0.6,um,4h,LONG,top50,6,REGISTERED,398023,48140,48140,0.1209477844245181,0.7256867065471091,96280.0,-1.0,-1.0,0.4720398836726215,-0.0008294747696257,-0.0025958705616575,-0.5523351002596028,-0.8276528792020839,-1.0,-1.8165497454804065,-2.6111523678901043,-0.003636928553117,0.0017449839844326
T0165,derivatives.funding,funding_sign,um,4h,LONG,top50,6,REGISTERED,398023,48999,48999,0.1231059511636262,0.7386357069817573,97998.0,-1.0,-1.0,0.4785199697953019,-0.0002291822509815,-0.002,-0.1429809068954073,-0.2310488830715911,-1.0,-0.5019091296495136,-0.6583844503536173,-0.0031569861605398,0.0027808486062942
T0166,derivatives.funding_zscore,z90_extreme,um,4h,LONG,top50,6,REGISTERED,398023,3903,3903,0.0098059659868902,0.0588357959213412,7806.0,-0.9853897637487644,-0.9999923434127888,0.4778375608506277,0.0003426065832362,-0.0027539281454935,0.1991144895211018,0.295484736016771,-0.9999998349857256,0.7503085410989981,0.264203907091771,-0.0048830334642376,0.0071889509079784
T0167,trend.ema_20_50_spread,ema_10_30,um,15m,SHORT,top50,96,REGISTERED,6367589,65066,65066,0.0102183102584039,0.980957784806777,130132.0,-1.0,-1.0,0.4807272615498109,-0.0037721648544107,-0.0018347197437574,-9.522327354569152,-12.1624796840054,-1.0,-132.17665649855098,-12.631133023767562,-0.0067242468550235,-0.000784146338952
T0168,trend.ema_20_50_spread,ema_20_50,um,15m,SHORT,top50,96,REGISTERED,6367589,65041,65041,0.0102143841256086,0.9805808760584264,130082.0,-1.0,-1.0,0.4809120400977845,-0.0037728321891896,-0.001815003624161,-9.522183099899316,-12.162297028226424,-1.0,-132.20003990920682,-12.628498681711996,-0.0067264624580429,-0.0007836775602416
T0169,trend.ema_20_50_spread,ema_50_200,um,15m,SHORT,top50,96,REGISTERED,6367589,65066,65066,0.0102183102584039,0.980957784806777,130132.0,-1.0,-1.0,0.4807272615498109,-0.0037721648544107,-0.0018347197437574,-9.522327354569152,-12.1624796840054,-1.0,-132.17665649855098,-12.631133023767562,-0.0067242468550235,-0.000784146338952
T0170,trend.ema_50_200_regime,ema_10_30,um,15m,SHORT,top50,96,REGISTERED,6367589,65066,65066,0.0102183102584039,0.980957784806777,130132.0,-1.0,-1.0,0.4807272615498109,-0.0037721648544107,-0.0018347197437574,-9.522327354569152,-12.1624796840054,-1.0,-132.17665649855098,-12.631133023767562,-0.0067242468550235,-0.000784146338952
T0171,trend.ema_50_200_regime,ema_20_50,um,15m,SHORT,top50,96,REGISTERED,6367589,65041,65041,0.0102143841256086,0.9805808760584264,130082.0,-1.0,-1.0,0.4809120400977845,-0.0037728321891896,-0.001815003624161,-9.522183099899316,-12.162297028226424,-1.0,-132.20003990920682,-12.628498681711996,-0.0067264624580429,-0.0007836775602416
T0172,trend.ema_50_200_regime,ema_50_200,um,15m,SHORT,top50,96,REGISTERED,6367589,65066,65066,0.0102183102584039,0.980957784806777,130132.0,-1.0,-1.0,0.4807272615498109,-0.0037721648544107,-0.0018347197437574,-9.522327354569152,-12.1624796840054,-1.0,-132.17665649855098,-12.631133023767562,-0.0067242468550235,-0.000784146338952
T0173,trend.ema_slope,default,um,15m,SHORT,top50,96,REGISTERED,6367589,64999,64999,0.0102077882225124,0.9799476693611978,129998.0,-1.0,-1.0,0.481222788042893,-0.0037738023418373,-0.0017853484610347,-9.521557170101763,-12.161501955174876,-1.0,-132.2340340579812,-12.624161308485927,-0.0067270187385178,-0.000781872702757
T0174,trend.adx_dmi,adx14_threshold20,um,15m,SHORT,top50,96,REGISTERED,6367589,60919,60919,0.0095670433503167,0.9184361616304068,121838.0,-1.0,-1.0,0.4794234967744054,-0.0040094118206441,-0.002,-9.991956640242435,-12.617220581278536,-1.0,-140.48979019537197,-12.866038283062734,-0.0069780604821641,-0.0011662788664589
T0175,trend.kaufman_er,er10_threshold0.3,um,15m,SHORT,top50,96,REGISTERED,6367589,63192,63192,0.0099240073440669,0.9527047050304284,126384.0,-1.0,-1.0,0.4794436004557539,-0.0040741053597947,-0.0020221699156359,-9.94153106960287,-12.346094001186923,-1.0,-142.75665180720677,-13.12705513303237,-0.0069766805794556,-0.0010857454116719
T0176,trend.donchian,donchian_20,um,15m,SHORT,top50,96,REGISTERED,6367589,57817,57817,0.0090798887930737,0.8716693241350847,115634.0,-1.0,-1.0,0.4762440112769601,-0.004126100966455,-0.0022680332454247,-10.418524283107203,-13.364888460209633,-1.0,-144.57857786458553,-12.96800904212711,-0.0070431210946894,-0.0012259702036054
T0177,trend.donchian,donchian_48,um,15m,SHORT,top50,96,REGISTERED,6367589,51019,51019,0.0080122947633711,0.7691802972836344,102038.0,-1.0,-1.0,0.481683294458927,-0.0040792951646358,-0.0019413521025733,-10.2396590736828,-13.178408572094256,-1.0,-142.93850256883923,-11.781825335598546,-0.0069857926924887,-0.0011656394594286
T0178,trend.donchian,donchian_55,um,15m,SHORT,top50,96,REGISTERED,6367589,49665,49665,0.0077996554111768,0.7487669194729748,99330.0,-1.0,-1.0,0.4826940501359106,-0.0042370218578128,-0.0018982861576273,-10.524114077519531,-13.36248319812306,-1.0,-148.46524589776138,-12.032602882096594,-0.0071013415196637,-0.0013284188517805
T0179,momentum.roc,roc_6,um,15m,SHORT,top50,96,REGISTERED,6367589,64983,64983,0.0102052754975234,0.9797064477622536,129966.0,-1.0,-1.0,0.4814028284320514,-0.0038216196623141,-0.00175418,-9.64636480566858,-12.309579590865251,-1.0,-133.9095529674889,-12.82102424067166,-0.0067273148573766,-0.0008581949035839
T0180,momentum.roc,roc_12,um,15m,SHORT,top50,96,REGISTERED,6367589,64985,64985,0.0102055895881471,0.9797366004621216,129970.0,-1.0,-1.0,0.4808340386242979,-0.0038447667466778,-0.0018231282784931,-9.6746585857974,-12.328768929982962,-1.0,-134.72062680359326,-12.84368247873753,-0.0067556046713772,-0.0009055363440102
T0181,momentum.roc,roc_24,um,15m,SHORT,top50,96,REGISTERED,6367589,64990,64990,0.0102063748147061,0.9798119822117916,129980.0,-1.0,-1.0,0.4806893368210494,-0.0038300104656903,-0.0018007565563982,-9.664074098786088,-12.339605458381373,-1.0,-134.20356671779132,-12.81441028132367,-0.0067717573271776,-0.0008567975877432
T0182,momentum.rsi,rsi_7_30_70,um,15m,SHORT,top50,96,REGISTERED,6367589,59962,59962,0.009416750986912,0.904008094743552,119924.0,-1.0,-1.0,0.4796871351856175,-0.0040119864092572,-0.0019688706742922,-10.014289716282663,-12.723199254203536,-1.0000245633015632,-140.5765507561641,-12.85105832915946,-0.0069244944865001,-0.0011174082887734
T0183,momentum.rsi,rsi_14_30_70,um,15m,SHORT,top50,96,REGISTERED,6367589,44667,44667,0.007014742942737,0.6734153225027557,89334.0,-1.0,-1.0,0.4766158461504018,-0.0046982340974152,-0.0026749459012385,-11.561597911342496,-14.669604333589298,-1.0,-164.62612277343075,-12.439221415485685,-0.0077950942211187,-0.0015650715855443
T0184,momentum.rsi,rsi_21_30_70,um,15m,SHORT,top50,96,REGISTERED,6367589,27946,27946,0.0043887882839171,0.4213236752560506,55892.0,-1.0,-1.0,0.4643598368281686,-0.0065437813792511,-0.0042176624479379,-15.296406719736156,-19.073649377463468,-1.0,-229.29409952896123,-12.688092664677606,-0.0103763856731705,-0.0030092286366594
T0185,volatility.atr_natr,natr14_filter,um,15m,SHORT,top50,96,REGISTERED,6367589,27672,27672,0.0043457578684805,0.4171927553741298,55344.0,-1.0,-1.0,0.4662113327551315,-0.0079936656236649,-0.0044007165414433,-16.83003883575889,-21.09573680529993,-1.0,-280.0980434532216,-14.61415631363566,-0.0122559983314753,-0.0030832773325816
T0186,volatility.bollinger_bandwidth,bb20_2s_filter,um,15m,SHORT,top50,96,REGISTERED,6367589,63455,63455,0.0099653102610736,0.9566697850630748,126910.0,-1.0,-1.0,0.4795366795366795,-0.0038246638459071,-0.001991738594328,-9.736004675041707,-12.48333957431438,-1.0000006235730052,-134.01613759173978,-12.753488288650118,-0.0067807252289905,-0.0009246945081346
T0187,volatility.realized_percentile,rv20_p100_filter,um,15m,SHORT,top50,96,REGISTERED,6367589,44672,44672,0.0070155281692961,0.6734907042524259,89344.0,-1.0,-1.0,0.4685933022922636,-0.0051300052093375,-0.003037063808487,-12.682840068318065,-16.096393068656155,-1.0,-179.75538253518835,-13.60301223028765,-0.0085934598016351,-0.0019077241447741
T0188,volume.rvol,rvol20_filter,um,15m,SHORT,top50,96,REGISTERED,6367589,55752,55752,0.0087555902241806,0.8405366615213388,111504.0,-1.0,-1.0,0.4783146792940163,-0.0041438899187345,-0.0020543520505222,-10.498525415761916,-13.303355689292978,-1.0,-145.20190275245773,-12.674360367146694,-0.0069868884259628,-0.0013235993191373
T0189,volume.vwap_deviation,vwap_dev20_reversal,um,15m,SHORT,top50,96,REGISTERED,6367589,64992,64992,0.0102066889053297,0.9798421349116596,129984.0,-1.0,-1.0,0.4812746184145741,-0.0037739749264076,-0.0017797329332918,-9.521480109447683,-12.1614041399971,-1.0,-132.24008142132445,-12.623468310848324,-0.006727380252539,-0.0007816754151883
T0190,orderflow.taker_ratio,ratio_sign,um,15m,SHORT,top50,96,REGISTERED,6367589,64990,64990,0.0102063748147061,0.9798119822117916,129980.0,-1.0,-1.0,0.4812432681951069,-0.0037601635003766,-0.0017658102162183,-9.485820023684706,-12.117464195878547,-1.0,-131.75612905319895,-12.578104441567133,-0.0067188088457392,-0.0007701164349164
T0191,orderflow.cvd,cvd_slope6_sign,um,15m,SHORT,top50,96,REGISTERED,6367589,64990,64990,0.0102063748147061,0.9798119822117916,129980.0,-1.0,-1.0,0.4811355593168179,-0.0037740420546859,-0.0017858182777696,-9.52169936010754,-12.161638070005624,-1.0,-132.24243359619578,-12.625418566726577,-0.0067225660684693,-0.0007932598717164
T0192,context.btc_regime,regime_follow,um,15m,SHORT,top50,96,REGISTERED,6367589,61315,61315,0.0096292332937945,0.9244063962042776,122630.0,-1.0,-1.0,0.4759846693305064,-0.00394713802263,-0.0023,-9.935183254753635,-12.704424260753283,-1.0,-138.30771631295704,-12.623319134025762,-0.0069766149584648,-0.0008372595342648
T0193,context.market_breadth,breadth_0.4_0.6,um,15m,SHORT,top50,96,REGISTERED,6367589,64911,64911,0.0101939682350729,0.9786209505670044,129822.0,-1.0,-1.0,0.479086749549383,-0.0039214198884226,-0.00197928,-9.945868736738516,-12.714937199780854,-1.0,-137.40655289032833,-13.181567281749777,-0.0068737289451868,-0.0010360911536056
T0194,derivatives.funding,funding_sign,um,15m,SHORT,top50,96,REGISTERED,6367589,63937,63937,0.0100410061013674,0.9639365857312712,127874.0,-1.0,-1.0,0.4804729655754883,-0.0038303813142544,-0.0018420349102656,-9.646599777357306,-12.307590152294972,-1.0,-134.21656125147467,-12.688080680078158,-0.0067613481383669,-0.0008049643239687
T0195,derivatives.funding_zscore,z90_extreme,um,15m,SHORT,top50,96,REGISTERED,6367589,4230,4230,0.0006643016689676,0.0637729602208936,8460.0,-0.9999999999689588,-0.9999999999999936,0.4891252955082742,-0.0041658695484234,-0.0012340022479923,-9.727634227747291,-12.733156893302125,-0.9999999999999956,-145.97206897675972,-3.6024097718414887,-0.0077169570602769,-0.0007704058161417
T0196,trend.ema_20_50_spread,ema_10_30,um,1h,SHORT,top50,24,REGISTERED,1591936,61262,61262,0.038482702822224,0.9235848677333762,122524.0,-1.0,-1.0,0.4812281675426855,-0.0038642608958838,-0.0017620806932984,-4.409078504453676,-5.324421173102495,-1.0,-33.85092544794253,-11.567286736292049,-0.0068228324300622,-0.0010772153265317
T0197,trend.ema_20_50_spread,ema_20_50,um,1h,SHORT,top50,24,REGISTERED,1591936,61250,61250,0.0384751648307469,0.9234039559379272,122500.0,-1.0,-1.0,0.4813224489795918,-0.0038645673633246,-0.0017479614202619,-4.408996456911943,-5.324322500336064,-1.0,-33.85361010272417,-11.565944726930647,-0.0068229268394593,-0.0010767504618446
T0198,trend.ema_20_50_spread,ema_50_200,um,1h,SHORT,top50,24,REGISTERED,1591936,61262,61262,0.038482702822224,0.9235848677333762,122524.0,-1.0,-1.0,0.4812281675426855,-0.0038642608958838,-0.0017620806932984,-4.409078504453676,-5.324421173102495,-1.0,-33.85092544794253,-11.567286736292049,-0.0068228324300622,-0.0010772153265317
T0199,trend.ema_50_200_regime,ema_10_30,um,1h,SHORT,top50,24,REGISTERED,1591936,61262,61262,0.038482702822224,0.9235848677333762,122524.0,-1.0,-1.0,0.4812281675426855,-0.0038642608958838,-0.0017620806932984,-4.409078504453676,-5.324421173102495,-1.0,-33.85092544794253,-11.567286736292049,-0.0068228324300622,-0.0010772153265317
T0200,trend.ema_50_200_regime,ema_20_50,um,1h,SHORT,top50,24,REGISTERED,1591936,61250,61250,0.0384751648307469,0.9234039559379272,122500.0,-1.0,-1.0,0.4813224489795918,-0.0038645673633246,-0.0017479614202619,-4.408996456911943,-5.324322500336064,-1.0,-33.85361010272417,-11.565944726930647,-0.0068229268394593,-0.0010767504618446
T0201,trend.ema_50_200_regime,ema_50_200,um,1h,SHORT,top50,24,REGISTERED,1591936,61262,61262,0.038482702822224,0.9235848677333762,122524.0,-1.0,-1.0,0.4812281675426855,-0.0038642608958838,-0.0017620806932984,-4.409078504453676,-5.324421173102495,-1.0,-33.85092544794253,-11.567286736292049,-0.0068228324300622,-0.0010772153265317
T0202,trend.ema_slope,default,um,1h,SHORT,top50,24,REGISTERED,1591936,61219,61219,0.0384556916860979,0.9229366004663504,122438.0,-1.0,-1.0,0.4815661804341789,-0.0038654347670435,-0.0017232767252265,-4.408870410650823,-5.324171052239991,-1.0,-33.861208559301126,-11.563650770076666,-0.0068264115240877,-0.0010759133902424
T0203,trend.adx_dmi,adx14_threshold20,um,1h,SHORT,top50,24,REGISTERED,1591936,51224,51224,0.0321771729516764,0.7722521508402348,102448.0,-1.0,-1.0,0.4772957988442917,-0.0036973983597288,-0.0021514950281011,-4.762407828346003,-6.186063561890134,-1.0,-32.38920963122446,-11.245758439938674,-0.0067748974954516,-0.0006410624852636
T0204,trend.kaufman_er,er10_threshold0.3,um,1h,SHORT,top50,24,REGISTERED,1591936,55693,55693,0.034984446610919,0.8396267186620567,111386.0,-1.0,-1.0,0.4802219309428474,-0.0041450309193086,-0.0019037039753467,-5.256019917538277,-6.695575417864204,-1.0,-36.310470853143975,-12.6835307190886,-0.0071340765550547,-0.0012439642905481
T0205,trend.donchian,donchian_20,um,1h,SHORT,top50,24,REGISTERED,1591936,40632,40632,0.025523639141272,0.6125673393905282,81264.0,-1.0,-1.0,0.4757088009450679,-0.0047962990479699,-0.002594011765704,-5.921685409727603,-7.43543870630837,-1.0,-42.01557966021716,-12.274929693142086,-0.0080081406026025,-0.001643563215268
T0206,trend.donchian,donchian_48,um,1h,SHORT,top50,24,REGISTERED,1591936,27940,27940,0.0175509568223848,0.4212229637372356,55880.0,-1.0,-1.0,0.4673586256263422,-0.0057677987046987,-0.0036134349804382,-6.930182756027751,-8.681824915206104,-1.0,-50.52591665316125,-11.756420847267442,-0.0094991402828875,-0.0020079150725271
T0207,trend.donchian,donchian_55,um,1h,SHORT,top50,24,REGISTERED,1591936,26161,26161,0.016433449585913,0.394402790061912,52322.0,-1.0,-1.0,0.4713887083827071,-0.0053265133320151,-0.0032770395701025,-6.392490715025227,-8.045420884059745,-1.0,-46.6602567884524,-10.4809396684457,-0.0088586634639246,-0.0016154394544422
T0208,momentum.roc,roc_6,um,1h,SHORT,top50,24,REGISTERED,1591936,61183,61183,0.0384330777116668,0.9223938650800032,122366.0,-1.0,-1.0,0.4838435513132733,-0.003824666847339,-0.0014793693552212,-4.360322338827403,-5.265564396986757,-1.0,-33.50408158269048,-11.45024223167975,-0.0067462574664881,-0.0010229584563255
T0209,momentum.roc,roc_12,um,1h,SHORT,top50,24,REGISTERED,1591936,61184,61184,0.0384337058776232,0.9224089410629572,122368.0,-1.0,-1.0,0.481612839958159,-0.0038796524699752,-0.0017462869961247,-4.415419600580459,-5.332521120422991,-1.0,-33.98575563698282,-11.579294950363332,-0.0068120100928343,-0.0010642022664441
T0210,momentum.roc,roc_24,um,1h,SHORT,top50,24,REGISTERED,1591936,61188,61188,0.0384362185414489,0.9224692449947736,122376.0,-1.0,-1.0,0.4827744002091913,-0.0037724812448134,-0.0015907801332272,-4.298752891610473,-5.195382328200916,-1.0,-33.04693570456602,-11.277187440688056,-0.0067042822291171,-0.0009518343130699
T0211,momentum.rsi,rsi_7_30_70,um,1h,SHORT,top50,24,REGISTERED,1591936,46620,46620,0.0292850968883171,0.7028423253196109,93240.0,-1.0,-1.0,0.4752252252252252,-0.0046083454589987,-0.0025534080130951,-5.597315527878203,-7.015184861992884,-1.0,-40.36910622082904,-12.714446771283558,-0.0074800912589707,-0.001801293341512
T0212,momentum.rsi,rsi_14_30_70,um,1h,SHORT,top50,24,REGISTERED,1591936,23293,23293,0.0146318696228994,0.3511648709495859,46586.0,-1.0,-1.0,0.4682093332760915,-0.005202466926606,-0.0035659234208063,-6.447971321551958,-8.36906609950208,-1.0,-45.57361027706873,-9.527987731060316,-0.0091980562458228,-0.0012938535012061
T0213,momentum.rsi,rsi_21_30_70,um,1h,SHORT,top50,24,REGISTERED,1591936,11248,11248,0.0070656106778161,0.1695746562675886,22496.0,-1.0,-1.0,0.4647048364153627,-0.0079244247806002,-0.0041050391491685,-8.88752642397333,-10.81408346578568,-1.0000000000000009,-69.41796107805786,-9.12436635825132,-0.0131840169783287,-0.0027707676088976
T0214,volatility.atr_natr,natr14_filter,um,1h,SHORT,top50,24,REGISTERED,1591936,17713,17713,0.0111267035860738,0.2670408860657715,35426.0,-1.0,-1.0,0.4663806244001581,-0.010000351896536,-0.0051948218957347,-7.976487663000705,-9.127422145118372,-1.0,-87.60308261365539,-11.492426649458668,-0.0154335726789396,-0.0042185854533383
T0215,volatility.bollinger_bandwidth,bb20_2s_filter,um,1h,SHORT,top50,24,REGISTERED,1591936,56339,56339,0.0353902418187665,0.849365803650398,112678.0,-1.0,-1.0,0.478052503594313,-0.0039832316906692,-0.0020475445914256,-4.852634316639766,-6.109350023399709,-1.0,-34.89310961026253,-11.986542308797286,-0.0069445390698661,-0.001093671420611
T0216,volatility.realized_percentile,rv20_p100_filter,um,1h,SHORT,top50,24,REGISTERED,1591936,21658,21658,0.0136048182841521,0.326515638819651,43316.0,-1.0,-1.0,0.4613075999630621,-0.0071184900235657,-0.0041774325722906,-8.285763084493375,-10.516827037352488,-1.0,-62.357972606435695,-11.932048568703884,-0.0117371956291685,-0.0021889296595278
T0217,volume.rvol,rvol20_filter,um,1h,SHORT,top50,24,REGISTERED,1591936,36773,36773,0.0230995467154458,0.5543891211707004,73546.0,-1.0,-1.0,0.4715144263454164,-0.0047186713078973,-0.0029180057518862,-5.797479065551443,-7.267318417394526,-1.0,-41.33556065718037,-11.226808230196962,-0.0080258888761591,-0.0012305405447052
T0218,volume.vwap_deviation,vwap_dev20_reversal,um,1h,SHORT,top50,24,REGISTERED,1591936,61193,61193,0.038439359371231,0.922544624909544,122386.0,-1.0,-1.0,0.4817707907767228,-0.0038661587273648,-0.0017121105232216,-4.408760049615195,-5.324038437891798,-1.0,-33.86755045171597,-11.561300929784355,-0.0068285608251753,-0.0010751945805013
T0219,orderflow.taker_ratio,ratio_sign,um,1h,SHORT,top50,24,REGISTERED,1591936,61191,61191,0.0384381030393181,0.922514472943636,122382.0,-1.0,-1.0,0.481786537235868,-0.0038662164534594,-0.0017118800235247,-4.408753862358667,-5.32403100896448,-1.0,-33.86805613230467,-11.56106363295025,-0.0068287911186378,-0.0010751435477207
T0220,orderflow.cvd,cvd_slope6_sign,um,1h,SHORT,top50,24,REGISTERED,1591936,61192,61192,0.0384387312052745,0.92252954892659,122384.0,-1.0,-1.0,0.4817786638776311,-0.0038661859557399,-0.0017119952733732,-4.408755090436524,-5.324032476817806,-1.0,-33.867788972281595,-11.561158107793672,-0.0068286366449535,-0.0010751584157605
T0221,context.btc_regime,regime_follow,um,1h,SHORT,top50,24,REGISTERED,1591936,59833,59833,0.0375850536704993,0.9020412880919836,119666.0,-1.0,-1.0,0.4867548008624003,-0.0033543093188861,-0.0012110160233917,-4.243639042443771,-5.414918166472392,-1.0,-29.38374963344301,-10.766790412952403,-0.0063001636308842,-0.0003484596279693
T0222,derivatives.funding,funding_sign,um,1h,SHORT,top50,24,REGISTERED,1591936,60222,60222,0.0378294102275468,0.907905845461124,120444.0,-1.0,-1.0,0.4819335126697884,-0.0039012870185173,-0.001691729605232,-4.433485684411651,-5.345063358983508,-1.0,-34.17527428221172,-11.532683753540896,-0.0068847912670254,-0.0011049604939144
T0223,derivatives.funding_zscore,z90_extreme,um,1h,SHORT,top50,24,REGISTERED,1591936,4226,4226,0.0026546293318324,0.0637111039639784,8452.0,-0.9999999999981084,-0.9999999999999998,0.487221959299574,-0.0047366038467233,-0.0015054868316357,-5.628407110007835,-7.36324923689223,-1.0,-41.49264969729672,-4.020623791659592,-0.0089860399211041,-0.0008413633659781
T0224,trend.ema_20_50_spread,ema_10_30,um,4h,SHORT,top50,6,REGISTERED,398023,49810,49810,0.1251435218567771,0.7508611311406628,99620.0,-1.0,-1.0,0.4786187512547681,-0.0036947929444405,-0.0020227829327844,-2.315707236379335,-2.8796285824020704,-1.0,-8.091596548324723,-10.738908388584392,-0.0067143994294811,-0.0008018349547399
T0225,trend.ema_20_50_spread,ema_20_50,um,4h,SHORT,top50,6,REGISTERED,398023,49810,49810,0.1251435218567771,0.7508611311406628,99620.0,-1.0,-1.0,0.4786187512547681,-0.0036947929444405,-0.0020227829327844,-2.315707236379335,-2.8796285824020704,-1.0,-8.091596548324723,-10.738908388584392,-0.0067143994294811,-0.0008018349547399
T0226,trend.ema_20_50_spread,ema_50_200,um,4h,SHORT,top50,6,REGISTERED,398023,49799,49799,0.1251158852629119,0.7506953115774716,99598.0,-1.0,-1.0,0.4790658446956766,-0.0036956438740462,-0.002,-2.31723109967963,-2.880923968661948,-1.0,-8.093460084161247,-10.79274609944272,-0.0066563515793567,-0.0007975245569857
T0227,trend.ema_50_200_regime,ema_10_30,um,4h,SHORT,top50,6,REGISTERED,398023,49810,49810,0.1251435218567771,0.7508611311406628,99620.0,-1.0,-1.0,0.4786187512547681,-0.0036947929444405,-0.0020227829327844,-2.315707236379335,-2.8796285824020704,-1.0,-8.091596548324723,-10.738908388584392,-0.0067143994294811,-0.0008018349547399
T0228,trend.ema_50_200_regime,ema_20_50,um,4h,SHORT,top50,6,REGISTERED,398023,49810,49810,0.1251435218567771,0.7508611311406628,99620.0,-1.0,-1.0,0.4786187512547681,-0.0036947929444405,-0.0020227829327844,-2.315707236379335,-2.8796285824020704,-1.0,-8.091596548324723,-10.738908388584392,-0.0067143994294811,-0.0008018349547399
T0229,trend.ema_50_200_regime,ema_50_200,um,4h,SHORT,top50,6,REGISTERED,398023,49799,49799,0.1251158852629119,0.7506953115774716,99598.0,-1.0,-1.0,0.4790658446956766,-0.0036956438740462,-0.002,-2.31723109967963,-2.880923968661948,-1.0,-8.093460084161247,-10.79274609944272,-0.0066563515793567,-0.0007975245569857
T0230,trend.ema_slope,default,um,4h,SHORT,top50,6,REGISTERED,398023,49810,49810,0.1251435218567771,0.7508611311406628,99620.0,-1.0,-1.0,0.4786187512547681,-0.0036947929444405,-0.0020227829327844,-2.315707236379335,-2.8796285824020704,-1.0,-8.091596548324723,-10.738908388584392,-0.0067143994294811,-0.0008018349547399
T0231,trend.adx_dmi,adx14_threshold20,um,4h,SHORT,top50,6,REGISTERED,398023,36753,36753,0.09233888493881,0.5540333096328605,73506.0,-1.0,-1.0,0.4765325279569015,-0.0044599745194118,-0.0023063679403827,-2.7016990410749844,-3.4273067862477444,-1.0,-9.767344197511854,-10.75266922444595,-0.0075875318165347,-0.0014232667104674
T0232,trend.kaufman_er,er10_threshold0.3,um,4h,SHORT,top50,6,REGISTERED,398023,37985,37985,0.09543418345171,0.5726051007102605,75970.0,-1.0,-1.0,0.4780571278136106,-0.0038901361842946,-0.0022,-2.6080030069838696,-3.4502851382515165,-1.0,-8.519398243605202,-10.821830683990928,-0.0068578171461862,-0.0011339173901368
T0233,trend.donchian,donchian_20,um,4h,SHORT,top50,6,REGISTERED,398023,17690,17690,0.0444446677704554,0.2666680066227329,35380.0,-1.0,-1.0,0.4687394007914076,-0.0064850818612866,-0.0034981696442934,-3.689855172116326,-4.391354967125755,-1.0,-14.202329276217824,-9.86885339013294,-0.0105966068159213,-0.0019377217355427
T0234,trend.donchian,donchian_48,um,4h,SHORT,top50,6,REGISTERED,398023,10319,10319,0.0259256374631616,0.15555382477897,20638.0,-1.0,-1.0,0.4753367574377362,-0.0057988546444921,-0.0031174634412183,-3.2650212058464327,-3.9994932694678376,-1.0000000004813387,-12.699491665325,-6.4954055956063845,-0.0110256023863592,-0.0003439559571729
T0235,trend.donchian,donchian_55,um,4h,SHORT,top50,6,REGISTERED,398023,9514,9514,0.0239031412757554,0.1434188476545325,19028.0,-1.0,-1.0,0.4738280428841707,-0.0063808610721921,-0.0033148719702137,-3.51591212607883,-4.290002579987766,-1.0000000002082112,-13.974085745191166,-6.828688426418881,-0.0116594174872474,-0.0008736606277788
T0236,momentum.roc,roc_6,um,4h,SHORT,top50,6,REGISTERED,398023,49744,49744,0.124977702293586,0.7498662137615163,99488.0,-1.0,-1.0,0.4803795432614989,-0.0036041549917291,-0.0018759268080017,-2.2634714703181675,-2.81754850117044,-1.0,-7.893099431886836,-10.53482720259952,-0.0066134013722211,-0.0006746168111961
T0237,momentum.roc,roc_12,um,4h,SHORT,top50,6,REGISTERED,398023,49747,49747,0.1249852395464583,0.7499114372787502,99494.0,-1.0,-1.0,0.4804711841920115,-0.0036387639814997,-0.0018437033836938,-2.27820581608875,-2.833719499438724,-1.0,-7.968893119484406,-10.622554722588182,-0.0067097528997905,-0.0006353611109042
T0238,momentum.roc,roc_24,um,4h,SHORT,top50,6,REGISTERED,398023,49758,49758,0.1250128761403235,0.7500772568419413,99516.0,-1.0,-1.0,0.4791591301901202,-0.0036656440288313,-0.0019370184530286,-2.2982822431933143,-2.858574701609955,-1.0,-8.027760423140593,-10.661075100252807,-0.0067448336739406,-0.0007289912654847
T0239,momentum.rsi,rsi_7_30_70,um,4h,SHORT,top50,6,REGISTERED,398023,25278,25278,0.0635088927021805,0.3810533562130831,50556.0,-1.0,-1.0,0.4674420444655431,-0.0049989398029653,-0.0033595654833806,-3.284314929859661,-4.26961476594628,-1.0,-10.947678168494008,-10.813217222044772,-0.0083886540377736,-0.0014732291850729
T0240,momentum.rsi,rsi_14_30_70,um,4h,SHORT,top50,6,REGISTERED,398023,9931,9931,0.0249508194250081,0.1497049165500486,19862.0,-1.0,-1.0,0.4626925787936763,-0.007627243477642,-0.0041723327762404,-4.125545207664212,-5.151734967798411,-1.0000000000000642,-16.703663216035036,-8.388880121108004,-0.0138055061040075,-0.0021993859244324
T0241,momentum.rsi,rsi_21_30_70,um,4h,SHORT,top50,6,REGISTERED,398023,4594,4594,0.0115420465651482,0.0692522793908894,9188.0,-1.0,-1.0,0.4521114497170222,-0.0131733746267509,-0.0061300650677352,-5.738749215567318,-6.647317970468532,-1.0000000000270153,-28.849690431805225,-7.964941913528623,-0.0226205600984359,-0.0047200077028844
T0242,volatility.atr_natr,natr14_filter,um,4h,SHORT,top50,6,REGISTERED,398023,11664,11664,0.0293048391675857,0.1758290350055147,23328.0,-1.0,-1.0,0.4471021947873799,-0.0102193166345845,-0.0081943779666364,-4.687788669059035,-5.728494671389006,-1.0,-22.380303429740064,-11.48041587848,-0.0155566318829075,-0.0045340149553381
T0243,volatility.bollinger_bandwidth,bb20_2s_filter,um,4h,SHORT,top50,6,REGISTERED,398023,37925,37925,0.0952834383942636,0.5717006303655819,75850.0,-1.0,-1.0,0.4849044166117336,-0.0027620646308606,-0.0015193598750975,-1.839703757087056,-2.440936363664456,-1.0,-6.048921541584834,-7.257637466329804,-0.0056440506815396,0.0003417180913629
T0244,volatility.realized_percentile,rv20_p100_filter,um,4h,SHORT,top50,6,REGISTERED,398023,12890,12890,0.0323850631747411,0.1943103790484469,25780.0,-1.0,-1.0,0.4628394103956555,-0.0052845793338799,-0.0040424026525024,-2.76920639368367,-3.5817893962158114,-1.0000000000042484,-11.573228741147986,-6.490102676699114,-0.0103920394914585,0.000148610672303
T0245,volume.rvol,rvol20_filter,um,4h,SHORT,top50,6,REGISTERED,398023,13388,13388,0.0336362471515465,0.2018174829092791,26776.0,-1.0,-1.0,0.4746041230953092,-0.0054546936513538,-0.0026856907460996,-2.889771608488453,-3.477822302787996,-1.0000000000004703,-11.94577909645941,-6.909086081475922,-0.0094828620571022,-0.0010532668973432
T0246,volume.vwap_deviation,vwap_dev20_reversal,um,4h,SHORT,top50,6,REGISTERED,398023,49759,49759,0.1250153885579476,0.7500923313476859,99518.0,-1.0,-1.0,0.4791093068590606,-0.0036963250178376,-0.0020133677879846,-2.315481632055539,-2.879349430312657,-1.0,-8.09495178906438,-10.732056623593143,-0.0067205129639635,-0.0008005532932882
T0247,orderflow.taker_ratio,ratio_sign,um,4h,SHORT,top50,6,REGISTERED,398023,49752,49752,0.1249978016345789,0.7499868098074735,99504.0,-1.0,-1.0,0.479176716513909,-0.0036965295176592,-0.0020089956159089,-2.3154469154782893,-2.8793064656997567,-1.0,-8.095399643673712,-10.730715677887716,-0.0067210738453353,-0.0008003717105808
T0248,orderflow.cvd,cvd_slope6_sign,um,4h,SHORT,top50,6,REGISTERED,398023,49753,49753,0.125000314052203,0.7500018843132181,99506.0,-1.0,-1.0,0.4791670854018853,-0.0036965034583358,-0.0020094638385389,-2.315453854934175,-2.8793150575963744,-1.0,-8.095342573755442,-10.731008323538722,-0.0067210738453353,-0.0008003732985944
T0249,context.btc_regime,regime_follow,um,4h,SHORT,top50,6,REGISTERED,398023,49117,49117,0.1234024164432708,0.7404144986596252,98234.0,-1.0,-1.0,0.4762098662377588,-0.0038975095593404,-0.0022,-2.4385039888354845,-3.013763533117789,-1.0,-8.535545934955646,-11.615910185156432,-0.006809479169047,-0.0010490583257972
T0250,context.market_breadth,breadth_0.4_0.6,um,4h,SHORT,top50,6,REGISTERED,398023,48140,48140,0.1209477844245181,0.7256867065471091,96280.0,-1.0,-1.0,0.4851267137515579,-0.0031705252303742,-0.0014041294383424,-2.111206314068438,-2.7456037463049694,-1.0,-6.9434502545196,-9.980682675233435,-0.0057449839844326,-0.0003630714468829
T0251,derivatives.funding,funding_sign,um,4h,SHORT,top50,6,REGISTERED,398023,48999,48999,0.1231059511636262,0.7386357069817573,97998.0,-1.0,-1.0,0.4787648727525052,-0.0037708177490184,-0.002,-2.3525161271561683,-2.918229678219876,-1.0,-8.258090870350493,-10.832635426342264,-0.0067808486062942,-0.0008430138394601
T0252,derivatives.funding_zscore,z90_extreme,um,4h,SHORT,top50,6,REGISTERED,398023,3903,3903,0.0098059659868902,0.0588357959213412,7806.0,-0.9999999998297828,-0.9999999999999674,0.4891109403023315,-0.0043426065832362,-0.0012460718545064,-2.5238157563826507,-3.313847795515122,-0.999999999999986,-9.510308417287517,-3.348837069666912,-0.0111889509079784,0.0008830334642376
