trial_id,feature_id,market,timeframe,side,fold_count,positive_fold_fraction
T0001,trend.ema_20_50_spread,spot,15m,LONG,1,0.0
T0002,trend.ema_20_50_spread,spot,15m,LONG,1,0.0
T0003,trend.ema_20_50_spread,spot,15m,LONG,1,0.0
T0004,trend.ema_50_200_regime,spot,15m,LONG,1,0.0
T0005,trend.ema_50_200_regime,spot,15m,LONG,1,0.0
T0006,trend.ema_50_200_regime,spot,15m,LONG,1,0.0
T0007,trend.ema_slope,spot,15m,LONG,1,0.0
T0008,trend.adx_dmi,spot,15m,LONG,1,0.0
T0009,trend.kaufman_er,spot,15m,LONG,1,0.0
T0010,trend.donchian,spot,15m,LONG,1,0.0
T0011,trend.donchian,spot,15m,LONG,1,1.0
T0012,trend.donchian,spot,15m,LONG,1,1.0
T0013,momentum.roc,spot,15m,LONG,1,0.0
T0014,momentum.roc,spot,15m,LONG,1,0.0
T0015,momentum.roc,spot,15m,LONG,1,0.0
T0016,momentum.rsi,spot,15m,LONG,1,0.0
T0017,momentum.rsi,spot,15m,LONG,1,0.0
T0018,momentum.rsi,spot,15m,LONG,1,0.0
T0019,volatility.atr_natr,spot,15m,LONG,1,0.0
T0020,volatility.bollinger_bandwidth,spot,15m,LONG,1,1.0
T0021,volatility.realized_percentile,spot,15m,LONG,1,1.0
T0022,volume.rvol,spot,15m,LONG,1,0.0
T0023,volume.vwap_deviation,spot,15m,LONG,1,0.0
T0024,orderflow.taker_ratio,spot,15m,LONG,1,0.0
T0025,orderflow.cvd,spot,15m,LONG,1,0.0
T0026,context.btc_regime,spot,15m,LONG,1,0.0
T0027,context.market_breadth,spot,15m,LONG,1,0.0
T0028,trend.ema_20_50_spread,spot,1h,LONG,1,1.0
T0029,trend.ema_20_50_spread,spot,1h,LONG,1,1.0
T0030,trend.ema_20_50_spread,spot,1h,LONG,1,1.0
T0031,trend.ema_50_200_regime,spot,1h,LONG,1,1.0
T0032,trend.ema_50_200_regime,spot,1h,LONG,1,1.0
T0033,trend.ema_50_200_regime,spot,1h,LONG,1,1.0
T0034,trend.ema_slope,spot,1h,LONG,1,1.0
T0035,trend.adx_dmi,spot,1h,LONG,1,0.0
T0036,trend.kaufman_er,spot,1h,LONG,1,1.0
T0037,trend.donchian,spot,1h,LONG,1,1.0
T0038,trend.donchian,spot,1h,LONG,1,1.0
T0039,trend.donchian,spot,1h,LONG,1,0.0
T0040,momentum.roc,spot,1h,LONG,1,1.0
T0041,momentum.roc,spot,1h,LONG,1,1.0
T0042,momentum.roc,spot,1h,LONG,1,0.0
T0043,momentum.rsi,spot,1h,LONG,1,1.0
T0044,momentum.rsi,spot,1h,LONG,1,1.0
T0045,momentum.rsi,spot,1h,LONG,1,1.0
T0046,volatility.atr_natr,spot,1h,LONG,1,1.0
T0047,volatility.bollinger_bandwidth,spot,1h,LONG,1,1.0
T0048,volatility.realized_percentile,spot,1h,LONG,1,1.0
T0049,volume.rvol,spot,1h,LONG,1,1.0
T0050,volume.vwap_deviation,spot,1h,LONG,1,1.0
T0051,orderflow.taker_ratio,spot,1h,LONG,1,1.0
T0052,orderflow.cvd,spot,1h,LONG,1,1.0
T0053,context.btc_regime,spot,1h,LONG,1,0.0
T0054,trend.ema_20_50_spread,spot,4h,LONG,1,0.0
T0055,trend.ema_20_50_spread,spot,4h,LONG,1,0.0
T0056,trend.ema_20_50_spread,spot,4h,LONG,1,0.0
T0057,trend.ema_50_200_regime,spot,4h,LONG,1,0.0
T0058,trend.ema_50_200_regime,spot,4h,LONG,1,0.0
T0059,trend.ema_50_200_regime,spot,4h,LONG,1,0.0
T0060,trend.ema_slope,spot,4h,LONG,1,0.0
T0061,trend.adx_dmi,spot,4h,LONG,1,0.0
T0062,trend.kaufman_er,spot,4h,LONG,1,0.0
T0063,trend.donchian,spot,4h,LONG,1,1.0
T0064,trend.donchian,spot,4h,LONG,1,0.0
T0065,trend.donchian,spot,4h,LONG,1,0.0
T0066,momentum.roc,spot,4h,LONG,1,0.0
T0067,momentum.roc,spot,4h,LONG,1,0.0
T0068,momentum.roc,spot,4h,LONG,1,0.0
T0069,momentum.rsi,spot,4h,LONG,1,0.0
T0070,momentum.rsi,spot,4h,LONG,1,0.0
T0071,momentum.rsi,spot,4h,LONG,1,1.0
T0072,volatility.atr_natr,spot,4h,LONG,1,1.0
T0073,volatility.bollinger_bandwidth,spot,4h,LONG,1,0.0
T0074,volatility.realized_percentile,spot,4h,LONG,1,1.0
T0075,volume.rvol,spot,4h,LONG,1,0.0
T0076,volume.vwap_deviation,spot,4h,LONG,1,0.0
T0077,orderflow.taker_ratio,spot,4h,LONG,1,0.0
T0078,orderflow.cvd,spot,4h,LONG,1,0.0
T0079,context.btc_regime,spot,4h,LONG,1,0.0
T0080,context.market_breadth,spot,4h,LONG,1,1.0
T0081,trend.ema_20_50_spread,um,15m,LONG,1,1.0
T0082,trend.ema_20_50_spread,um,15m,LONG,1,1.0
T0083,trend.ema_20_50_spread,um,15m,LONG,1,1.0
T0084,trend.ema_50_200_regime,um,15m,LONG,1,1.0
T0085,trend.ema_50_200_regime,um,15m,LONG,1,1.0
T0086,trend.ema_50_200_regime,um,15m,LONG,1,1.0
T0087,trend.ema_slope,um,15m,LONG,1,1.0
T0088,trend.adx_dmi,um,15m,LONG,1,1.0
T0089,trend.kaufman_er,um,15m,LONG,1,1.0
T0090,trend.donchian,um,15m,LONG,1,1.0
T0091,trend.donchian,um,15m,LONG,1,1.0
T0092,trend.donchian,um,15m,LONG,1,1.0
T0093,momentum.roc,um,15m,LONG,1,1.0
T0094,momentum.roc,um,15m,LONG,1,1.0
T0095,momentum.roc,um,15m,LONG,1,1.0
T0096,momentum.rsi,um,15m,LONG,1,1.0
T0097,momentum.rsi,um,15m,LONG,1,0.0
T0098,momentum.rsi,um,15m,LONG,1,1.0
T0099,volatility.atr_natr,um,15m,LONG,1,1.0
T0100,volatility.bollinger_bandwidth,um,15m,LONG,1,1.0
T0101,volatility.realized_percentile,um,15m,LONG,1,0.0
T0102,volume.rvol,um,15m,LONG,1,1.0
T0103,volume.vwap_deviation,um,15m,LONG,1,1.0
T0104,orderflow.taker_ratio,um,15m,LONG,1,1.0
T0105,orderflow.cvd,um,15m,LONG,1,1.0
T0106,context.btc_regime,um,15m,LONG,1,0.0
T0107,context.market_breadth,um,15m,LONG,1,0.0
T0108,derivatives.funding,um,15m,LONG,1,1.0
T0109,derivatives.funding_zscore,um,15m,LONG,1,1.0
T0110,trend.ema_20_50_spread,um,1h,LONG,1,1.0
T0111,trend.ema_20_50_spread,um,1h,LONG,1,1.0
T0112,trend.ema_20_50_spread,um,1h,LONG,1,1.0
T0113,trend.ema_50_200_regime,um,1h,LONG,1,1.0
T0114,trend.ema_50_200_regime,um,1h,LONG,1,1.0
T0115,trend.ema_50_200_regime,um,1h,LONG,1,1.0
T0116,trend.ema_slope,um,1h,LONG,1,1.0
T0117,trend.adx_dmi,um,1h,LONG,1,1.0
T0118,trend.kaufman_er,um,1h,LONG,1,1.0
T0119,trend.donchian,um,1h,LONG,1,1.0
T0120,trend.donchian,um,1h,LONG,1,1.0
T0121,trend.donchian,um,1h,LONG,1,1.0
T0122,momentum.roc,um,1h,LONG,1,1.0
T0123,momentum.roc,um,1h,LONG,1,1.0
T0124,momentum.roc,um,1h,LONG,1,1.0
T0125,momentum.rsi,um,1h,LONG,1,1.0
T0126,momentum.rsi,um,1h,LONG,1,1.0
T0127,momentum.rsi,um,1h,LONG,1,1.0
T0128,volatility.atr_natr,um,1h,LONG,1,1.0
T0129,volatility.bollinger_bandwidth,um,1h,LONG,1,1.0
T0130,volatility.realized_percentile,um,1h,LONG,1,1.0
T0131,volume.rvol,um,1h,LONG,1,0.0
T0132,volume.vwap_deviation,um,1h,LONG,1,1.0
T0133,orderflow.taker_ratio,um,1h,LONG,1,1.0
T0134,orderflow.cvd,um,1h,LONG,1,1.0
T0135,context.btc_regime,um,1h,LONG,1,0.0
T0136,derivatives.funding,um,1h,LONG,1,1.0
T0137,derivatives.funding_zscore,um,1h,LONG,1,1.0
T0138,trend.ema_20_50_spread,um,4h,LONG,1,0.0
T0139,trend.ema_20_50_spread,um,4h,LONG,1,0.0
T0140,trend.ema_20_50_spread,um,4h,LONG,1,0.0
T0141,trend.ema_50_200_regime,um,4h,LONG,1,0.0
T0142,trend.ema_50_200_regime,um,4h,LONG,1,0.0
T0143,trend.ema_50_200_regime,um,4h,LONG,1,0.0
T0144,trend.ema_slope,um,4h,LONG,1,0.0
T0145,trend.adx_dmi,um,4h,LONG,1,1.0
T0146,trend.kaufman_er,um,4h,LONG,1,0.0
T0147,trend.donchian,um,4h,LONG,1,1.0
T0148,trend.donchian,um,4h,LONG,1,1.0
T0149,trend.donchian,um,4h,LONG,1,1.0
T0150,momentum.roc,um,4h,LONG,1,0.0
T0151,momentum.roc,um,4h,LONG,1,0.0
T0152,momentum.roc,um,4h,LONG,1,0.0
T0153,momentum.rsi,um,4h,LONG,1,0.0
T0154,momentum.rsi,um,4h,LONG,1,0.0
T0155,momentum.rsi,um,4h,LONG,1,1.0
T0156,volatility.atr_natr,um,4h,LONG,1,1.0
T0157,volatility.bollinger_bandwidth,um,4h,LONG,1,0.0
T0158,volatility.realized_percentile,um,4h,LONG,1,1.0
T0159,volume.rvol,um,4h,LONG,1,1.0
T0160,volume.vwap_deviation,um,4h,LONG,1,0.0
T0161,orderflow.taker_ratio,um,4h,LONG,1,0.0
T0162,orderflow.cvd,um,4h,LONG,1,0.0
T0163,context.btc_regime,um,4h,LONG,1,0.0
T0164,context.market_breadth,um,4h,LONG,1,0.0
T0165,derivatives.funding,um,4h,LONG,1,0.0
T0166,derivatives.funding_zscore,um,4h,LONG,1,1.0
T0167,trend.ema_20_50_spread,um,15m,SHORT,1,0.0
T0168,trend.ema_20_50_spread,um,15m,SHORT,1,0.0
T0169,trend.ema_20_50_spread,um,15m,SHORT,1,0.0
T0170,trend.ema_50_200_regime,um,15m,SHORT,1,0.0
T0171,trend.ema_50_200_regime,um,15m,SHORT,1,0.0
T0172,trend.ema_50_200_regime,um,15m,SHORT,1,0.0
T0173,trend.ema_slope,um,15m,SHORT,1,0.0
T0174,trend.adx_dmi,um,15m,SHORT,1,0.0
T0175,trend.kaufman_er,um,15m,SHORT,1,0.0
T0176,trend.donchian,um,15m,SHORT,1,0.0
T0177,trend.donchian,um,15m,SHORT,1,0.0
T0178,trend.donchian,um,15m,SHORT,1,0.0
T0179,momentum.roc,um,15m,SHORT,1,0.0
T0180,momentum.roc,um,15m,SHORT,1,0.0
T0181,momentum.roc,um,15m,SHORT,1,0.0
T0182,momentum.rsi,um,15m,SHORT,1,0.0
T0183,momentum.rsi,um,15m,SHORT,1,0.0
T0184,momentum.rsi,um,15m,SHORT,1,0.0
T0185,volatility.atr_natr,um,15m,SHORT,1,0.0
T0186,volatility.bollinger_bandwidth,um,15m,SHORT,1,0.0
T0187,volatility.realized_percentile,um,15m,SHORT,1,0.0
T0188,volume.rvol,um,15m,SHORT,1,0.0
T0189,volume.vwap_deviation,um,15m,SHORT,1,0.0
T0190,orderflow.taker_ratio,um,15m,SHORT,1,0.0
T0191,orderflow.cvd,um,15m,SHORT,1,0.0
T0192,context.btc_regime,um,15m,SHORT,1,0.0
T0193,context.market_breadth,um,15m,SHORT,1,0.0
T0194,derivatives.funding,um,15m,SHORT,1,0.0
T0195,derivatives.funding_zscore,um,15m,SHORT,1,0.0
T0196,trend.ema_20_50_spread,um,1h,SHORT,1,0.0
T0197,trend.ema_20_50_spread,um,1h,SHORT,1,0.0
T0198,trend.ema_20_50_spread,um,1h,SHORT,1,0.0
T0199,trend.ema_50_200_regime,um,1h,SHORT,1,0.0
T0200,trend.ema_50_200_regime,um,1h,SHORT,1,0.0
T0201,trend.ema_50_200_regime,um,1h,SHORT,1,0.0
T0202,trend.ema_slope,um,1h,SHORT,1,0.0
T0203,trend.adx_dmi,um,1h,SHORT,1,0.0
T0204,trend.kaufman_er,um,1h,SHORT,1,0.0
T0205,trend.donchian,um,1h,SHORT,1,0.0
T0206,trend.donchian,um,1h,SHORT,1,0.0
T0207,trend.donchian,um,1h,SHORT,1,0.0
T0208,momentum.roc,um,1h,SHORT,1,0.0
T0209,momentum.roc,um,1h,SHORT,1,0.0
T0210,momentum.roc,um,1h,SHORT,1,0.0
T0211,momentum.rsi,um,1h,SHORT,1,0.0
T0212,momentum.rsi,um,1h,SHORT,1,0.0
T0213,momentum.rsi,um,1h,SHORT,1,0.0
T0214,volatility.atr_natr,um,1h,SHORT,1,0.0
T0215,volatility.bollinger_bandwidth,um,1h,SHORT,1,0.0
T0216,volatility.realized_percentile,um,1h,SHORT,1,0.0
T0217,volume.rvol,um,1h,SHORT,1,0.0
T0218,volume.vwap_deviation,um,1h,SHORT,1,0.0
T0219,orderflow.taker_ratio,um,1h,SHORT,1,0.0
T0220,orderflow.cvd,um,1h,SHORT,1,0.0
T0221,context.btc_regime,um,1h,SHORT,1,0.0
T0222,derivatives.funding,um,1h,SHORT,1,0.0
T0223,derivatives.funding_zscore,um,1h,SHORT,1,0.0
T0224,trend.ema_20_50_spread,um,4h,SHORT,1,0.0
T0225,trend.ema_20_50_spread,um,4h,SHORT,1,0.0
T0226,trend.ema_20_50_spread,um,4h,SHORT,1,0.0
T0227,trend.ema_50_200_regime,um,4h,SHORT,1,0.0
T0228,trend.ema_50_200_regime,um,4h,SHORT,1,0.0
T0229,trend.ema_50_200_regime,um,4h,SHORT,1,0.0
T0230,trend.ema_slope,um,4h,SHORT,1,0.0
T0231,trend.adx_dmi,um,4h,SHORT,1,0.0
T0232,trend.kaufman_er,um,4h,SHORT,1,0.0
T0233,trend.donchian,um,4h,SHORT,1,0.0
T0234,trend.donchian,um,4h,SHORT,1,0.0
T0235,trend.donchian,um,4h,SHORT,1,0.0
T0236,momentum.roc,um,4h,SHORT,1,0.0
T0237,momentum.roc,um,4h,SHORT,1,0.0
T0238,momentum.roc,um,4h,SHORT,1,0.0
T0239,momentum.rsi,um,4h,SHORT,1,0.0
T0240,momentum.rsi,um,4h,SHORT,1,1.0
T0241,momentum.rsi,um,4h,SHORT,1,0.0
T0242,volatility.atr_natr,um,4h,SHORT,1,0.0
T0243,volatility.bollinger_bandwidth,um,4h,SHORT,1,0.0
T0244,volatility.realized_percentile,um,4h,SHORT,1,0.0
T0245,volume.rvol,um,4h,SHORT,1,0.0
T0246,volume.vwap_deviation,um,4h,SHORT,1,0.0
T0247,orderflow.taker_ratio,um,4h,SHORT,1,0.0
T0248,orderflow.cvd,um,4h,SHORT,1,0.0
T0249,context.btc_regime,um,4h,SHORT,1,0.0
T0250,context.market_breadth,um,4h,SHORT,1,0.0
T0251,derivatives.funding,um,4h,SHORT,1,0.0
T0252,derivatives.funding_zscore,um,4h,SHORT,1,0.0
