trial_id,feature_id,market,timeframe,side,seed,blocks,samples,ci95_low,ci95_high
T0001,trend.ema_20_50_spread,spot,15m,LONG,1729,calendar_month,1000,-0.003303480913336194,0.0022145502292632425
T0002,trend.ema_20_50_spread,spot,15m,LONG,1729,calendar_month,1000,-0.003259242709416093,0.004112427313791006
T0003,trend.ema_20_50_spread,spot,15m,LONG,1729,calendar_month,1000,-0.005762860452939924,0.003884679996629945
T0004,trend.ema_50_200_regime,spot,15m,LONG,1729,calendar_month,1000,-0.003303480913336194,0.0022145502292632425
T0005,trend.ema_50_200_regime,spot,15m,LONG,1729,calendar_month,1000,-0.003259242709416093,0.004112427313791006
T0006,trend.ema_50_200_regime,spot,15m,LONG,1729,calendar_month,1000,-0.005762860452939924,0.003884679996629945
T0007,trend.ema_slope,spot,15m,LONG,1729,calendar_month,1000,-0.004583683439776732,0.004435618573426563
T0008,trend.adx_dmi,spot,15m,LONG,1729,calendar_month,1000,-0.004401696174224074,0.004726137830852116
T0009,trend.kaufman_er,spot,15m,LONG,1729,calendar_month,1000,-0.0060281832164459075,0.005869389244718854
T0010,trend.donchian,spot,15m,LONG,1729,calendar_month,1000,-0.005157095326651176,0.005121994755186581
T0011,trend.donchian,spot,15m,LONG,1729,calendar_month,1000,-0.003280577451733797,0.006609709183018548
T0012,trend.donchian,spot,15m,LONG,1729,calendar_month,1000,-0.001481452546150047,0.005817959074006916
T0013,momentum.roc,spot,15m,LONG,1729,calendar_month,1000,-0.005615480275754457,0.004497462851236219
T0014,momentum.roc,spot,15m,LONG,1729,calendar_month,1000,-0.004666636691197808,0.005324429182025673
T0015,momentum.roc,spot,15m,LONG,1729,calendar_month,1000,-0.004324270902294059,0.004382890377774677
T0016,momentum.rsi,spot,15m,LONG,1729,calendar_month,1000,-0.004571201944746371,0.005490598046267592
T0017,momentum.rsi,spot,15m,LONG,1729,calendar_month,1000,-0.007135425200445581,0.0070349903188538605
T0018,momentum.rsi,spot,15m,LONG,1729,calendar_month,1000,-0.004230638848708257,0.004708328037614485
T0019,volatility.atr_natr,spot,15m,LONG,1729,calendar_month,1000,-0.008615044551807899,-0.0007898219659246771
T0020,volatility.bollinger_bandwidth,spot,15m,LONG,1729,calendar_month,1000,-0.005018893307701471,0.005949845541030515
T0021,volatility.realized_percentile,spot,15m,LONG,1729,calendar_month,1000,-0.0036987028195857976,0.004865859015898608
T0022,volume.rvol,spot,15m,LONG,1729,calendar_month,1000,-0.004510136680273536,0.0051029508414303345
T0023,volume.vwap_deviation,spot,15m,LONG,1729,calendar_month,1000,-0.005939066752729013,0.004057854577401854
T0024,orderflow.taker_ratio,spot,15m,LONG,1729,calendar_month,1000,-0.006544390628742404,0.004172034276031006
T0025,orderflow.cvd,spot,15m,LONG,1729,calendar_month,1000,-0.005589927507699672,0.004646735163789712
T0026,context.btc_regime,spot,15m,LONG,1729,calendar_month,1000,-0.002982278629997821,0.005023167799604956
T0027,context.market_breadth,spot,15m,LONG,1729,calendar_month,1000,-0.005554706157462315,0.004726661082790803
T0028,trend.ema_20_50_spread,spot,1h,LONG,1729,calendar_month,1000,-0.004201608620098417,0.0051160586440397796
T0029,trend.ema_20_50_spread,spot,1h,LONG,1729,calendar_month,1000,-0.0073234939743511635,0.006921106249795533
T0030,trend.ema_20_50_spread,spot,1h,LONG,1729,calendar_month,1000,-0.0073234939743511635,0.006921106249795533
T0031,trend.ema_50_200_regime,spot,1h,LONG,1729,calendar_month,1000,-0.004201608620098417,0.0051160586440397796
T0032,trend.ema_50_200_regime,spot,1h,LONG,1729,calendar_month,1000,-0.0073234939743511635,0.006921106249795533
T0033,trend.ema_50_200_regime,spot,1h,LONG,1729,calendar_month,1000,-0.0073234939743511635,0.006921106249795533
T0034,trend.ema_slope,spot,1h,LONG,1729,calendar_month,1000,-0.0073234939743511635,0.006921106249795533
T0035,trend.adx_dmi,spot,1h,LONG,1729,calendar_month,1000,-0.006628711961032017,0.005581269490000549
T0036,trend.kaufman_er,spot,1h,LONG,1729,calendar_month,1000,-0.0046283430031298835,0.005185588654773239
T0037,trend.donchian,spot,1h,LONG,1729,calendar_month,1000,-0.003824617503845197,0.005872475997299396
T0038,trend.donchian,spot,1h,LONG,1729,calendar_month,1000,-0.0064046704715691695,0.006181487110373255
T0039,trend.donchian,spot,1h,LONG,1729,calendar_month,1000,-0.007431770066759005,0.005582372442075091
T0040,momentum.roc,spot,1h,LONG,1729,calendar_month,1000,-0.007530241152462818,0.006229245368407022
T0041,momentum.roc,spot,1h,LONG,1729,calendar_month,1000,-0.0040818445829631095,0.002632353830168476
T0042,momentum.roc,spot,1h,LONG,1729,calendar_month,1000,-0.007547661661062682,0.0068682896419278204
T0043,momentum.rsi,spot,1h,LONG,1729,calendar_month,1000,-0.003057081631354156,0.004699963029514699
T0044,momentum.rsi,spot,1h,LONG,1729,calendar_month,1000,-0.008097446616774433,0.010293055294899198
T0045,momentum.rsi,spot,1h,LONG,1729,calendar_month,1000,-0.0023526789392634465,0.013661595340351938
T0046,volatility.atr_natr,spot,1h,LONG,1729,calendar_month,1000,-0.003261293659102756,0.00852382110900236
T0047,volatility.bollinger_bandwidth,spot,1h,LONG,1729,calendar_month,1000,-0.0032648490567311877,0.005837298856327781
T0048,volatility.realized_percentile,spot,1h,LONG,1729,calendar_month,1000,0.00033056518872637714,0.013407467956000249
T0049,volume.rvol,spot,1h,LONG,1729,calendar_month,1000,-0.004862499598705347,0.0033896191445111825
T0050,volume.vwap_deviation,spot,1h,LONG,1729,calendar_month,1000,-0.003966553140604694,0.004764274103262425
T0051,orderflow.taker_ratio,spot,1h,LONG,1729,calendar_month,1000,-0.006204652753474618,0.004854693800630035
T0052,orderflow.cvd,spot,1h,LONG,1729,calendar_month,1000,-0.007201532869126701,0.006413287947231407
T0053,context.btc_regime,spot,1h,LONG,1729,calendar_month,1000,-0.003989126436230683,0.0029345421306115516
T0054,trend.ema_20_50_spread,spot,4h,LONG,1729,calendar_month,1000,-0.005272616264532788,0.005590455223183843
T0055,trend.ema_20_50_spread,spot,4h,LONG,1729,calendar_month,1000,-0.00312738996498556,0.0057170277422030555
T0056,trend.ema_20_50_spread,spot,4h,LONG,1729,calendar_month,1000,-0.0005541262671580842,-0.0005541262671580842
T0057,trend.ema_50_200_regime,spot,4h,LONG,1729,calendar_month,1000,-0.005272616264532788,0.005590455223183843
T0058,trend.ema_50_200_regime,spot,4h,LONG,1729,calendar_month,1000,-0.00312738996498556,0.0057170277422030555
T0059,trend.ema_50_200_regime,spot,4h,LONG,1729,calendar_month,1000,-0.0005541262671580842,-0.0005541262671580842
T0060,trend.ema_slope,spot,4h,LONG,1729,calendar_month,1000,-0.003694393439311601,0.000874648117616558
T0061,trend.adx_dmi,spot,4h,LONG,1729,calendar_month,1000,-0.004594136502586704,0.005854760349294273
T0062,trend.kaufman_er,spot,4h,LONG,1729,calendar_month,1000,-0.008804305465087042,0.004968230233988042
T0063,trend.donchian,spot,4h,LONG,1729,calendar_month,1000,-0.006736063113917014,0.014063568503197099
T0064,trend.donchian,spot,4h,LONG,1729,calendar_month,1000,-0.008247475006232892,0.01124926618043862
T0065,trend.donchian,spot,4h,LONG,1729,calendar_month,1000,-0.00490743949501157,0.011485523026859372
T0066,momentum.roc,spot,4h,LONG,1729,calendar_month,1000,-0.008190685468247636,0.0077785069812378255
T0067,momentum.roc,spot,4h,LONG,1729,calendar_month,1000,-0.007513435699253887,0.007848107487179611
T0068,momentum.roc,spot,4h,LONG,1729,calendar_month,1000,-0.003694393439311601,0.000874648117616558
T0069,momentum.rsi,spot,4h,LONG,1729,calendar_month,1000,-0.011534246802012588,0.009400020554437836
T0070,momentum.rsi,spot,4h,LONG,1729,calendar_month,1000,-0.01561891050653423,0.01115645946473393
T0071,momentum.rsi,spot,4h,LONG,1729,calendar_month,1000,0.007768311823367461,0.01333978354695678
T0072,volatility.atr_natr,spot,4h,LONG,1729,calendar_month,1000,,
T0073,volatility.bollinger_bandwidth,spot,4h,LONG,1729,calendar_month,1000,-0.0061532474885981825,0.007098562814397018
T0074,volatility.realized_percentile,spot,4h,LONG,1729,calendar_month,1000,-0.007509993384885725,-0.0035501118825651944
T0075,volume.rvol,spot,4h,LONG,1729,calendar_month,1000,-0.013041172770174714,0.007788031849660558
T0076,volume.vwap_deviation,spot,4h,LONG,1729,calendar_month,1000,-0.007500782282529895,0.007863172380366676
T0077,orderflow.taker_ratio,spot,4h,LONG,1729,calendar_month,1000,-0.00312738996498556,0.0057170277422030555
T0078,orderflow.cvd,spot,4h,LONG,1729,calendar_month,1000,-0.008323600031627042,0.007901247014907322
T0079,context.btc_regime,spot,4h,LONG,1729,calendar_month,1000,-0.0022054369057068492,0.004215739431917932
T0080,context.market_breadth,spot,4h,LONG,1729,calendar_month,1000,-0.008357009383208923,0.006878296197602717
T0081,trend.ema_20_50_spread,um,15m,LONG,1729,calendar_month,1000,-0.0031838737641417853,0.004082225236697161
T0082,trend.ema_20_50_spread,um,15m,LONG,1729,calendar_month,1000,-0.0030655305367847862,0.006124352742954584
T0083,trend.ema_20_50_spread,um,15m,LONG,1729,calendar_month,1000,-0.0057727718102201925,0.005335495551657044
T0084,trend.ema_50_200_regime,um,15m,LONG,1729,calendar_month,1000,-0.0031838737641417853,0.004082225236697161
T0085,trend.ema_50_200_regime,um,15m,LONG,1729,calendar_month,1000,-0.0030655305367847862,0.006124352742954584
T0086,trend.ema_50_200_regime,um,15m,LONG,1729,calendar_month,1000,-0.0057727718102201925,0.005335495551657044
T0087,trend.ema_slope,um,15m,LONG,1729,calendar_month,1000,-0.004557279193139595,0.00635302509514216
T0088,trend.adx_dmi,um,15m,LONG,1729,calendar_month,1000,-0.004457919520459662,0.005911140297546456
T0089,trend.kaufman_er,um,15m,LONG,1729,calendar_month,1000,-0.006117206625655991,0.007379431686964424
T0090,trend.donchian,um,15m,LONG,1729,calendar_month,1000,-0.004377788390076425,0.006186538451355659
T0091,trend.donchian,um,15m,LONG,1729,calendar_month,1000,-0.0035046944902934647,0.006914920830827347
T0092,trend.donchian,um,15m,LONG,1729,calendar_month,1000,-0.0018159899641242868,0.006330614601714685
T0093,momentum.roc,um,15m,LONG,1729,calendar_month,1000,-0.005400686332932979,0.005962940750352017
T0094,momentum.roc,um,15m,LONG,1729,calendar_month,1000,-0.0047106737156769,0.006880151594776729
T0095,momentum.roc,um,15m,LONG,1729,calendar_month,1000,-0.004453027077331597,0.0063474827334223495
T0096,momentum.rsi,um,15m,LONG,1729,calendar_month,1000,-0.0037892950547431642,0.0068164871226872705
T0097,momentum.rsi,um,15m,LONG,1729,calendar_month,1000,-0.007203041302026257,0.007179354491036199
T0098,momentum.rsi,um,15m,LONG,1729,calendar_month,1000,-0.005394258575715739,0.0069257531285198265
T0099,volatility.atr_natr,um,15m,LONG,1729,calendar_month,1000,-0.006022911506245675,0.002995664981030968
T0100,volatility.bollinger_bandwidth,um,15m,LONG,1729,calendar_month,1000,-0.005260988071191461,0.007915667122200045
T0101,volatility.realized_percentile,um,15m,LONG,1729,calendar_month,1000,-0.004662073221808454,0.006467094639104414
T0102,volume.rvol,um,15m,LONG,1729,calendar_month,1000,-0.00589842765737095,0.010617859919005252
T0103,volume.vwap_deviation,um,15m,LONG,1729,calendar_month,1000,-0.005866643966616413,0.005638634311212076
T0104,orderflow.taker_ratio,um,15m,LONG,1729,calendar_month,1000,-0.006647450213309962,0.005660054980143285
T0105,orderflow.cvd,um,15m,LONG,1729,calendar_month,1000,-0.005479283596270982,0.006116819684744262
T0106,context.btc_regime,um,15m,LONG,1729,calendar_month,1000,-0.0028011692587387132,0.005947332782731003
T0107,context.market_breadth,um,15m,LONG,1729,calendar_month,1000,-0.004762488480930214,0.007735677421187625
T0108,derivatives.funding,um,15m,LONG,1729,calendar_month,1000,-0.006745525843646788,0.005651885519377171
T0109,derivatives.funding_zscore,um,15m,LONG,1729,calendar_month,1000,,
T0110,trend.ema_20_50_spread,um,1h,LONG,1729,calendar_month,1000,-0.003630229272417682,0.006924347418866729
T0111,trend.ema_20_50_spread,um,1h,LONG,1729,calendar_month,1000,-0.007434911135682022,0.008683885086658688
T0112,trend.ema_20_50_spread,um,1h,LONG,1729,calendar_month,1000,-0.007434911135682022,0.008683885086658688
T0113,trend.ema_50_200_regime,um,1h,LONG,1729,calendar_month,1000,-0.003630229272417682,0.006924347418866729
T0114,trend.ema_50_200_regime,um,1h,LONG,1729,calendar_month,1000,-0.007434911135682022,0.008683885086658688
T0115,trend.ema_50_200_regime,um,1h,LONG,1729,calendar_month,1000,-0.007434911135682022,0.008683885086658688
T0116,trend.ema_slope,um,1h,LONG,1729,calendar_month,1000,-0.007434911135682022,0.008683885086658688
T0117,trend.adx_dmi,um,1h,LONG,1729,calendar_month,1000,-0.006265815146959898,0.007814388656288133
T0118,trend.kaufman_er,um,1h,LONG,1729,calendar_month,1000,-0.004179119938536983,0.006779080689383585
T0119,trend.donchian,um,1h,LONG,1729,calendar_month,1000,-0.004234898760929275,0.006979945734849605
T0120,trend.donchian,um,1h,LONG,1729,calendar_month,1000,-0.007665978011844553,0.006498778334167934
T0121,trend.donchian,um,1h,LONG,1729,calendar_month,1000,-0.008865715370458407,0.005112224258671607
T0122,momentum.roc,um,1h,LONG,1729,calendar_month,1000,-0.007039762533528477,0.008415342530611684
T0123,momentum.roc,um,1h,LONG,1729,calendar_month,1000,-0.003907168609813901,0.004016072916297157
T0124,momentum.roc,um,1h,LONG,1729,calendar_month,1000,-0.007314223356152385,0.008611280351620317
T0125,momentum.rsi,um,1h,LONG,1729,calendar_month,1000,-0.003672325884678113,0.006373525366852116
T0126,momentum.rsi,um,1h,LONG,1729,calendar_month,1000,-0.007170865014750359,0.009328374045394097
T0127,momentum.rsi,um,1h,LONG,1729,calendar_month,1000,-0.002319339519957303,0.015043537498082456
T0128,volatility.atr_natr,um,1h,LONG,1729,calendar_month,1000,0.006316338110022774,0.006660184958619676
T0129,volatility.bollinger_bandwidth,um,1h,LONG,1729,calendar_month,1000,-0.0036326459674570267,0.006918240664615434
T0130,volatility.realized_percentile,um,1h,LONG,1729,calendar_month,1000,0.0006874821272430057,0.01431648123962359
T0131,volume.rvol,um,1h,LONG,1729,calendar_month,1000,-0.00727156637311664,0.004421671418151091
T0132,volume.vwap_deviation,um,1h,LONG,1729,calendar_month,1000,-0.004210878815001959,0.005762211639550579
T0133,orderflow.taker_ratio,um,1h,LONG,1729,calendar_month,1000,-0.006234058578844638,0.00634709715709785
T0134,orderflow.cvd,um,1h,LONG,1729,calendar_month,1000,-0.007010154877921526,0.008582427119310433
T0135,context.btc_regime,um,1h,LONG,1729,calendar_month,1000,-0.003880247600894601,0.004320192810037239
T0136,derivatives.funding,um,1h,LONG,1729,calendar_month,1000,-0.006323823775680187,0.006339929169587749
T0137,derivatives.funding_zscore,um,1h,LONG,1729,calendar_month,1000,,
T0138,trend.ema_20_50_spread,um,4h,LONG,1729,calendar_month,1000,-0.006039297960059071,0.007670168574702923
T0139,trend.ema_20_50_spread,um,4h,LONG,1729,calendar_month,1000,-0.0026384956412626383,0.007202374319882381
T0140,trend.ema_20_50_spread,um,4h,LONG,1729,calendar_month,1000,0.00021481540513380105,0.00021481540513380105
T0141,trend.ema_50_200_regime,um,4h,LONG,1729,calendar_month,1000,-0.006039297960059071,0.007670168574702923
T0142,trend.ema_50_200_regime,um,4h,LONG,1729,calendar_month,1000,-0.0026384956412626383,0.007202374319882381
T0143,trend.ema_50_200_regime,um,4h,LONG,1729,calendar_month,1000,0.00021481540513380105,0.00021481540513380105
T0144,trend.ema_slope,um,4h,LONG,1729,calendar_month,1000,-0.003304783462283992,0.0018637311739630404
T0145,trend.adx_dmi,um,4h,LONG,1729,calendar_month,1000,-0.00474322655552696,0.007564518474164446
T0146,trend.kaufman_er,um,4h,LONG,1729,calendar_month,1000,-0.009027699785457328,0.0053664798164870025
T0147,trend.donchian,um,4h,LONG,1729,calendar_month,1000,-0.005897559852200233,0.015021597916238416
T0148,trend.donchian,um,4h,LONG,1729,calendar_month,1000,-0.007938182379341137,0.0109238039894471
T0149,trend.donchian,um,4h,LONG,1729,calendar_month,1000,-0.005264630773928675,0.012254714935694074
T0150,momentum.roc,um,4h,LONG,1729,calendar_month,1000,-0.00845430566819953,0.009516549643584876
T0151,momentum.roc,um,4h,LONG,1729,calendar_month,1000,-0.007317914480330466,0.009200890637975028
T0152,momentum.roc,um,4h,LONG,1729,calendar_month,1000,-0.003304783462283992,0.0019218507704431675
T0153,momentum.rsi,um,4h,LONG,1729,calendar_month,1000,-0.012821975862450393,0.010049849112155772
T0154,momentum.rsi,um,4h,LONG,1729,calendar_month,1000,-0.014566410970098037,0.010334985099183536
T0155,momentum.rsi,um,4h,LONG,1729,calendar_month,1000,0.015737890493554285,0.01905931263081381
T0156,volatility.atr_natr,um,4h,LONG,1729,calendar_month,1000,,
T0157,volatility.bollinger_bandwidth,um,4h,LONG,1729,calendar_month,1000,-0.005042931322536666,0.008623490846788066
T0158,volatility.realized_percentile,um,4h,LONG,1729,calendar_month,1000,-0.007002044950403153,0.005757857434830774
T0159,volume.rvol,um,4h,LONG,1729,calendar_month,1000,-0.008201737386056536,0.0037423745505448924
T0160,volume.vwap_deviation,um,4h,LONG,1729,calendar_month,1000,-0.007317914480330466,0.009200890637975028
T0161,orderflow.taker_ratio,um,4h,LONG,1729,calendar_month,1000,-0.0026384956412626383,0.007202374319882381
T0162,orderflow.cvd,um,4h,LONG,1729,calendar_month,1000,-0.00863327055401552,0.0093659658837926
T0163,context.btc_regime,um,4h,LONG,1729,calendar_month,1000,-0.0028212858054757544,0.006192054443742236
T0164,context.market_breadth,um,4h,LONG,1729,calendar_month,1000,-0.008203012140724598,0.007849923029526723
T0165,derivatives.funding,um,4h,LONG,1729,calendar_month,1000,-0.0027374859476477545,0.007204532844899
T0166,derivatives.funding_zscore,um,4h,LONG,1729,calendar_month,1000,,
T0167,trend.ema_20_50_spread,um,15m,SHORT,1729,calendar_month,1000,-0.008082225236697162,-0.0008161262358582182
T0168,trend.ema_20_50_spread,um,15m,SHORT,1729,calendar_month,1000,-0.010124352742954588,-0.0009344694632152167
T0169,trend.ema_20_50_spread,um,15m,SHORT,1729,calendar_month,1000,-0.009335495551657046,0.0017727718102201894
T0170,trend.ema_50_200_regime,um,15m,SHORT,1729,calendar_month,1000,-0.008082225236697162,-0.0008161262358582182
T0171,trend.ema_50_200_regime,um,15m,SHORT,1729,calendar_month,1000,-0.010124352742954588,-0.0009344694632152167
T0172,trend.ema_50_200_regime,um,15m,SHORT,1729,calendar_month,1000,-0.009335495551657046,0.0017727718102201894
T0173,trend.ema_slope,um,15m,SHORT,1729,calendar_month,1000,-0.010353025095142163,0.0005572791931395915
T0174,trend.adx_dmi,um,15m,SHORT,1729,calendar_month,1000,-0.009911140297546459,0.0004579195204596583
T0175,trend.kaufman_er,um,15m,SHORT,1729,calendar_month,1000,-0.011379431686964427,0.002117206625655986
T0176,trend.donchian,um,15m,SHORT,1729,calendar_month,1000,-0.010186538451355661,0.0003777883900764222
T0177,trend.donchian,um,15m,SHORT,1729,calendar_month,1000,-0.01091492083082735,-0.0004953055097065383
T0178,trend.donchian,um,15m,SHORT,1729,calendar_month,1000,-0.010330614601714687,-0.002184010035875716
T0179,momentum.roc,um,15m,SHORT,1729,calendar_month,1000,-0.00996294075035202,0.0014006863329329754
T0180,momentum.roc,um,15m,SHORT,1729,calendar_month,1000,-0.010880151594776732,0.0007106737156768971
T0181,momentum.roc,um,15m,SHORT,1729,calendar_month,1000,-0.010347482733422352,0.00045302707733159425
T0182,momentum.rsi,um,15m,SHORT,1729,calendar_month,1000,-0.010816487122687271,-0.00021070494525683885
T0183,momentum.rsi,um,15m,SHORT,1729,calendar_month,1000,-0.011179354491036199,0.0032030413020262528
T0184,momentum.rsi,um,15m,SHORT,1729,calendar_month,1000,-0.010925753128519828,0.0013942585757157344
T0185,volatility.atr_natr,um,15m,SHORT,1729,calendar_month,1000,-0.006995664981030975,0.0020229115062456718
T0186,volatility.bollinger_bandwidth,um,15m,SHORT,1729,calendar_month,1000,-0.011915667122200048,0.0012609880711914585
T0187,volatility.realized_percentile,um,15m,SHORT,1729,calendar_month,1000,-0.010467094639104417,0.0006620732218084506
T0188,volume.rvol,um,15m,SHORT,1729,calendar_month,1000,-0.014617859919005256,0.0018984276573709461
T0189,volume.vwap_deviation,um,15m,SHORT,1729,calendar_month,1000,-0.009638634311212077,0.0018666439666164103
T0190,orderflow.taker_ratio,um,15m,SHORT,1729,calendar_month,1000,-0.009660054980143289,0.0026474502133099586
T0191,orderflow.cvd,um,15m,SHORT,1729,calendar_month,1000,-0.010116819684744266,0.0014792835962709788
T0192,context.btc_regime,um,15m,SHORT,1729,calendar_month,1000,-0.009947332782731005,-0.0011988307412612903
T0193,context.market_breadth,um,15m,SHORT,1729,calendar_month,1000,-0.011735677421187626,0.0007624884809302107
T0194,derivatives.funding,um,15m,SHORT,1729,calendar_month,1000,-0.009651885519377174,0.0027455258436467848
T0195,derivatives.funding_zscore,um,15m,SHORT,1729,calendar_month,1000,,
T0196,trend.ema_20_50_spread,um,1h,SHORT,1729,calendar_month,1000,-0.01092434741886673,-0.0003697707275823206
T0197,trend.ema_20_50_spread,um,1h,SHORT,1729,calendar_month,1000,-0.012683885086658691,0.0034349111356820183
T0198,trend.ema_20_50_spread,um,1h,SHORT,1729,calendar_month,1000,-0.012683885086658691,0.0034349111356820183
T0199,trend.ema_50_200_regime,um,1h,SHORT,1729,calendar_month,1000,-0.01092434741886673,-0.0003697707275823206
T0200,trend.ema_50_200_regime,um,1h,SHORT,1729,calendar_month,1000,-0.012683885086658691,0.0034349111356820183
T0201,trend.ema_50_200_regime,um,1h,SHORT,1729,calendar_month,1000,-0.012683885086658691,0.0034349111356820183
T0202,trend.ema_slope,um,1h,SHORT,1729,calendar_month,1000,-0.012683885086658691,0.0034349111356820183
T0203,trend.adx_dmi,um,1h,SHORT,1729,calendar_month,1000,-0.011814388656288137,0.002265815146959897
T0204,trend.kaufman_er,um,1h,SHORT,1729,calendar_month,1000,-0.010779080689383588,0.00017911993853697897
T0205,trend.donchian,um,1h,SHORT,1729,calendar_month,1000,-0.010979945734849606,0.00023489876092927108
T0206,trend.donchian,um,1h,SHORT,1729,calendar_month,1000,-0.010498778334167937,0.0036659780118445478
T0207,trend.donchian,um,1h,SHORT,1729,calendar_month,1000,-0.00911222425867161,0.004865715370458401
T0208,momentum.roc,um,1h,SHORT,1729,calendar_month,1000,-0.012415342530611686,0.003039762533528474
T0209,momentum.roc,um,1h,SHORT,1729,calendar_month,1000,-0.008016072916297159,-9.283139018610185e-05
T0210,momentum.roc,um,1h,SHORT,1729,calendar_month,1000,-0.012611280351620317,0.0033142233561523826
T0211,momentum.rsi,um,1h,SHORT,1729,calendar_month,1000,-0.010373525366852118,-0.00032767411532188975
T0212,momentum.rsi,um,1h,SHORT,1729,calendar_month,1000,-0.013328374045394097,0.003170865014750355
T0213,momentum.rsi,um,1h,SHORT,1729,calendar_month,1000,-0.019043537498082456,-0.0016806604800426992
T0214,volatility.atr_natr,um,1h,SHORT,1729,calendar_month,1000,-0.010660184958619676,-0.010316338110022777
T0215,volatility.bollinger_bandwidth,um,1h,SHORT,1729,calendar_month,1000,-0.010918240664615435,-0.0003673540325429767
T0216,volatility.realized_percentile,um,1h,SHORT,1729,calendar_month,1000,-0.018316481239623594,-0.004687482127243009
T0217,volume.rvol,um,1h,SHORT,1729,calendar_month,1000,-0.008421671418151094,0.003271566373116638
T0218,volume.vwap_deviation,um,1h,SHORT,1729,calendar_month,1000,-0.009762211639550582,0.00021087881500195558
T0219,orderflow.taker_ratio,um,1h,SHORT,1729,calendar_month,1000,-0.010347097157097852,0.0022340585788446347
T0220,orderflow.cvd,um,1h,SHORT,1729,calendar_month,1000,-0.012582427119310437,0.0030101548779215216
T0221,context.btc_regime,um,1h,SHORT,1729,calendar_month,1000,-0.008320192810037241,-0.00011975239910540171
T0222,derivatives.funding,um,1h,SHORT,1729,calendar_month,1000,-0.010339929169587751,0.002323823775680182
T0223,derivatives.funding_zscore,um,1h,SHORT,1729,calendar_month,1000,,
T0224,trend.ema_20_50_spread,um,4h,SHORT,1729,calendar_month,1000,-0.011670168574702926,0.0020392979600590668
T0225,trend.ema_20_50_spread,um,4h,SHORT,1729,calendar_month,1000,-0.011202374319882382,-0.001361504358737365
T0226,trend.ema_20_50_spread,um,4h,SHORT,1729,calendar_month,1000,-0.0042148154051338035,-0.0042148154051338035
T0227,trend.ema_50_200_regime,um,4h,SHORT,1729,calendar_month,1000,-0.011670168574702926,0.0020392979600590668
T0228,trend.ema_50_200_regime,um,4h,SHORT,1729,calendar_month,1000,-0.011202374319882382,-0.001361504358737365
T0229,trend.ema_50_200_regime,um,4h,SHORT,1729,calendar_month,1000,-0.0042148154051338035,-0.0042148154051338035
T0230,trend.ema_slope,um,4h,SHORT,1729,calendar_month,1000,-0.005863731173963043,-0.0006952165377160111
T0231,trend.adx_dmi,um,4h,SHORT,1729,calendar_month,1000,-0.011564518474164448,0.0007432265555269581
T0232,trend.kaufman_er,um,4h,SHORT,1729,calendar_month,1000,-0.009366479816487005,0.005027699785457326
T0233,trend.donchian,um,4h,SHORT,1729,calendar_month,1000,-0.01902159791623842,0.0018975598522002293
T0234,trend.donchian,um,4h,SHORT,1729,calendar_month,1000,-0.014923803989447102,0.0039381823793411316
T0235,trend.donchian,um,4h,SHORT,1729,calendar_month,1000,-0.016254714935694078,0.0012646307739286706
T0236,momentum.roc,um,4h,SHORT,1729,calendar_month,1000,-0.013516549643584876,0.004454305668199525
T0237,momentum.roc,um,4h,SHORT,1729,calendar_month,1000,-0.013200890637975034,0.003317914480330464
T0238,momentum.roc,um,4h,SHORT,1729,calendar_month,1000,-0.00592185077044317,-0.0006952165377160111
T0239,momentum.rsi,um,4h,SHORT,1729,calendar_month,1000,-0.014049849112155776,0.008821975862450388
T0240,momentum.rsi,um,4h,SHORT,1729,calendar_month,1000,-0.014334985099183541,0.010566410970098031
T0241,momentum.rsi,um,4h,SHORT,1729,calendar_month,1000,-0.02305931263081382,-0.019737890493554285
T0242,volatility.atr_natr,um,4h,SHORT,1729,calendar_month,1000,,
T0243,volatility.bollinger_bandwidth,um,4h,SHORT,1729,calendar_month,1000,-0.01262349084678807,0.0010429313225366638
T0244,volatility.realized_percentile,um,4h,SHORT,1729,calendar_month,1000,-0.009757857434830776,0.003002044950403151
T0245,volume.rvol,um,4h,SHORT,1729,calendar_month,1000,-0.007742374550544898,0.004201737386056532
T0246,volume.vwap_deviation,um,4h,SHORT,1729,calendar_month,1000,-0.013200890637975034,0.003317914480330464
T0247,orderflow.taker_ratio,um,4h,SHORT,1729,calendar_month,1000,-0.011202374319882382,-0.001361504358737365
T0248,orderflow.cvd,um,4h,SHORT,1729,calendar_month,1000,-0.013365965883792604,0.004633270554015516
T0249,context.btc_regime,um,4h,SHORT,1729,calendar_month,1000,-0.01019205444374224,-0.0011787141945242482
T0250,context.market_breadth,um,4h,SHORT,1729,calendar_month,1000,-0.011849923029526727,0.004203012140724597
T0251,derivatives.funding,um,4h,SHORT,1729,calendar_month,1000,-0.011204532844899003,-0.0012625140523522481
T0252,derivatives.funding_zscore,um,4h,SHORT,1729,calendar_month,1000,,
