trial_id,cohort,trades,mean_net_return,sharpe
T0001,top20,400,0.00030894648350629326,1.339411530897794
T0001,top50,927,-0.0009224534515888642,-4.080277316436892
T0001,top100,927,-0.0009224534515888642,-4.080277316436892
T0002,top20,400,0.0015601869753639416,7.349518158818935
T0002,top50,927,-7.837107049177843e-05,-0.36717361493629525
T0002,top100,927,-7.837107049177843e-05,-0.36717361493629525
T0003,top20,400,-0.0006051171774686114,-3.058192638832853
T0003,top50,927,-0.001599951952586151,-7.959961965125248
T0003,top100,927,-0.001599951952586151,-7.959961965125248
T0004,top20,400,0.00030894648350629326,1.339411530897794
T0004,top50,927,-0.0009224534515888642,-4.080277316436892
T0004,top100,927,-0.0009224534515888642,-4.080277316436892
T0005,top20,400,0.0015601869753639416,7.349518158818935
T0005,top50,927,-7.837107049177843e-05,-0.36717361493629525
T0005,top100,927,-7.837107049177843e-05,-0.36717361493629525
T0006,top20,400,-0.0006051171774686114,-3.058192638832853
T0006,top50,927,-0.001599951952586151,-7.959961965125248
T0006,top100,927,-0.001599951952586151,-7.959961965125248
T0007,top20,400,0.0006114473106648117,2.625524800726224
T0007,top50,927,-0.0006918594858594525,-3.08302585260324
T0007,top100,927,-0.0006918594858594525,-3.08302585260324
T0008,top20,368,0.0012087378408385061,5.550057103435593
T0008,top50,855,-0.0005050184995424256,-2.3411844480867274
T0008,top100,855,-0.0005050184995424256,-2.3411844480867274
T0009,top20,382,-0.0005433414759130772,-2.576576301128257
T0009,top50,890,-0.0007076957562845871,-3.336695869484232
T0009,top100,890,-0.0007076957562845871,-3.336695869484232
T0010,top20,353,-0.0005028877305338212,-2.3319415732062967
T0010,top50,819,-0.0007392202243228603,-3.4207849211126184
T0010,top100,819,-0.0007392202243228603,-3.4207849211126184
T0011,top20,312,0.001522831079528167,7.1021180654386935
T0011,top50,726,0.00099703963271832,4.52851950859218
T0011,top100,726,0.00099703963271832,4.52851950859218
T0012,top20,308,0.0017565371606538772,8.070513097545014
T0012,top50,713,0.0016614918681391363,7.441356226311202
T0012,top100,713,0.0016614918681391363,7.441356226311202
T0013,top20,400,-0.00015989605558172542,-0.8161640664886227
T0013,top50,927,-0.0012517507711198605,-6.289997075376787
T0013,top100,927,-0.0012517507711198605,-6.289997075376787
T0014,top20,400,0.0006597181903923171,3.158994910550089
T0014,top50,927,-0.00035549715582629455,-1.7020012520423513
T0014,top100,927,-0.00035549715582629455,-1.7020012520423513
T0015,top20,400,0.0007712919076700783,3.3003719882434797
T0015,top50,927,-0.0005671355063636442,-2.5269138732101273
T0015,top100,927,-0.0005671355063636442,-2.5269138732101273
T0016,top20,361,0.0006401358858052737,3.02849225081509
T0016,top50,844,-0.00018406640364075684,-0.8502917052547148
T0016,top100,844,-0.00018406640364075684,-0.8502917052547148
T0017,top20,258,0.0004109461616130381,1.8685917884755683
T0017,top50,593,-0.000898530680146839,-4.0489197133078
T0017,top100,593,-0.000898530680146839,-4.0489197133078
T0018,top20,149,0.0003868008796462922,1.6656863029733477
T0018,top50,338,-0.000475214890548999,-2.0884499657440294
T0018,top100,338,-0.000475214890548999,-2.0884499657440294
T0019,top20,105,-0.005788812407865516,-21.532411308551367
T0019,top50,214,-0.006823287978404733,-25.252844805040194
T0019,top100,214,-0.006823287978404733,-25.252844805040194
T0020,top20,383,0.0007406484462880299,3.429256878368025
T0020,top50,890,-0.0001384207412993731,-0.6388539900990874
T0020,top100,890,-0.0001384207412993731,-0.6388539900990874
T0021,top20,269,0.0012765325773082493,5.598931468839734
T0021,top50,629,5.935610981594479e-05,0.2528766715029734
T0021,top100,629,5.935610981594479e-05,0.2528766715029734
T0022,top20,342,2.8862261124940985e-05,0.1378483549645959
T0022,top50,805,-0.0002947082390791682,-1.3835673451673816
T0022,top100,805,-0.0002947082390791682,-1.3835673451673816
T0023,top20,400,-0.0005564568549775869,-2.3777206410120137
T0023,top50,927,-0.0016254005908602465,-7.0673105859989
T0023,top100,927,-0.0016254005908602465,-7.0673105859989
T0024,top20,400,-0.0009498631355217588,-4.860836328734101
T0024,top50,927,-0.0019202590624971356,-9.51443154776765
T0024,top100,927,-0.0019202590624971356,-9.51443154776765
T0025,top20,400,-5.633007024159632e-05,-0.28648701899669143
T0025,top50,927,-0.0011728130863450288,-5.883762003992212
T0025,top100,927,-0.0011728130863450288,-5.883762003992212
T0026,top20,341,0.001485170279608448,7.544133170560099
T0026,top50,804,0.000652034736675082,3.2581296796823906
T0026,top100,804,0.000652034736675082,3.2581296796823906
T0027,top20,400,-0.00010448490945304145,-0.5199452905771728
T0027,top50,927,-0.001118301738798618,-5.495271070703613
T0027,top100,927,-0.001118301738798618,-5.495271070703613
T0028,top20,380,0.0007289906118201904,1.7551141511246353
T0028,top50,883,1.930520284074267e-05,0.04684126381340931
T0028,top100,883,1.930520284074267e-05,0.04684126381340931
T0029,top20,380,-0.00015000825979134312,-0.32801164160532503
T0029,top50,883,-0.0008706739407626257,-1.9365754313340549
T0029,top100,883,-0.0008706739407626257,-1.9365754313340549
T0030,top20,380,-0.00015000825979134312,-0.32801164160532503
T0030,top50,883,-0.0008706739407626257,-1.9365754313340549
T0030,top100,883,-0.0008706739407626257,-1.9365754313340549
T0031,top20,380,0.0007289906118201904,1.7551141511246353
T0031,top50,883,1.930520284074267e-05,0.04684126381340931
T0031,top100,883,1.930520284074267e-05,0.04684126381340931
T0032,top20,380,-0.00015000825979134312,-0.32801164160532503
T0032,top50,883,-0.0008706739407626257,-1.9365754313340549
T0032,top100,883,-0.0008706739407626257,-1.9365754313340549
T0033,top20,380,-0.00015000825979134312,-0.32801164160532503
T0033,top50,883,-0.0008706739407626257,-1.9365754313340549
T0033,top100,883,-0.0008706739407626257,-1.9365754313340549
T0034,top20,380,-0.00015000825979134312,-0.32801164160532503
T0034,top50,883,-0.0008706739407626257,-1.9365754313340549
T0034,top100,883,-0.0008706739407626257,-1.9365754313340549
T0035,top20,329,-0.0004954030210509917,-1.2013663341373835
T0035,top50,731,-0.0015843694190185624,-3.914712918448258
T0035,top100,731,-0.0015843694190185624,-3.914712918448258
T0036,top20,351,2.7897246538249987e-05,0.06790413570726678
T0036,top50,816,-0.0003948822879559873,-0.9471837840358368
T0036,top100,816,-0.0003948822879559873,-0.9471837840358368
T0037,top20,256,-0.000434051501801101,-0.963804634438239
T0037,top50,593,0.0002471806104634097,0.5677243792430731
T0037,top100,593,0.0002471806104634097,0.5677243792430731
T0038,top20,187,0.0003738746109234075,0.8255456561855993
T0038,top50,421,-0.0012924781995688024,-2.9351899541894744
T0038,top100,421,-0.0012924781995688024,-2.9351899541894744
T0039,top20,167,-0.0007913855647676084,-1.7739665691634343
T0039,top50,385,-0.0020909011930037137,-4.737150440615444
T0039,top100,385,-0.0020909011930037137,-4.737150440615444
T0040,top20,381,-0.0002938603909712155,-0.7211627369403815
T0040,top50,887,-0.001325286689838313,-3.2715839598830536
T0040,top100,887,-0.001325286689838313,-3.2715839598830536
T0041,top20,381,-0.0009013773052233961,-2.1262645938512144
T0041,top50,892,-0.0013344427659305663,-3.221441758963518
T0041,top100,892,-0.0013344427659305663,-3.221441758963518
T0042,top20,380,-0.00015000825979134312,-0.32801164160532503
T0042,top50,883,-0.0010172193947023186,-2.261118810872533
T0042,top100,883,-0.0010172193947023186,-2.261118810872533
T0043,top20,283,0.001149936648756631,2.5935460109320587
T0043,top50,669,0.0001663240722654881,0.37601381875442436
T0043,top100,669,0.0001663240722654881,0.37601381875442436
T0044,top20,141,0.001445900690730505,3.143491824493387
T0044,top50,312,-0.0008473449015954065,-1.8074891061842513
T0044,top100,312,-0.0008473449015954065,-1.8074891061842513
T0045,top20,67,-0.00029244181782831234,-0.6362582186039374
T0045,top50,132,0.0038346543051334054,7.851843429375811
T0045,top100,132,0.0038346543051334054,7.851843429375811
T0046,top20,36,0.00864851861710101,16.39175754162827
T0046,top50,72,0.0060685888656471275,10.599764943835263
T0046,top100,72,0.0060685888656471275,10.599764943835263
T0047,top20,354,0.0011099331822397019,2.602631419944226
T0047,top50,826,0.0006911692250946839,1.6018384995251183
T0047,top100,826,0.0006911692250946839,1.6018384995251183
T0048,top20,115,0.005339490376114926,11.288923374150704
T0048,top50,256,0.0056430569379313875,11.616804638150041
T0048,top100,256,0.0056430569379313875,11.616804638150041
T0049,top20,229,-4.668732135685315e-05,-0.10164715700033511
T0049,top50,553,-0.001206497623862581,-2.6850634845345778
T0049,top100,553,-0.001206497623862581,-2.6850634845345778
T0050,top20,380,0.0006724032457947284,1.528201378046101
T0050,top50,883,-1.1478511446315926e-05,-0.02632644985958549
T0050,top100,883,-1.1478511446315926e-05,-0.02632644985958549
T0051,top20,380,-0.0010047737669790307,-2.2975894199370925
T0051,top50,883,-0.001194756239723926,-2.7402833801995654
T0051,top100,883,-0.001194756239723926,-2.7402833801995654
T0052,top20,380,-0.00032189125740765106,-0.7872844211727394
T0052,top50,883,-0.0010340036204933567,-2.5580246348739655
T0052,top100,883,-0.0010340036204933567,-2.5580246348739655
T0053,top20,381,-0.000327467636618086,-0.8540873149475715
T0053,top50,892,-0.0011560109352246114,-2.9794944149904654
T0053,top100,892,-0.0011560109352246114,-2.9794944149904654
T0054,top20,340,0.0003448817159989245,0.36602558358885195
T0054,top50,789,-0.000453763259842267,-0.4878214576821462
T0054,top100,789,-0.000453763259842267,-0.4878214576821462
T0055,top20,340,0.0013042239776666377,1.640175058212842
T0055,top50,789,0.0007959892460613544,0.9904670309086514
T0055,top100,789,0.0007959892460613544,0.9904670309086514
T0056,top20,100,0.0018369091873906985,3.2158781947793313
T0056,top50,250,-0.0005541262671580842,-0.8550512609991765
T0056,top100,250,-0.0005541262671580842,-0.8550512609991765
T0057,top20,340,0.0003448817159989245,0.36602558358885195
T0057,top50,789,-0.000453763259842267,-0.4878214576821462
T0057,top100,789,-0.000453763259842267,-0.4878214576821462
T0058,top20,340,0.0013042239776666377,1.640175058212842
T0058,top50,789,0.0007959892460613544,0.9904670309086514
T0058,top100,789,0.0007959892460613544,0.9904670309086514
T0059,top20,100,0.0018369091873906985,3.2158781947793313
T0059,top50,250,-0.0005541262671580842,-0.8550512609991765
T0059,top100,250,-0.0005541262671580842,-0.8550512609991765
T0060,top20,341,-0.001685083484049556,-2.0199695402082267
T0060,top50,798,-0.0018908244036820643,-2.2479661689556383
T0060,top100,798,-0.0018908244036820643,-2.2479661689556383
T0061,top20,261,-0.0010566094737225586,-1.269972065043585
T0061,top50,583,-0.0009558413723434136,-1.1463300717230898
T0061,top100,583,-0.0009558413723434136,-1.1463300717230898
T0062,top20,254,-0.0029739182310473456,-3.466598294637845
T0062,top50,592,-0.002802085515152293,-3.2061236656475063
T0062,top100,592,-0.002802085515152293,-3.2061236656475063
T0063,top20,114,0.0014918321469927416,1.5230092600066512
T0063,top50,248,0.0013992766718090698,1.5091662061633313
T0063,top100,248,0.0013992766718090698,1.5091662061633313
T0064,top20,61,-0.004478729258818848,-3.7876411547239424
T0064,top50,126,-0.0011296171126861496,-1.0666876835238297
T0064,top100,126,-0.0011296171126861496,-1.0666876835238297
T0065,top20,54,-0.0013928085836766527,-1.1538728751496214
T0065,top50,108,0.0002533079655774297,0.23177490379953264
T0065,top100,108,0.0002533079655774297,0.23177490379953264
T0066,top20,340,-0.00037428059891949457,-0.4406186123381208
T0066,top50,789,-0.0011067597935709426,-1.3220509412844144
T0066,top100,789,-0.0011067597935709426,-1.3220509412844144
T0067,top20,340,-9.80574285933168e-05,-0.1159849959762421
T0067,top50,789,-0.0006990629296065806,-0.8494134857666278
T0067,top100,789,-0.0006990629296065806,-0.8494134857666278
T0068,top20,341,-0.001685083484049556,-2.0199695402082267
T0068,top50,798,-0.0018908244036820643,-2.2479661689556383
T0068,top100,798,-0.0018908244036820643,-2.2479661689556383
T0069,top20,169,-0.0013596047898027776,-1.5631522124474828
T0069,top50,382,-0.0030399760160183054,-3.3530527363689546
T0069,top100,382,-0.0030399760160183054,-3.3530527363689546
T0070,top20,51,-0.014088402172489157,-14.737379884987812
T0070,top50,116,-0.007078490774319386,-6.706707016795166
T0070,top100,116,-0.007078490774319386,-6.706707016795166
T0071,top20,22,-0.004520973308174106,-5.031789428119134
T0071,top50,41,0.00939898647417409,8.867334841805818
T0071,top100,41,0.00939898647417409,8.867334841805818
T0072,top20,5,-0.011297205872404325,-17.83481153108302
T0072,top50,12,-0.006559263662314972,-9.011392739677827
T0072,top100,12,-0.006559263662314972,-9.011392739677827
T0073,top20,246,0.0015417308672721563,1.8083556083385859
T0073,top50,571,-2.6315929945410372e-05,-0.030325275631863362
T0073,top100,571,-2.6315929945410372e-05,-0.030325275631863362
T0074,top20,25,0.0007523702751167293,0.8687058155644976
T0074,top50,38,-0.006363711897371887,-7.391107067676026
T0074,top100,38,-0.006363711897371887,-7.391107067676026
T0075,top20,84,-0.006414611069254659,-6.266974179750865
T0075,top50,183,-0.004276971919205776,-4.032100667772123
T0075,top100,183,-0.004276971919205776,-4.032100667772123
T0076,top20,340,-8.132845808931954e-06,-0.009618337425120065
T0076,top50,789,-0.0006853397831461182,-0.8357713810920856
T0076,top100,789,-0.0006853397831461182,-0.8357713810920856
T0077,top20,340,0.0013042239776666377,1.640175058212842
T0077,top50,789,0.0007959892460613544,0.9904670309086514
T0077,top100,789,0.0007959892460613544,0.9904670309086514
T0078,top20,340,-0.0003074836166071294,-0.362256783701207
T0078,top50,789,-0.001126266107308882,-1.3444841611281313
T0078,top100,789,-0.001126266107308882,-1.3444841611281313
T0079,top20,321,0.0012078072812725998,1.383026756733109
T0079,top50,754,0.0004771500257942193,0.5411184399981424
T0079,top100,754,0.0004771500257942193,0.5411184399981424
T0080,top20,340,-0.0010146440605616504,-1.2732209087333124
T0080,top50,789,-0.0015986355514166876,-2.0164709065188045
T0080,top100,789,-0.0015986355514166876,-2.0164709065188045
T0081,top20,387,0.0005218826312223917,2.258972522173773
T0081,top50,938,-8.532408361344956e-05,-0.36854845787261586
T0081,top100,938,-8.532408361344956e-05,-0.36854845787261586
T0082,top20,387,0.0016083119695891946,7.253628995935535
T0082,top50,938,0.0008533962349590809,3.8984130840228652
T0082,top100,938,0.0008533962349590809,3.8984130840228652
T0083,top20,387,-0.00032738192549849784,-1.6530921684149267
T0083,top50,938,-0.0010357708030230765,-5.079458532300424
T0083,top100,938,-0.0010357708030230765,-5.079458532300424
T0084,top20,387,0.0005218826312223917,2.258972522173773
T0084,top50,938,-8.532408361344956e-05,-0.36854845787261586
T0084,top100,938,-8.532408361344956e-05,-0.36854845787261586
T0085,top20,387,0.0016083119695891946,7.253628995935535
T0085,top50,938,0.0008533962349590809,3.8984130840228652
T0085,top100,938,0.0008533962349590809,3.8984130840228652
T0086,top20,387,-0.00032738192549849784,-1.6530921684149267
T0086,top50,938,-0.0010357708030230765,-5.079458532300424
T0086,top100,938,-0.0010357708030230765,-5.079458532300424
T0087,top20,387,0.0007991266953805901,3.5516040776795297
T0087,top50,938,9.530259290806195e-05,0.412496382402703
T0087,top100,938,9.530259290806195e-05,0.412496382402703
T0088,top20,355,0.001157478731990738,5.232451935286639
T0088,top50,866,-7.561479368109476e-05,-0.3441502962676526
T0088,top100,866,-7.561479368109476e-05,-0.3441502962676526
T0089,top20,369,0.00041183507603530266,1.908051666162443
T0089,top50,898,-0.00015042999969796665,-0.6935966643000804
T0089,top100,898,-0.00015042999969796665,-0.6935966643000804
T0090,top20,341,0.0006784117262795267,3.1459822817935925
T0090,top50,830,0.00010250443906103671,0.48068386745151825
T0090,top100,830,0.00010250443906103671,0.48068386745151825
T0091,top20,304,0.002010104316430865,9.227552714964766
T0091,top50,727,0.0008523386013443985,3.916020168085989
T0091,top100,727,0.0008523386013443985,3.916020168085989
T0092,top20,299,0.0022086126428601085,10.132698835462532
T0092,top50,715,0.0015793780926869217,7.155674348422202
T0092,top100,715,0.0015793780926869217,7.155674348422202
T0093,top20,387,0.00029733376671147707,1.521157131078502
T0093,top50,938,-0.0005547899221504641,-2.7455362944415236
T0093,top100,938,-0.0005547899221504641,-2.7455362944415236
T0094,top20,387,0.0010846413466929225,5.264926625108696
T0094,top50,938,0.0002321089327041788,1.0938213392293132
T0094,top100,938,0.0002321089327041788,1.0938213392293132
T0095,top20,387,0.0008299735390889881,3.680972430779621
T0095,top50,938,0.00015273403599631196,0.6604747552562334
T0095,top100,938,0.00015273403599631196,0.6604747552562334
T0096,top20,352,0.000862527801426051,4.116088252728199
T0096,top50,854,0.0007560401641555928,3.430325781011171
T0096,top100,854,0.0007560401641555928,3.430325781011171
T0097,top20,257,0.001279161446472432,5.84579979824427
T0097,top50,608,-0.0009107431425614324,-4.222746436162818
T0097,top100,608,-0.0009107431425614324,-4.222746436162818
T0098,top20,142,0.0019368430865446887,8.290026681257821
T0098,top50,343,-0.00015017196108485704,-0.6429789100021411
T0098,top100,343,-0.00015017196108485704,-0.6429789100021411
T0099,top20,101,-0.006600457487489839,-24.92481255339473
T0099,top50,205,-0.0036472864803288995,-12.501469753147974
T0099,top100,205,-0.0036472864803288995,-12.501469753147974
T0100,top20,369,0.0012514954607543236,5.716144070683137
T0100,top50,899,0.000543189299868646,2.487554785852094
T0100,top100,899,0.000543189299868646,2.487554785852094
T0101,top20,254,-0.0013970483370571907,-5.868403047193112
T0101,top50,630,7.223945553225817e-05,0.30413564836158496
T0101,top100,630,7.223945553225817e-05,0.30413564836158496
T0102,top20,327,0.0010883469355286494,5.048671619746389
T0102,top50,787,0.0013838490757961946,6.211331796873251
T0102,top100,787,0.0013838490757961946,6.211331796873251
T0103,top20,387,3.5062652161453253e-06,0.015289268879790876
T0103,top50,938,-0.0009603419291628997,-4.045029291344497
T0103,top100,938,-0.0009603419291628997,-4.045029291344497
T0104,top20,387,-0.0004924915228400219,-2.4831739865675564
T0104,top50,938,-0.00139904714573928,-6.880640261609593
T0104,top100,938,-0.00139904714573928,-6.880640261609593
T0105,top20,387,0.0003705267828276763,1.8879378217695142
T0105,top50,938,-0.0005342502141749286,-2.6492511434130672
T0105,top100,938,-0.0005342502141749286,-2.6492511434130672
T0106,top20,331,0.0010109281079813208,5.0719231235940585
T0106,top50,811,0.0011146214207354013,5.343712075947214
T0106,top100,811,0.0011146214207354013,5.343712075947214
T0107,top20,387,0.0016419452757665133,7.8146324142072725
T0107,top50,938,0.0005672197928940247,2.599931037834419
T0107,top100,938,0.0005672197928940247,2.599931037834419
T0108,top20,374,-0.0006238484625066377,-3.108897032891269
T0108,top50,925,-0.0014648987333425285,-7.169752002615301
T0108,top100,925,-0.0014648987333425285,-7.169752002615301
T0109,top20,17,0.009737513576198844,76.77082911015525
T0109,top50,24,0.007317562750608819,46.86056237804539
T0109,top100,24,0.007317562750608819,46.86056237804539
T0110,top20,368,0.0011203957281725526,2.670501666290028
T0110,top50,893,0.0010974646542494676,2.540413827282768
T0110,top100,893,0.0010974646542494676,2.540413827282768
T0111,top20,368,0.0001964813683860903,0.42449568101441476
T0111,top50,893,-0.00021484563855292223,-0.46605656218646097
T0111,top100,893,-0.00021484563855292223,-0.46605656218646097
T0112,top20,368,0.0001964813683860903,0.42449568101441476
T0112,top50,893,-0.00021484563855292223,-0.46605656218646097
T0112,top100,893,-0.00021484563855292223,-0.46605656218646097
T0113,top20,368,0.0011203957281725526,2.670501666290028
T0113,top50,893,0.0010974646542494676,2.540413827282768
T0113,top100,893,0.0010974646542494676,2.540413827282768
T0114,top20,368,0.0001964813683860903,0.42449568101441476
T0114,top50,893,-0.00021484563855292223,-0.46605656218646097
T0114,top100,893,-0.00021484563855292223,-0.46605656218646097
T0115,top20,368,0.0001964813683860903,0.42449568101441476
T0115,top50,893,-0.00021484563855292223,-0.46605656218646097
T0115,top100,893,-0.00021484563855292223,-0.46605656218646097
T0116,top20,368,0.0001964813683860903,0.42449568101441476
T0116,top50,893,-0.00021484563855292223,-0.46605656218646097
T0116,top100,893,-0.00021484563855292223,-0.46605656218646097
T0117,top20,319,-0.0008517774720886903,-2.0519193822436144
T0117,top50,743,-0.0005238208638049146,-1.2255148945906036
T0117,top100,743,-0.0005238208638049146,-1.2255148945906036
T0118,top20,341,0.0012028892546454698,2.89628282731891
T0118,top50,834,0.0005247599473090164,1.243786715414266
T0118,top100,834,0.0005247599473090164,1.243786715414266
T0119,top20,248,-0.0002520087303538462,-0.5820275563862424
T0119,top50,605,0.00034372370263664737,0.7728300894732801
T0119,top100,605,0.00034372370263664737,0.7728300894732801
T0120,top20,171,0.0006067046833550835,1.4126031768386238
T0120,top50,428,-0.002039789743568565,-4.645268136943471
T0120,top100,428,-0.002039789743568565,-4.645268136943471
T0121,top20,152,-0.000641228263748371,-1.5267360267347774
T0121,top50,391,-0.0032173407888662266,-7.446411322695586
T0121,top100,391,-0.0032173407888662266,-7.446411322695586
T0122,top20,368,0.00031261967026222906,0.760232936345738
T0122,top50,894,-0.00012472671064697326,-0.299071584865094
T0122,top100,894,-0.00012472671064697326,-0.299071584865094
T0123,top20,369,-0.0005271902311833346,-1.2876931004918672
T0123,top50,901,-0.0007150080393607221,-1.7176165924808555
T0123,top100,901,-0.0007150080393607221,-1.7176165924808555
T0124,top20,368,0.0001964813683860903,0.42449568101441476
T0124,top50,893,-0.00018073905255878848,-0.39290839676798767
T0124,top100,893,-0.00018073905255878848,-0.39290839676798767
T0125,top20,273,0.0019902790439575452,4.2228860409840845
T0125,top50,672,0.0003938520028460267,0.8679952646845088
T0125,top100,672,0.0003938520028460267,0.8679952646845088
T0126,top20,135,0.0051227733005719985,11.33477368870064
T0126,top50,324,-0.000703570691792502,-1.504463088209087
T0126,top100,324,-0.000703570691792502,-1.504463088209087
T0127,top20,64,0.003697305335231115,8.079612373214825
T0127,top50,140,0.004873852387516312,9.8904283624489
T0127,top100,140,0.004873852387516312,9.8904283624489
T0128,top20,32,-0.0013303077348098087,-2.952249849251867
T0128,top50,66,0.00641532432401279,11.067672171548242
T0128,top100,66,0.00641532432401279,11.067672171548242
T0129,top20,344,0.001189774471476502,2.8012505837692476
T0129,top50,841,0.0009214228166598618,2.1239299490197054
T0129,top100,841,0.0009214228166598618,2.1239299490197054
T0130,top20,106,0.0032167955634411745,6.675325329046462
T0130,top50,268,0.006179765351635183,12.915208199051339
T0130,top100,268,0.006179765351635183,12.915208199051339
T0131,top20,218,-0.00180833144570776,-3.8020781867591724
T0131,top50,521,-0.002131928265246563,-4.6819726915095705
T0131,top100,521,-0.002131928265246563,-4.6819726915095705
T0132,top20,368,0.0009163976356511185,2.012436001770578
T0132,top50,893,0.00025635095187487875,0.5721017668114401
T0132,top100,893,0.00025635095187487875,0.5721017668114401
T0133,top20,368,-0.0006467448218105663,-1.4444509021964123
T0133,top50,893,-0.0005986024821178787,-1.3451120266451866
T0133,top100,893,-0.0005986024821178787,-1.3451120266451866
T0134,top20,368,0.00031261967026222906,0.760232936345738
T0134,top50,893,-2.5795640639572427e-05,-0.06139296442204324
T0134,top100,893,-2.5795640639572427e-05,-0.06139296442204324
T0135,top20,369,0.00015272521500772998,0.3938594317963473
T0135,top50,901,-0.0005764075685213962,-1.447422986953585
T0135,top100,901,-0.0005764075685213962,-1.447422986953585
T0136,top20,356,-0.000801180235487919,-1.7676706608997443
T0136,top50,881,-0.0006603519704184748,-1.4765455320467056
T0136,top100,881,-0.0006603519704184748,-1.4765455320467056
T0137,top20,17,0.008545748964738429,31.154694118357916
T0137,top50,24,0.006698071553899078,20.978938362853775
T0137,top100,24,0.006698071553899078,20.978938362853775
T0138,top20,329,0.0008656925157823262,0.9504783763390161
T0138,top50,798,-2.6374041303810163e-05,-0.027419850600234056
T0138,top100,798,-2.6374041303810163e-05,-0.027419850600234056
T0139,top20,329,0.001798985454606093,2.196449987953496
T0139,top50,798,0.001677675394327282,2.0224091910262536
T0139,top100,798,0.001677675394327282,2.0224091910262536
T0140,top20,100,0.002678134034239974,4.821179648107011
T0140,top50,250,0.00021481540513380105,0.3370223923305945
T0140,top100,250,0.00021481540513380105,0.3370223923305945
T0141,top20,329,0.0008656925157823262,0.9504783763390161
T0141,top50,798,-2.6374041303810163e-05,-0.027419850600234056
T0141,top100,798,-2.6374041303810163e-05,-0.027419850600234056
T0142,top20,329,0.001798985454606093,2.196449987953496
T0142,top50,798,0.001677675394327282,2.0224091910262536
T0142,top100,798,0.001677675394327282,2.0224091910262536
T0143,top20,100,0.002678134034239974,4.821179648107011
T0143,top50,250,0.00021481540513380105,0.3370223923305945
T0143,top100,250,0.00021481540513380105,0.3370223923305945
T0144,top20,330,-0.0018394207543905201,-2.1736707718842423
T0144,top50,806,-0.0012976555700441395,-1.5246299715144163
T0144,top100,806,-0.0012976555700441395,-1.5246299715144163
T0145,top20,243,-0.0011958251016889728,-1.407677106078329
T0145,top50,592,-0.0005020441466468134,-0.5718204634779022
T0145,top100,592,-0.0005020441466468134,-0.5718204634779022
T0146,top20,246,-0.000759483212098312,-0.8705145832411951
T0146,top50,607,-0.002743585132219688,-3.0829493993614285
T0146,top100,607,-0.002743585132219688,-3.0829493993614285
T0147,top20,100,0.002353273994048435,2.5783842425025445
T0147,top50,244,0.0019899914375389313,2.1635579018429256
T0147,top100,244,0.0019899914375389313,2.1635579018429256
T0148,top20,51,-0.003516690854688142,-3.300588060771092
T0148,top50,123,-0.0013441546243989067,-1.29220414339049
T0148,top100,123,-0.0013441546243989067,-1.29220414339049
T0149,top20,46,-0.0009086385632188723,-0.8343668344598225
T0149,top50,106,2.4228308221590834e-05,0.02254980670108248
T0149,top100,106,2.4228308221590834e-05,0.02254980670108248
T0150,top20,329,-8.150537257982662e-05,-0.09382936887329733
T0150,top50,798,-0.0005723515840835627,-0.6717365918623333
T0150,top100,798,-0.0005723515840835627,-0.6717365918623333
T0151,top20,329,0.0004881922253246427,0.5826946604900388
T0151,top50,798,-7.282451616139003e-05,-0.08771241051941976
T0151,top100,798,-7.282451616139003e-05,-0.08771241051941976
T0152,top20,330,-0.0018394207543905201,-2.1736707718842423
T0152,top50,806,-0.001275085553048755,-1.4977752967604
T0152,top100,806,-0.001275085553048755,-1.4977752967604
T0153,top20,159,-0.0012037164668112334,-1.3692705598864747
T0153,top50,384,-0.003530296966516638,-3.8946495849713934
T0153,top100,384,-0.003530296966516638,-3.8946495849713934
T0154,top20,52,-0.005531094955301301,-5.023219188133805
T0154,top50,119,-0.0070332155205674735,-6.6192230705841455
T0154,top100,119,-0.0070332155205674735,-6.6192230705841455
T0155,top20,18,0.0033586746275262543,4.109879623992988
T0155,top50,37,0.016635572152273077,16.617473380180364
T0155,top100,37,0.016635572152273077,16.617473380180364
T0156,top20,3,-0.013511401942200385,-16.647872064497513
T0156,top50,6,-0.020534573800296597,-25.782095359719015
T0156,top100,6,-0.020534573800296597,-25.782095359719015
T0157,top20,234,-0.0004671048618916727,-0.556746225659647
T0157,top50,567,0.001247961422073131,1.459449798204685
T0157,top100,567,0.001247961422073131,1.459449798204685
T0158,top20,21,0.00411780926908311,4.64934823162779
T0158,top50,39,-0.0034030981237987133,-3.861737338563889
T0158,top100,39,-0.0034030981237987133,-3.861737338563889
T0159,top20,65,-0.0077361312242591775,-7.672487601282621
T0159,top50,149,-0.003953160656929852,-3.6472811274448
T0159,top100,149,-0.003953160656929852,-3.6472811274448
T0160,top20,329,0.0004881922253246427,0.5826946604900388
T0160,top50,798,-7.282451616139003e-05,-0.08771241051941976
T0160,top100,798,-7.282451616139003e-05,-0.08771241051941976
T0161,top20,329,0.001798985454606093,2.196449987953496
T0161,top50,798,0.001677675394327282,2.0224091910262536
T0161,top100,798,0.001677675394327282,2.0224091910262536
T0162,top20,329,-9.817967502210963e-05,-0.11303234591602798
T0162,top50,798,-0.0007388686076084498,-0.8678921561454884
T0162,top100,798,-0.0007388686076084498,-0.8678921561454884
T0163,top20,311,0.000997259973221431,1.19402077593923
T0163,top50,761,0.0008859093298793449,0.9967859979745496
T0163,top100,761,0.0008859093298793449,0.9967859979745496
T0164,top20,329,-0.0012598792575647466,-1.5340195231984204
T0164,top50,798,-0.0011622511011406868,-1.4255068820498074
T0164,top100,798,-0.0011622511011406868,-1.4255068820498074
T0165,top20,318,0.0016625040645348442,2.0027994902630395
T0165,top50,787,0.001620832328627506,1.9431854700113327
T0165,top100,787,0.001620832328627506,1.9431854700113327
T0166,top20,17,0.011863487523080177,24.62018459233397
T0166,top50,24,0.008025915891482242,12.501537906571835
T0166,top100,24,0.008025915891482242,12.501537906571835
T0167,top20,387,-0.004521882631222394,-19.572999753795898
T0167,top50,938,-0.003914675916386554,-16.9090333110582
T0167,top100,938,-0.003914675916386554,-16.9090333110582
T0168,top20,387,-0.005608311969589199,-25.29398219380003
T0168,top50,938,-0.004853396234959084,-22.170877500085307
T0168,top100,938,-0.004853396234959084,-22.170877500085307
T0169,top20,387,-0.003672618074501505,-18.544628471144485
T0169,top50,938,-0.002964229196976926,-14.536690204370458
T0169,top100,938,-0.002964229196976926,-14.536690204370458
T0170,top20,387,-0.004521882631222394,-19.572999753795898
T0170,top50,938,-0.003914675916386554,-16.9090333110582
T0170,top100,938,-0.003914675916386554,-16.9090333110582
T0171,top20,387,-0.005608311969589199,-25.29398219380003
T0171,top50,938,-0.004853396234959084,-22.170877500085307
T0171,top100,938,-0.004853396234959084,-22.170877500085307
T0172,top20,387,-0.003672618074501505,-18.544628471144485
T0172,top50,938,-0.002964229196976926,-14.536690204370458
T0172,top100,938,-0.002964229196976926,-14.536690204370458
T0173,top20,387,-0.004799126695380592,-21.329030852231483
T0173,top50,938,-0.004095302592908065,-17.725619554219737
T0173,top100,938,-0.004095302592908065,-17.725619554219737
T0174,top20,355,-0.0051574787319907415,-23.31469151574923
T0174,top50,866,-0.003924385206318909,-17.861297580459013
T0174,top100,866,-0.003924385206318909,-17.861297580459013
T0175,top20,369,-0.004411835076035306,-20.440243576876583
T0175,top50,898,-0.003849570000302037,-17.749444369873537
T0175,top100,898,-0.003849570000302037,-17.749444369873537
T0176,top20,341,-0.004678411726279531,-21.695085488169198
T0176,top50,830,-0.00410250443906104,-19.238266343086288
T0176,top100,830,-0.00410250443906104,-19.238266343086288
T0177,top20,304,-0.006010104316430868,-27.589888718201028
T0177,top50,727,-0.004852338601344402,-22.293787698075743
T0177,top100,727,-0.004852338601344402,-22.293787698075743
T0178,top20,299,-0.006208612642860111,-28.483945475689854
T0178,top50,715,-0.005579378092686924,-25.278438951921526
T0178,top100,715,-0.005579378092686924,-25.278438951921526
T0179,top20,387,-0.004297333766711479,-21.98512458290961
T0179,top50,938,-0.0034452100778495386,-17.049605504813513
T0179,top100,938,-0.0034452100778495386,-17.049605504813513
T0180,top20,387,-0.005084641346692927,-24.681212538093636
T0180,top50,938,-0.004232108932704181,-19.94395909973302
T0180,top100,938,-0.004232108932704181,-19.94395909973302
T0181,top20,387,-0.004829973539088991,-21.42116417144646
T0181,top50,938,-0.004152734035996314,-17.957857121873776
T0181,top100,938,-0.004152734035996314,-17.957857121873776
T0182,top20,352,-0.004862527801426053,-23.204577903370925
T0182,top50,854,-0.004756040164155596,-21.57923343774891
T0182,top100,854,-0.004756040164155596,-21.57923343774891
T0183,top20,257,-0.0052791614464724355,-24.125899825853292
T0183,top50,608,-0.0030892568574385705,-14.323630643488853
T0183,top100,608,-0.0030892568574385705,-14.323630643488853
T0184,top20,142,-0.005936843086544692,-25.41072528373917
T0184,top50,343,-0.0038498280389151463,-16.483491447238947
T0184,top100,343,-0.0038498280389151463,-16.483491447238947
T0185,top20,101,0.0026004574874898376,9.8199125669099
T0185,top50,205,-0.0003527135196711032,-1.2089638204940325
T0185,top100,205,-0.0003527135196711032,-1.2089638204940325
T0186,top20,369,-0.005251495460754326,-23.9859476774427
T0186,top50,899,-0.0045431892998686494,-20.805697550841288
T0186,top100,899,-0.0045431892998686494,-20.805697550841288
T0187,top20,254,-0.0026029516629428127,-10.9338875866574
T0187,top50,630,-0.004072239455532262,-17.144553180344506
T0187,top100,630,-0.004072239455532262,-17.144553180344506
T0188,top20,327,-0.005088346935528652,-23.604047501956487
T0188,top50,787,-0.005383849075796196,-24.165115646602896
T0188,top100,787,-0.005383849075796196,-24.165115646602896
T0189,top20,387,-0.004003506265216149,-17.457516752857078
T0189,top50,938,-0.003039658070837103,-12.803258463290675
T0189,top100,938,-0.003039658070837103,-12.803258463290675
T0190,top20,387,-0.003507508477159981,-17.685083710523227
T0190,top50,938,-0.0026009528542607226,-12.791721123964019
T0190,top100,938,-0.0026009528542607226,-12.791721123964019
T0191,top20,387,-0.004370526782827679,-22.26905907148552
T0191,top50,938,-0.003465749785825075,-17.18603257288418
T0191,top100,938,-0.003465749785825075,-17.18603257288418
T0192,top20,331,-0.005010928107981324,-25.140306161125654
T0192,top50,811,-0.005114621420735405,-24.520490761652223
T0192,top100,811,-0.005114621420735405,-24.520490761652223
T0193,top20,387,-0.005641945275766516,-26.85213026396759
T0193,top50,938,-0.004567219792894027,-20.934488966916934
T0193,top100,938,-0.004567219792894027,-20.934488966916934
T0194,top20,374,-0.0033761515374933645,-16.824770963337496
T0194,top50,925,-0.002535101266657474,-12.407715953154566
T0194,top100,925,-0.002535101266657474,-12.407715953154566
T0195,top20,17,-0.013737513576198845,-108.30694087396498
T0195,top50,24,-0.01131756275060882,-72.47595590461084
T0195,top100,24,-0.01131756275060882,-72.47595590461084
T0196,top20,368,-0.005120395728172555,-12.204638932756808
T0196,top50,893,-0.005097464654249471,-11.799623469966356
T0196,top100,893,-0.005097464654249471,-11.799623469966356
T0197,top20,368,-0.004196481368386094,-9.06644854405172
T0197,top50,893,-0.0037851543614470812,-8.210992975808404
T0197,top100,893,-0.0037851543614470812,-8.210992975808404
T0198,top20,368,-0.004196481368386094,-9.06644854405172
T0198,top50,893,-0.0037851543614470812,-8.210992975808404
T0198,top100,893,-0.0037851543614470812,-8.210992975808404
T0199,top20,368,-0.005120395728172555,-12.204638932756808
T0199,top50,893,-0.005097464654249471,-11.799623469966356
T0199,top100,893,-0.005097464654249471,-11.799623469966356
T0200,top20,368,-0.004196481368386094,-9.06644854405172
T0200,top50,893,-0.0037851543614470812,-8.210992975808404
T0200,top100,893,-0.0037851543614470812,-8.210992975808404
T0201,top20,368,-0.004196481368386094,-9.06644854405172
T0201,top50,893,-0.0037851543614470812,-8.210992975808404
T0201,top100,893,-0.0037851543614470812,-8.210992975808404
T0202,top20,368,-0.004196481368386094,-9.06644854405172
T0202,top50,893,-0.0037851543614470812,-8.210992975808404
T0202,top100,893,-0.0037851543614470812,-8.210992975808404
T0203,top20,319,-0.0031482225279113128,-7.5840216914830325
T0203,top50,743,-0.0034761791361950884,-8.132759884224013
T0203,top100,743,-0.0034761791361950884,-8.132759884224013
T0204,top20,341,-0.005202889254645472,-12.52737003217565
T0204,top50,834,-0.004524759947309018,-10.72459196202228
T0204,top100,834,-0.004524759947309018,-10.72459196202228
T0205,top20,248,-0.0037479912696461565,-8.656185033614367
T0205,top50,605,-0.004343723702636651,-9.7664500644128
T0205,top100,605,-0.004343723702636651,-9.7664500644128
T0206,top20,171,-0.0046067046833550875,-10.725886661165228
T0206,top50,428,-0.001960210256431439,-4.4640396269375
T0206,top100,428,-0.001960210256431439,-4.4640396269375
T0207,top20,152,-0.003358771736251631,-7.997086381279948
T0207,top50,391,-0.0007826592111337773,-1.8114345958521574
T0207,top100,391,-0.0007826592111337773,-1.8114345958521574
T0208,top20,368,-0.004312619670262231,-10.48748951886399
T0208,top50,894,-0.00387527328935303,-9.292188645241898
T0208,top100,894,-0.00387527328935303,-9.292188645241898
T0209,top20,369,-0.003472809768816668,-8.482541811498091
T0209,top50,901,-0.00328499196063928,-7.891319239997625
T0209,top100,901,-0.00328499196063928,-7.891319239997625
T0210,top20,368,-0.004196481368386094,-9.06644854405172
T0210,top50,893,-0.003819260947441215,-8.302686522104077
T0210,top100,893,-0.003819260947441215,-8.302686522104077
T0211,top20,273,-0.005990279043957548,-12.709909112054849
T0211,top50,672,-0.00439385200284603,-9.683441253657634
T0211,top100,672,-0.00439385200284603,-9.683441253657634
T0212,top20,135,-0.009122773300572002,-20.185271669889875
T0212,top50,324,-0.003296429308207502,-7.0488385530297535
T0212,top100,324,-0.003296429308207502,-7.0488385530297535
T0213,top20,64,-0.007697305335231118,-16.820694475604707
T0213,top50,140,-0.008873852387516316,-18.007562469983093
T0213,top100,140,-0.008873852387516316,-18.007562469983093
T0214,top20,32,-0.0026696922651901927,-5.924643134231974
T0214,top50,66,-0.010415324324012794,-17.96844389410734
T0214,top100,66,-0.010415324324012794,-17.96844389410734
T0215,top20,344,-0.005189774471476505,-12.219003782971503
T0215,top50,841,-0.004921422816659864,-11.344148552760851
T0215,top100,841,-0.004921422816659864,-11.344148552760851
T0216,top20,106,-0.007216795563441179,-14.975915400621323
T0216,top50,268,-0.010179765351635187,-21.274883665132876
T0216,top100,268,-0.010179765351635187,-21.274883665132876
T0217,top20,218,-0.0021916685542922435,-4.608057456866903
T0217,top50,521,-0.00186807173475344,-4.102511792011439
T0217,top100,521,-0.00186807173475344,-4.102511792011439
T0218,top20,368,-0.0049163976356511215,-10.796552954847193
T0218,top50,893,-0.004256350951874881,-9.498954000083817
T0218,top100,893,-0.004256350951874881,-9.498954000083817
T0219,top20,368,-0.0033532551781894366,-7.489217236978872
T0219,top50,893,-0.0034013975178821244,-7.643237115417368
T0219,top100,893,-0.0034013975178821244,-7.643237115417368
T0220,top20,368,-0.004312619670262231,-10.48748951886399
T0220,top50,893,-0.003974204359360431,-9.458504646162892
T0220,top100,893,-0.003974204359360431,-9.458504646162892
T0221,top20,369,-0.004152725215007733,-10.709364485141021
T0221,top50,901,-0.0034235924314786064,-8.597018245256626
T0221,top100,901,-0.0034235924314786064,-8.597018245256626
T0222,top20,356,-0.0031988197645120837,-7.057662679098257
T0222,top50,881,-0.0033396480295815284,-7.467445540538406
T0222,top100,881,-0.0033396480295815284,-7.467445540538406
T0223,top20,17,-0.01254574896473843,-45.73724001195194
T0223,top50,24,-0.010698071553899078,-33.50728368973613
T0223,top100,24,-0.010698071553899078,-33.50728368973613
T0224,top20,329,-0.00486569251578233,-5.342238078593435
T0224,top50,798,-0.003973625958696193,-4.131192063952707
T0224,top100,798,-0.003973625958696193,-4.131192063952707
T0225,top20,329,-0.005798985454606095,-7.0802026215942915
T0225,top50,798,-0.0056776753943272844,-6.844341247405264
T0225,top100,798,-0.0056776753943272844,-6.844341247405264
T0226,top20,100,-0.0066781340342399785,-12.021983769884605
T0226,top50,250,-0.0042148154051338035,-6.6125945212600845
T0226,top100,250,-0.0042148154051338035,-6.6125945212600845
T0227,top20,329,-0.00486569251578233,-5.342238078593435
T0227,top50,798,-0.003973625958696193,-4.131192063952707
T0227,top100,798,-0.003973625958696193,-4.131192063952707
T0228,top20,329,-0.005798985454606095,-7.0802026215942915
T0228,top50,798,-0.0056776753943272844,-6.844341247405264
T0228,top100,798,-0.0056776753943272844,-6.844341247405264
T0229,top20,100,-0.0066781340342399785,-12.021983769884605
T0229,top50,250,-0.0042148154051338035,-6.6125945212600845
T0229,top100,250,-0.0042148154051338035,-6.6125945212600845
T0230,top20,330,-0.0021605792456094834,-2.553188521609976
T0230,top50,806,-0.0027023444299558636,-3.1750145465222377
T0230,top100,806,-0.0027023444299558636,-3.1750145465222377
T0231,top20,243,-0.0028041748983110297,-3.3009616541890017
T0231,top50,592,-0.0034979558533531894,-3.9841172348072376
T0231,top100,592,-0.0034979558533531894,-3.9841172348072376
T0232,top20,246,-0.0032405167879016915,-3.714258690870419
T0232,top50,607,-0.0012564148677803144,-1.4118255039668757
T0232,top100,607,-0.0012564148677803144,-1.4118255039668757
T0233,top20,100,-0.0063532739940484395,-6.961017542362109
T0233,top50,244,-0.005989991437538935,-6.51243671816316
T0233,top100,244,-0.005989991437538935,-6.51243671816316
T0234,top20,51,-0.0004833091453118613,-0.453609504102763
T0234,top50,123,-0.002655845375601095,-2.553199115831572
T0234,top100,123,-0.002655845375601095,-2.553199115831572
T0235,top20,46,-0.0030913614367811303,-2.8386748709419822
T0235,top50,106,-0.004024228308221595,-3.7454356961892232
T0235,top100,106,-0.004024228308221595,-3.7454356961892232
T0236,top20,329,-0.003918494627420176,-4.510989474517701
T0236,top50,798,-0.0034276484159164403,-4.022836537958941
T0236,top100,798,-0.0034276484159164403,-4.022836537958941
T0237,top20,329,-0.004488192225324646,-5.3569997826378035
T0237,top50,798,-0.003927175483838612,-4.730028380234946
T0237,top100,798,-0.003927175483838612,-4.730028380234946
T0238,top20,330,-0.0021605792456094834,-2.553188521609976
T0238,top50,806,-0.002724914446951248,-3.200812317785747
T0238,top100,806,-0.002724914446951248,-3.200812317785747
T0239,top20,159,-0.0027962835331887693,-3.1808725930565496
T0239,top50,384,-0.0004697030334833649,-0.5181798420263778
T0239,top100,384,-0.0004697030334833649,-0.5181798420263778
T0240,top20,52,0.0015310949553012968,1.3905068744033855
T0240,top50,119,0.0030332155205674725,2.8546729576366174
T0240,top100,119,0.0030332155205674725,2.8546729576366174
T0241,top20,18,-0.007358674627526258,-9.00452418445167
T0241,top50,37,-0.02063557215227308,-20.613121555806178
T0241,top100,37,-0.02063557215227308,-20.613121555806178
T0242,top20,3,0.009511401942200381,11.719331818055446
T0242,top50,6,0.016534573800296593,20.75991265255289
T0242,top100,6,0.016534573800296593,20.75991265255289
T0243,top20,234,-0.0035328951381083298,-4.210887520689699
T0243,top50,567,-0.005247961422073133,-6.137318111730683
T0243,top100,567,-0.005247961422073133,-6.137318111730683
T0244,top20,21,-0.008117809269083114,-9.165680026337688
T0244,top50,39,-0.0005969018762012902,-0.6773469876361705
T0244,top100,39,-0.0005969018762012902,-0.6773469876361705
T0245,top20,65,0.003736131224259173,3.705394810910593
T0245,top50,149,-4.6839343070151196e-05,-0.04321510478007023
T0245,top100,149,-4.6839343070151196e-05,-0.04321510478007023
T0246,top20,329,-0.004488192225324646,-5.3569997826378035
T0246,top50,798,-0.003927175483838612,-4.730028380234946
T0246,top100,798,-0.003927175483838612,-4.730028380234946
T0247,top20,329,-0.005798985454606095,-7.0802026215942915
T0247,top50,798,-0.0056776753943272844,-6.844341247405264
T0247,top100,798,-0.0056776753943272844,-6.844341247405264
T0248,top20,329,-0.003901820324977893,-4.492089677173728
T0248,top50,798,-0.003261131392391553,-3.830600361784915
T0248,top100,798,-0.003261131392391553,-3.830600361784915
T0249,top20,311,-0.004997259973221435,-5.9832264314403005
T0249,top50,761,-0.004885909329879349,-5.497409094969391
T0249,top100,761,-0.004885909329879349,-5.497409094969391
T0250,top20,329,-0.002740120742435256,-3.3363504395980703
T0250,top50,798,-0.002837748898859316,-3.480513445745969
T0250,top100,798,-0.002837748898859316,-3.480513445745969
T0251,top20,318,-0.005662504064534847,-6.821553400072958
T0251,top50,787,-0.005620832328627509,-6.73871042516025
T0251,top100,787,-0.005620832328627509,-6.73871042516025
T0252,top20,17,-0.015863487523080175,-32.92134714489227
T0252,top50,24,-0.012025915891482242,-18.732122964080094
T0252,top100,24,-0.012025915891482242,-18.732122964080094
