trial_id,feature_id,market,timeframe,side,hac_lags,hac_t_stat,p_value_two_sided,n_trades,family
T0001,trend.ema_20_50_spread,spot,15m,LONG,newey_west_automatic,-0.887017330061646,0.3752998832222335,927,spot|15m
T0002,trend.ema_20_50_spread,spot,15m,LONG,newey_west_automatic,-0.07284167735862772,0.941947835560704,927,spot|15m
T0003,trend.ema_20_50_spread,spot,15m,LONG,newey_west_automatic,-1.579786734362007,0.11449721810493725,927,spot|15m
T0004,trend.ema_50_200_regime,spot,15m,LONG,newey_west_automatic,-0.887017330061646,0.3752998832222335,927,spot|15m
T0005,trend.ema_50_200_regime,spot,15m,LONG,newey_west_automatic,-0.07284167735862772,0.941947835560704,927,spot|15m
T0006,trend.ema_50_200_regime,spot,15m,LONG,newey_west_automatic,-1.579786734362007,0.11449721810493725,927,spot|15m
T0007,trend.ema_slope,spot,15m,LONG,newey_west_automatic,-0.6630281378675733,0.5074775392833224,927,spot|15m
T0008,trend.adx_dmi,spot,15m,LONG,newey_west_automatic,-0.43575427852147697,0.6631251384676657,855,spot|15m
T0009,trend.kaufman_er,spot,15m,LONG,newey_west_automatic,-0.6552323856180801,0.5124876540166095,890,spot|15m
T0010,trend.donchian,spot,15m,LONG,newey_west_automatic,-0.6290466933919535,0.5294941112295256,819,spot|15m
T0011,trend.donchian,spot,15m,LONG,newey_west_automatic,0.8163914942791233,0.4145444166276395,726,spot|15m
T0012,trend.donchian,spot,15m,LONG,newey_west_automatic,1.3286585949752516,0.1843862942183762,713,spot|15m
T0013,momentum.roc,spot,15m,LONG,newey_west_automatic,-1.2407578868397167,0.21500945714324934,927,spot|15m
T0014,momentum.roc,spot,15m,LONG,newey_west_automatic,-0.3473999877216316,0.7283697852188912,927,spot|15m
T0015,momentum.roc,spot,15m,LONG,newey_west_automatic,-0.5465682436067898,0.5848070618601398,927,spot|15m
T0016,momentum.rsi,spot,15m,LONG,newey_west_automatic,-0.15290557228410417,0.8785093322048869,844,spot|15m
T0017,momentum.rsi,spot,15m,LONG,newey_west_automatic,-0.6167795842639324,0.5376172378510642,593,spot|15m
T0018,momentum.rsi,spot,15m,LONG,newey_west_automatic,-0.23418055178578756,0.8149870164396097,338,spot|15m
T0019,volatility.atr_natr,spot,15m,LONG,newey_west_automatic,-2.144138698026018,0.03315467812652345,214,spot|15m
T0020,volatility.bollinger_bandwidth,spot,15m,LONG,newey_west_automatic,-0.1305077828290936,0.8961942219425693,890,spot|15m
T0021,volatility.realized_percentile,spot,15m,LONG,newey_west_automatic,0.038550316898839816,0.9692611655390226,629,spot|15m
T0022,volume.rvol,spot,15m,LONG,newey_west_automatic,-0.27606769343757515,0.7825670178672511,805,spot|15m
T0023,volume.vwap_deviation,spot,15m,LONG,newey_west_automatic,-1.5475057372588747,0.12208301725350179,927,spot|15m
T0024,orderflow.taker_ratio,spot,15m,LONG,newey_west_automatic,-1.8825276981778736,0.060077728682123174,927,spot|15m
T0025,orderflow.cvd,spot,15m,LONG,newey_west_automatic,-1.1535344628214343,0.24898872961935567,927,spot|15m
T0026,context.btc_regime,spot,15m,LONG,newey_west_automatic,0.5542238929803227,0.5795799377127926,804,spot|15m
T0027,context.market_breadth,spot,15m,LONG,newey_west_automatic,-1.0940759218624354,0.27420619190886186,927,spot|15m
T0028,trend.ema_20_50_spread,spot,1h,LONG,newey_west_automatic,0.01771342875217901,0.9858714738227865,883,spot|1h
T0029,trend.ema_20_50_spread,spot,1h,LONG,newey_west_automatic,-0.8245674434585326,0.40984014550762415,883,spot|1h
T0030,trend.ema_20_50_spread,spot,1h,LONG,newey_west_automatic,-0.8245674434585326,0.40984014550762415,883,spot|1h
T0031,trend.ema_50_200_regime,spot,1h,LONG,newey_west_automatic,0.01771342875217901,0.9858714738227865,883,spot|1h
T0032,trend.ema_50_200_regime,spot,1h,LONG,newey_west_automatic,-0.8245674434585326,0.40984014550762415,883,spot|1h
T0033,trend.ema_50_200_regime,spot,1h,LONG,newey_west_automatic,-0.8245674434585326,0.40984014550762415,883,spot|1h
T0034,trend.ema_slope,spot,1h,LONG,newey_west_automatic,-0.8245674434585326,0.40984014550762415,883,spot|1h
T0035,trend.adx_dmi,spot,1h,LONG,newey_west_automatic,-1.3500146292033033,0.17742972259298387,731,spot|1h
T0036,trend.kaufman_er,spot,1h,LONG,newey_west_automatic,-0.3496630956649726,0.7266818853570091,816,spot|1h
T0037,trend.donchian,spot,1h,LONG,newey_west_automatic,0.18587150144449754,0.8526091999393923,593,spot|1h
T0038,trend.donchian,spot,1h,LONG,newey_west_automatic,-0.6903125467612077,0.4903789423965547,421,spot|1h
T0039,trend.donchian,spot,1h,LONG,newey_west_automatic,-1.069641607957362,0.2854525503445318,385,spot|1h
T0040,momentum.roc,spot,1h,LONG,newey_west_automatic,-1.2670338093144342,0.20547614529708197,887,spot|1h
T0041,momentum.roc,spot,1h,LONG,newey_west_automatic,-1.2830803286009003,0.19979757386974964,892,spot|1h
T0042,momentum.roc,spot,1h,LONG,newey_west_automatic,-0.9502059927354947,0.342267888181309,883,spot|1h
T0043,momentum.rsi,spot,1h,LONG,newey_west_automatic,0.12406875235024722,0.9012981618743375,669,spot|1h
T0044,momentum.rsi,spot,1h,LONG,newey_west_automatic,-0.333491886815524,0.7389877432370219,312,spot|1h
T0045,momentum.rsi,spot,1h,LONG,newey_west_automatic,1.187905182583267,0.2370200592058494,132,spot|1h
T0046,volatility.atr_natr,spot,1h,LONG,newey_west_automatic,1.0155337411594136,0.3132996944485778,72,spot|1h
T0047,volatility.bollinger_bandwidth,spot,1h,LONG,newey_west_automatic,0.6049608845012749,0.5453713420042451,826,spot|1h
T0048,volatility.realized_percentile,spot,1h,LONG,newey_west_automatic,2.2022726904191865,0.028541421028565148,256,spot|1h
T0049,volume.rvol,spot,1h,LONG,newey_west_automatic,-0.7672917354291208,0.4432361391209762,553,spot|1h
T0050,volume.vwap_deviation,spot,1h,LONG,newey_west_automatic,-0.011261560048985972,0.9910173117178831,883,spot|1h
T0051,orderflow.taker_ratio,spot,1h,LONG,newey_west_automatic,-1.139105073939368,0.2549686095013438,883,spot|1h
T0052,orderflow.cvd,spot,1h,LONG,newey_west_automatic,-1.0079422389326658,0.31375862697408724,883,spot|1h
T0053,context.btc_regime,spot,1h,LONG,newey_west_automatic,-1.1246528415338877,0.26103905361195534,892,spot|1h
T0054,trend.ema_20_50_spread,spot,4h,LONG,newey_west_automatic,-0.3725277492369773,0.709600125715351,789,spot|4h
T0055,trend.ema_20_50_spread,spot,4h,LONG,newey_west_automatic,0.7695435862547938,0.4418012897543815,789,spot|4h
T0056,trend.ema_20_50_spread,spot,4h,LONG,newey_west_automatic,-0.3355187206653164,0.7375163404137046,250,spot|4h
T0057,trend.ema_50_200_regime,spot,4h,LONG,newey_west_automatic,-0.3725277492369773,0.709600125715351,789,spot|4h
T0058,trend.ema_50_200_regime,spot,4h,LONG,newey_west_automatic,0.7695435862547938,0.4418012897543815,789,spot|4h
T0059,trend.ema_50_200_regime,spot,4h,LONG,newey_west_automatic,-0.3355187206653164,0.7375163404137046,250,spot|4h
T0060,trend.ema_slope,spot,4h,LONG,newey_west_automatic,-1.6829294320356527,0.09278040051102016,798,spot|4h
T0061,trend.adx_dmi,spot,4h,LONG,newey_west_automatic,-0.7444145190930535,0.45692619639873794,583,spot|4h
T0062,trend.kaufman_er,spot,4h,LONG,newey_west_automatic,-2.065924175522723,0.03927088367711792,592,spot|4h
T0063,trend.donchian,spot,4h,LONG,newey_west_automatic,0.5577406375772099,0.5775266365472836,248,spot|4h
T0064,trend.donchian,spot,4h,LONG,newey_west_automatic,-0.24822717114419862,0.8043659762880597,126,spot|4h
T0065,trend.donchian,spot,4h,LONG,newey_west_automatic,0.049015791262694626,0.9609980887724346,108,spot|4h
T0066,momentum.roc,spot,4h,LONG,newey_west_automatic,-1.0396561453621254,0.29881857079947044,789,spot|4h
T0067,momentum.roc,spot,4h,LONG,newey_west_automatic,-0.6436091831127607,0.5200161556064331,789,spot|4h
T0068,momentum.roc,spot,4h,LONG,newey_west_automatic,-1.6829294320356527,0.09278040051102016,798,spot|4h
T0069,momentum.rsi,spot,4h,LONG,newey_west_automatic,-1.4682865118898818,0.1428514988475593,382,spot|4h
T0070,momentum.rsi,spot,4h,LONG,newey_west_automatic,-1.799116603188203,0.07462282580341888,116,spot|4h
T0071,momentum.rsi,spot,4h,LONG,newey_west_automatic,1.0175926934102462,0.3149872399672672,41,spot|4h
T0072,volatility.atr_natr,spot,4h,LONG,newey_west_automatic,-0.5945402277787889,0.5641794289050945,12,spot|4h
T0073,volatility.bollinger_bandwidth,spot,4h,LONG,newey_west_automatic,-0.017645006403319254,0.9859282268009775,571,spot|4h
T0074,volatility.realized_percentile,spot,4h,LONG,newey_west_automatic,-0.9888244889776606,0.3291717184078315,38,spot|4h
T0075,volume.rvol,spot,4h,LONG,newey_west_automatic,-1.1966877532642206,0.23298479610963355,183,spot|4h
T0076,volume.vwap_deviation,spot,4h,LONG,newey_west_automatic,-0.6323323508522062,0.5273531526082683,789,spot|4h
T0077,orderflow.taker_ratio,spot,4h,LONG,newey_west_automatic,0.7695435862547938,0.4418012897543815,789,spot|4h
T0078,orderflow.cvd,spot,4h,LONG,newey_west_automatic,-1.0558076211563447,0.29137970226974613,789,spot|4h
T0079,context.btc_regime,spot,4h,LONG,newey_west_automatic,0.4119947357737716,0.6804605348371608,754,spot|4h
T0080,context.market_breadth,spot,4h,LONG,newey_west_automatic,-1.5987413849704128,0.11027893907829749,789,spot|4h
T0081,trend.ema_20_50_spread,um,15m,LONG,newey_west_automatic,-0.08150381872235357,0.9350586938477212,938,um|15m
T0082,trend.ema_20_50_spread,um,15m,LONG,newey_west_automatic,0.8028604989335918,0.4222589655108059,938,um|15m
T0083,trend.ema_20_50_spread,um,15m,LONG,newey_west_automatic,-1.027432469099756,0.30448202030921667,938,um|15m
T0084,trend.ema_50_200_regime,um,15m,LONG,newey_west_automatic,-0.08150381872235357,0.9350586938477212,938,um|15m
T0085,trend.ema_50_200_regime,um,15m,LONG,newey_west_automatic,0.8028604989335918,0.4222589655108059,938,um|15m
T0086,trend.ema_50_200_regime,um,15m,LONG,newey_west_automatic,-1.027432469099756,0.30448202030921667,938,um|15m
T0087,trend.ema_slope,um,15m,LONG,newey_west_automatic,0.09040918504237022,0.927981380116399,938,um|15m
T0088,trend.adx_dmi,um,15m,LONG,newey_west_automatic,-0.06861692289308857,0.94531040614342,866,um|15m
T0089,trend.kaufman_er,um,15m,LONG,newey_west_automatic,-0.14006214616967697,0.8886423317233005,898,um|15m
T0090,trend.donchian,um,15m,LONG,newey_west_automatic,0.08840586819032138,0.9295754487343115,830,um|15m
T0091,trend.donchian,um,15m,LONG,newey_west_automatic,0.7199690611735643,0.47177576053947956,727,um|15m
T0092,trend.donchian,um,15m,LONG,newey_west_automatic,1.3515808429434373,0.1769374796762319,715,um|15m
T0093,momentum.roc,um,15m,LONG,newey_west_automatic,-0.5557829690935626,0.5784919075229884,938,um|15m
T0094,momentum.roc,um,15m,LONG,newey_west_automatic,0.22821337528604685,0.8195301560049131,938,um|15m
T0095,momentum.roc,um,15m,LONG,newey_west_automatic,0.14535032113078544,0.8844655460654595,938,um|15m
T0096,momentum.rsi,um,15m,LONG,newey_west_automatic,0.6455792620888232,0.5187254867547149,854,um|15m
T0097,momentum.rsi,um,15m,LONG,newey_west_automatic,-0.6756587683867256,0.49951463800735374,608,um|15m
T0098,momentum.rsi,um,15m,LONG,newey_west_automatic,-0.07436654824400848,0.9407622033468885,343,um|15m
T0099,volatility.atr_natr,um,15m,LONG,newey_west_automatic,-1.0632788703650644,0.28891251771305787,205,um|15m
T0100,volatility.bollinger_bandwidth,um,15m,LONG,newey_west_automatic,0.5094249733630364,0.6105795331833807,899,um|15m
T0101,volatility.realized_percentile,um,15m,LONG,newey_west_automatic,0.046400424578296316,0.9630058256907649,630,um|15m
T0102,volume.rvol,um,15m,LONG,newey_west_automatic,1.1292988860296815,0.25911630274251496,787,um|15m
T0103,volume.vwap_deviation,um,15m,LONG,newey_west_automatic,-0.9120689570562507,0.36196701218965,938,um|15m
T0104,orderflow.taker_ratio,um,15m,LONG,newey_west_automatic,-1.383608344430501,0.16680793367173632,938,um|15m
T0105,orderflow.cvd,um,15m,LONG,newey_west_automatic,-0.5342908841285041,0.5932670390109157,938,um|15m
T0106,context.btc_regime,um,15m,LONG,newey_west_automatic,0.9680049793524803,0.33333082075311665,811,um|15m
T0107,context.market_breadth,um,15m,LONG,newey_west_automatic,0.529171983329841,0.5968114858152842,938,um|15m
T0108,derivatives.funding,um,15m,LONG,newey_west_automatic,-1.4284564767487289,0.15349844078499583,925,um|15m
T0109,derivatives.funding_zscore,um,15m,LONG,newey_west_automatic,1.3005763552425542,0.20628466214853175,24,um|15m
T0110,trend.ema_20_50_spread,um,1h,LONG,newey_west_automatic,1.0014157386115503,0.3168974334321143,893,um|1h
T0111,trend.ema_20_50_spread,um,1h,LONG,newey_west_automatic,-0.19949846237096733,0.8419183133476584,893,um|1h
T0112,trend.ema_20_50_spread,um,1h,LONG,newey_west_automatic,-0.19949846237096733,0.8419183133476584,893,um|1h
T0113,trend.ema_50_200_regime,um,1h,LONG,newey_west_automatic,1.0014157386115503,0.3168974334321143,893,um|1h
T0114,trend.ema_50_200_regime,um,1h,LONG,newey_west_automatic,-0.19949846237096733,0.8419183133476584,893,um|1h
T0115,trend.ema_50_200_regime,um,1h,LONG,newey_west_automatic,-0.19949846237096733,0.8419183133476584,893,um|1h
T0116,trend.ema_slope,um,1h,LONG,newey_west_automatic,-0.19949846237096733,0.8419183133476584,893,um|1h
T0117,trend.adx_dmi,um,1h,LONG,newey_west_automatic,-0.43122048893234194,0.666433307585187,743,um|1h
T0118,trend.kaufman_er,um,1h,LONG,newey_west_automatic,0.47700808622835783,0.6334814779358937,834,um|1h
T0119,trend.donchian,um,1h,LONG,newey_west_automatic,0.24296696238561394,0.808113478126847,605,um|1h
T0120,trend.donchian,um,1h,LONG,newey_west_automatic,-1.0366985354953089,0.30046309519294334,428,um|1h
T0121,trend.donchian,um,1h,LONG,newey_west_automatic,-1.6122906458253332,0.1077076005089563,391,um|1h
T0122,momentum.roc,um,1h,LONG,newey_west_automatic,-0.11908594022681622,0.9052340528319646,894,um|1h
T0123,momentum.roc,um,1h,LONG,newey_west_automatic,-0.6764293962480067,0.4989418543698145,901,um|1h
T0124,momentum.roc,um,1h,LONG,newey_west_automatic,-0.1680370024239575,0.8665922599659641,893,um|1h
T0125,momentum.rsi,um,1h,LONG,newey_west_automatic,0.30928078702901796,0.7572039567885933,672,um|1h
T0126,momentum.rsi,um,1h,LONG,newey_west_automatic,-0.2751009952306863,0.7834145367583253,324,um|1h
T0127,momentum.rsi,um,1h,LONG,newey_west_automatic,1.320123896568444,0.18896346139200088,140,um|1h
T0128,volatility.atr_natr,um,1h,LONG,newey_west_automatic,1.0281777613718108,0.30767719301598656,66,um|1h
T0129,volatility.bollinger_bandwidth,um,1h,LONG,newey_west_automatic,0.782748967356126,0.43399515004725203,841,um|1h
T0130,volatility.realized_percentile,um,1h,LONG,newey_west_automatic,2.503100833900119,0.012908802827328423,268,um|1h
T0131,volume.rvol,um,1h,LONG,newey_west_automatic,-1.217436943555506,0.22399019534270215,521,um|1h
T0132,volume.vwap_deviation,um,1h,LONG,newey_west_automatic,0.2452326454216775,0.8063327076550922,893,um|1h
T0133,orderflow.taker_ratio,um,1h,LONG,newey_west_automatic,-0.5637655095137277,0.5730554299456133,893,um|1h
T0134,orderflow.cvd,um,1h,LONG,newey_west_automatic,-0.024438357630954116,0.9805084183154468,893,um|1h
T0135,context.btc_regime,um,1h,LONG,newey_west_automatic,-0.5461087968153845,0.5851264948092457,901,um|1h
T0136,derivatives.funding,um,1h,LONG,newey_west_automatic,-0.6131912918863508,0.5399083073378964,881,um|1h
T0137,derivatives.funding_zscore,um,1h,LONG,newey_west_automatic,1.1940793242000822,0.2446171899106515,24,um|1h
T0138,trend.ema_20_50_spread,um,4h,LONG,newey_west_automatic,-0.021261480921209282,0.9830423922953423,798,um|4h
T0139,trend.ema_20_50_spread,um,4h,LONG,newey_west_automatic,1.6307188004788757,0.10334474880397447,798,um|4h
T0140,trend.ema_20_50_spread,um,4h,LONG,newey_west_automatic,0.14201798268619767,0.8871806418329135,250,um|4h
T0141,trend.ema_50_200_regime,um,4h,LONG,newey_west_automatic,-0.021261480921209282,0.9830423922953423,798,um|4h
T0142,trend.ema_50_200_regime,um,4h,LONG,newey_west_automatic,1.6307188004788757,0.10334474880397447,798,um|4h
T0143,trend.ema_50_200_regime,um,4h,LONG,newey_west_automatic,0.14201798268619767,0.8871806418329135,250,um|4h
T0144,trend.ema_slope,um,4h,LONG,newey_west_automatic,-1.1677099942548552,0.24326950284132326,806,um|4h
T0145,trend.adx_dmi,um,4h,LONG,newey_west_automatic,-0.3825672618214989,0.702178190268925,592,um|4h
T0146,trend.kaufman_er,um,4h,LONG,newey_west_automatic,-2.0325077977594614,0.042537777345449466,607,um|4h
T0147,trend.donchian,um,4h,LONG,newey_west_automatic,0.7951569822850518,0.42729816757265504,244,um|4h
T0148,trend.donchian,um,4h,LONG,newey_west_automatic,-0.3257881210275473,0.7451427889909455,123,um|4h
T0149,trend.donchian,um,4h,LONG,newey_west_automatic,0.005427701934108179,0.995679640562022,106,um|4h
T0150,momentum.roc,um,4h,LONG,newey_west_automatic,-0.5366704761035634,0.5916450219722408,798,um|4h
T0151,momentum.roc,um,4h,LONG,newey_west_automatic,-0.06780339264589706,0.9459591488933373,798,um|4h
T0152,momentum.roc,um,4h,LONG,newey_west_automatic,-1.1477204045276574,0.2514249711483673,806,um|4h
T0153,momentum.rsi,um,4h,LONG,newey_west_automatic,-1.5943819188373847,0.11167536461591573,384,um|4h
T0154,momentum.rsi,um,4h,LONG,newey_west_automatic,-1.9175401365387206,0.057586525694392945,119,um|4h
T0155,momentum.rsi,um,4h,LONG,newey_west_automatic,1.768206664872133,0.08550069415722036,37,um|4h
T0156,volatility.atr_natr,um,4h,LONG,newey_west_automatic,-1.2854104241831916,0.2549643302589409,6,um|4h
T0157,volatility.bollinger_bandwidth,um,4h,LONG,newey_west_automatic,0.8364747589272579,0.40324087753833726,567,um|4h
T0158,volatility.realized_percentile,um,4h,LONG,newey_west_automatic,-0.4814031923312071,0.6329906940607847,39,um|4h
T0159,volume.rvol,um,4h,LONG,newey_west_automatic,-0.9479647418161632,0.3446926866866293,149,um|4h
T0160,volume.vwap_deviation,um,4h,LONG,newey_west_automatic,-0.06780339264589706,0.9459591488933373,798,um|4h
T0161,orderflow.taker_ratio,um,4h,LONG,newey_west_automatic,1.6307188004788757,0.10334474880397447,798,um|4h
T0162,orderflow.cvd,um,4h,LONG,newey_west_automatic,-0.6922647330261706,0.48897272722440743,798,um|4h
T0163,context.btc_regime,um,4h,LONG,newey_west_automatic,0.7769229573660421,0.43744596851124234,761,um|4h
T0164,context.market_breadth,um,4h,LONG,newey_west_automatic,-1.0999445173473346,0.271688416986942,798,um|4h
T0165,derivatives.funding,um,4h,LONG,newey_west_automatic,1.5518404066437395,0.12110294836167841,787,um|4h
T0166,derivatives.funding_zscore,um,4h,LONG,newey_west_automatic,1.2713006455061868,0.2163285419938504,24,um|4h
T0167,trend.ema_20_50_spread,um,15m,SHORT,newey_west_automatic,-3.7394018515499146,0.00019564857335195877,938,um|15m
T0168,trend.ema_20_50_spread,um,15m,SHORT,newey_west_automatic,-4.565991696586876,5.633812823922489e-06,938,um|15m
T0169,trend.ema_20_50_spread,um,15m,SHORT,newey_west_automatic,-2.9403660674143723,0.0033588232778401866,938,um|15m
T0170,trend.ema_50_200_regime,um,15m,SHORT,newey_west_automatic,-3.7394018515499146,0.00019564857335195877,938,um|15m
T0171,trend.ema_50_200_regime,um,15m,SHORT,newey_west_automatic,-4.565991696586876,5.633812823922489e-06,938,um|15m
T0172,trend.ema_50_200_regime,um,15m,SHORT,newey_west_automatic,-2.9403660674143723,0.0033588232778401866,938,um|15m
T0173,trend.ema_slope,um,15m,SHORT,newey_west_automatic,-3.88502514599897,0.00010951409596603081,938,um|15m
T0174,trend.adx_dmi,um,15m,SHORT,newey_west_automatic,-3.5611978026475444,0.00038931448601750487,866,um|15m
T0175,trend.kaufman_er,um,15m,SHORT,newey_west_automatic,-3.584252058467533,0.0003562689814237295,898,um|15m
T0176,trend.donchian,um,15m,SHORT,newey_west_automatic,-3.538241563117828,0.00042519656439359433,830,um|15m
T0177,trend.donchian,um,15m,SHORT,newey_west_automatic,-4.098762700405454,4.622374451367512e-05,727,um|15m
T0178,trend.donchian,um,15m,SHORT,newey_west_automatic,-4.774651858558342,2.1848265433074527e-06,715,um|15m
T0179,momentum.roc,um,15m,SHORT,newey_west_automatic,-3.4513768361116184,0.0005826485522814582,938,um|15m
T0180,momentum.roc,um,15m,SHORT,newey_west_automatic,-4.161080113799783,3.4587944632243025e-05,938,um|15m
T0181,momentum.roc,um,15m,SHORT,newey_west_automatic,-3.951975876008292,8.333316730222334e-05,938,um|15m
T0182,momentum.rsi,um,15m,SHORT,newey_west_automatic,-4.061161093299387,5.332585919023008e-05,854,um|15m
T0183,momentum.rsi,um,15m,SHORT,newey_west_automatic,-2.29184649983395,0.02225598041333498,608,um|15m
T0184,momentum.rsi,um,15m,SHORT,newey_west_automatic,-1.9064705589437057,0.057427080616073024,343,um|15m
T0185,volatility.atr_natr,um,15m,SHORT,newey_west_automatic,-0.10282516462061882,0.9182027396205429,205,um|15m
T0186,volatility.bollinger_bandwidth,um,15m,SHORT,newey_west_automatic,-4.260787332571702,2.2521123045028864e-05,899,um|15m
T0187,volatility.realized_percentile,um,15m,SHORT,newey_west_automatic,-2.6156570302057562,0.009119266606718844,630,um|15m
T0188,volume.rvol,um,15m,SHORT,newey_west_automatic,-4.393524460281534,1.2682253309222122e-05,787,um|15m
T0189,volume.vwap_deviation,um,15m,SHORT,newey_west_automatic,-2.8868652740098595,0.0039804242301479335,938,um|15m
T0190,orderflow.taker_ratio,um,15m,SHORT,newey_west_automatic,-2.5722507519386353,0.010257002358407263,938,um|15m
T0191,orderflow.cvd,um,15m,SHORT,newey_west_automatic,-3.466013617039652,0.0005522145528689873,938,um|15m
T0192,context.btc_regime,um,15m,SHORT,newey_west_automatic,-4.441848066680961,1.0157613680254201e-05,811,um|15m
T0193,context.market_breadth,um,15m,SHORT,newey_west_automatic,-4.2608611095497935,2.242115359663911e-05,938,um|15m
T0194,derivatives.funding,um,15m,SHORT,newey_west_automatic,-2.4720356029716304,0.013613790580588321,925,um|15m
T0195,derivatives.funding_zscore,um,15m,SHORT,newey_west_automatic,-2.011510528036274,0.056131614186404104,24,um|15m
T0196,trend.ema_20_50_spread,um,1h,SHORT,newey_west_automatic,-4.651340079168643,3.7967757435684586e-06,893,um|1h
T0197,trend.ema_20_50_spread,um,1h,SHORT,newey_west_automatic,-3.5147675327811885,0.0004622855057648382,893,um|1h
T0198,trend.ema_20_50_spread,um,1h,SHORT,newey_west_automatic,-3.5147675327811885,0.0004622855057648382,893,um|1h
T0199,trend.ema_50_200_regime,um,1h,SHORT,newey_west_automatic,-4.651340079168643,3.7967757435684586e-06,893,um|1h
T0200,trend.ema_50_200_regime,um,1h,SHORT,newey_west_automatic,-3.5147675327811885,0.0004622855057648382,893,um|1h
T0201,trend.ema_50_200_regime,um,1h,SHORT,newey_west_automatic,-3.5147675327811885,0.0004622855057648382,893,um|1h
T0202,trend.ema_slope,um,1h,SHORT,newey_west_automatic,-3.5147675327811885,0.0004622855057648382,893,um|1h
T0203,trend.adx_dmi,um,1h,SHORT,newey_west_automatic,-2.8616646840640563,0.00433283431367954,743,um|1h
T0204,trend.kaufman_er,um,1h,SHORT,newey_west_automatic,-4.113017950734738,4.2926457945623786e-05,834,um|1h
T0205,trend.donchian,um,1h,SHORT,newey_west_automatic,-3.0704351936638763,0.0022334799827801685,605,um|1h
T0206,trend.donchian,um,1h,SHORT,newey_west_automatic,-0.9962532209570593,0.3196913455735775,428,um|1h
T0207,trend.donchian,um,1h,SHORT,newey_west_automatic,-0.3922102779248017,0.6951170972984679,391,um|1h
T0208,momentum.roc,um,1h,SHORT,newey_west_automatic,-3.700013901630712,0.00022877513437496213,894,um|1h
T0209,momentum.roc,um,1h,SHORT,newey_west_automatic,-3.107748453571933,0.0019443798931154841,901,um|1h
T0210,momentum.roc,um,1h,SHORT,newey_west_automatic,-3.5508494262697137,0.0004040775852073034,893,um|1h
T0211,momentum.rsi,um,1h,SHORT,newey_west_automatic,-3.450367132093807,0.0005948968991433045,672,um|1h
T0212,momentum.rsi,um,1h,SHORT,newey_west_automatic,-1.2889266053494683,0.19834595346932882,324,um|1h
T0213,momentum.rsi,um,1h,SHORT,newey_west_automatic,-2.4035575269752716,0.017555137476430796,140,um|1h
T0214,volatility.atr_natr,um,1h,SHORT,newey_west_automatic,-1.6692538532060495,0.09987702289130554,66,um|1h
T0215,volatility.bollinger_bandwidth,um,1h,SHORT,newey_west_automatic,-4.1807502028522245,3.210345284037121e-05,841,um|1h
T0216,volatility.realized_percentile,um,1h,SHORT,newey_west_automatic,-4.123292340516333,4.991068621322673e-05,268,um|1h
T0217,volume.rvol,um,1h,SHORT,newey_west_automatic,-1.0667617575010835,0.28657445011190225,521,um|1h
T0218,volume.vwap_deviation,um,1h,SHORT,newey_west_automatic,-4.071746939643953,5.0807464125219116e-05,893,um|1h
T0219,orderflow.taker_ratio,um,1h,SHORT,newey_west_automatic,-3.2034457958527587,0.0014061049579585027,893,um|1h
T0220,orderflow.cvd,um,1h,SHORT,newey_west_automatic,-3.7650946060844546,0.00017739005473643834,893,um|1h
T0221,context.btc_regime,um,1h,SHORT,newey_west_automatic,-3.243631842546906,0.0012236283492099848,901,um|1h
T0222,derivatives.funding,um,1h,SHORT,newey_west_automatic,-3.1011387584821692,0.0019892125937110055,881,um|1h
T0223,derivatives.funding_zscore,um,1h,SHORT,newey_west_automatic,-1.9071677494827204,0.0690645811684167,24,um|1h
T0224,trend.ema_20_50_spread,um,4h,SHORT,newey_west_automatic,-3.2033457267937084,0.001412395765224739,798,um|4h
T0225,trend.ema_20_50_spread,um,4h,SHORT,newey_west_automatic,-5.518762473272363,4.61881168882586e-08,798,um|4h
T0226,trend.ema_20_50_spread,um,4h,SHORT,newey_west_automatic,-2.786483496651356,0.005738645820320227,250,um|4h
T0227,trend.ema_50_200_regime,um,4h,SHORT,newey_west_automatic,-3.2033457267937084,0.001412395765224739,798,um|4h
T0228,trend.ema_50_200_regime,um,4h,SHORT,newey_west_automatic,-5.518762473272363,4.61881168882586e-08,798,um|4h
T0229,trend.ema_50_200_regime,um,4h,SHORT,newey_west_automatic,-2.786483496651356,0.005738645820320227,250,um|4h
T0230,trend.ema_slope,um,4h,SHORT,newey_west_automatic,-2.4317351010723636,0.015243829907032576,806,um|4h
T0231,trend.adx_dmi,um,4h,SHORT,newey_west_automatic,-2.665509401369909,0.00789734968965285,592,um|4h
T0232,trend.kaufman_er,um,4h,SHORT,newey_west_automatic,-0.9307795796073481,0.3523382342649684,607,um|4h
T0233,trend.donchian,um,4h,SHORT,newey_west_automatic,-2.3934693514446734,0.01744944304540672,244,um|4h
T0234,trend.donchian,um,4h,SHORT,newey_west_automatic,-0.6437078435404779,0.5209731414358297,123,um|4h
T0235,trend.donchian,um,4h,SHORT,newey_west_automatic,-0.9015203031123181,0.36937501391262806,106,um|4h
T0236,momentum.roc,um,4h,SHORT,newey_west_automatic,-3.2139645603163625,0.0013618370282376952,798,um|4h
T0237,momentum.roc,um,4h,SHORT,newey_west_automatic,-3.656403576097136,0.00027256673570890153,798,um|4h
T0238,momentum.roc,um,4h,SHORT,newey_west_automatic,-2.452729468921025,0.014388872665001955,806,um|4h
T0239,momentum.rsi,um,4h,SHORT,newey_west_automatic,-0.21213116939221044,0.8321175486563174,384,um|4h
T0240,momentum.rsi,um,4h,SHORT,newey_west_automatic,0.8269777154491393,0.40991886945713535,119,um|4h
T0241,momentum.rsi,um,4h,SHORT,newey_west_automatic,-2.193369478314778,0.03482276721912425,37,um|4h
T0242,volatility.atr_natr,um,4h,SHORT,newey_west_automatic,1.0350209227142833,0.34809902240689233,6,um|4h
T0243,volatility.bollinger_bandwidth,um,4h,SHORT,newey_west_automatic,-3.5175664790148704,0.00047047888622859423,567,um|4h
T0244,volatility.realized_percentile,um,4h,SHORT,newey_west_automatic,-0.08443790283397197,0.9331515615387407,39,um|4h
T0245,volume.rvol,um,4h,SHORT,newey_west_automatic,-0.011232036745710857,0.9910534460780379,149,um|4h
T0246,volume.vwap_deviation,um,4h,SHORT,newey_west_automatic,-3.656403576097136,0.00027256673570890153,798,um|4h
T0247,orderflow.taker_ratio,um,4h,SHORT,newey_west_automatic,-5.518762473272363,4.61881168882586e-08,798,um|4h
T0248,orderflow.cvd,um,4h,SHORT,newey_west_automatic,-3.055436689920327,0.0023222351739110533,798,um|4h
T0249,context.btc_regime,um,4h,SHORT,newey_west_automatic,-4.2848347996393565,2.0636352955396356e-05,761,um|4h
T0250,context.market_breadth,um,4h,SHORT,newey_west_automatic,-2.6856213255855708,0.007390081112318583,798,um|4h
T0251,derivatives.funding,um,4h,SHORT,newey_west_automatic,-5.381577460217475,9.752344520574979e-08,787,um|4h
T0252,derivatives.funding_zscore,um,4h,SHORT,newey_west_automatic,-1.9048984368089315,0.06937276927517719,24,um|4h
