trial_id,feature_id,market,timeframe,side,observations,signals,executed_trades,signal_frequency,exposure,turnover,gross_return,net_return,hit_rate,mean_net_return,median_net_return,sharpe,sortino,max_drawdown,calmar,hac_t_stat,bootstrap_ci_low,bootstrap_ci_high
T0001,trend.ema_20_50_spread,spot,15m,LONG,174194,836,836,0.004799246816767512,0.46072769440968114,1672.0,-0.9777560714341729,-0.998224804494855,0.39712918660287083,-0.005583964304450343,-0.009811973828705352,-16.5527018268242,-23.707937395462913,-0.9982998386426999,-195.99533291918038,-2.997627079188547,-0.005583964304450343,-0.005583964304450343
T0002,trend.ema_20_50_spread,spot,15m,LONG,174194,836,836,0.004799246816767512,0.46072769440968114,1672.0,-0.9951686947505357,-0.9996167115397545,0.4019138755980861,-0.0068642385064996364,-0.010753137757028183,-17.91807335938868,-25.955725662248124,-0.9996428669066417,-240.60884664944055,-3.4372224678763295,-0.0068642385064996364,-0.0068642385064996364
T0003,trend.ema_20_50_spread,spot,15m,LONG,174194,748,748,0.004294062941318301,0.4122300423665568,1496.0,-0.9988378371526099,-0.9998802830607125,0.35561497326203206,-0.009738879172566509,-0.013524247525574126,-26.945193400116903,-37.127617820166286,-0.9998705338710959,-341.29451228605234,-4.450480963926619,-0.009738879172566509,-0.009738879172566509
T0004,trend.ema_50_200_regime,spot,15m,LONG,174194,836,836,0.004799246816767512,0.46072769440968114,1672.0,-0.9777560714341729,-0.998224804494855,0.39712918660287083,-0.005583964304450343,-0.009811973828705352,-16.5527018268242,-23.707937395462913,-0.9982998386426999,-195.99533291918038,-2.997627079188547,-0.005583964304450343,-0.005583964304450343
T0005,trend.ema_50_200_regime,spot,15m,LONG,174194,836,836,0.004799246816767512,0.46072769440968114,1672.0,-0.9951686947505357,-0.9996167115397545,0.4019138755980861,-0.0068642385064996364,-0.010753137757028183,-17.91807335938868,-25.955725662248124,-0.9996428669066417,-240.60884664944055,-3.4372224678763295,-0.0068642385064996364,-0.0068642385064996364
T0006,trend.ema_50_200_regime,spot,15m,LONG,174194,748,748,0.004294062941318301,0.4122300423665568,1496.0,-0.9988378371526099,-0.9998802830607125,0.35561497326203206,-0.009738879172566509,-0.013524247525574126,-26.945193400116903,-37.127617820166286,-0.9998705338710959,-341.29451228605234,-4.450480963926619,-0.009738879172566509,-0.009738879172566509
T0007,trend.ema_slope,spot,15m,LONG,174194,836,836,0.004799246816767512,0.46072769440968114,1672.0,-0.9797741583775604,-0.9983877732668659,0.39712918660287083,-0.005318477588962493,-0.0114556007018029,-14.359996270715149,-21.237190375473634,-0.9984645902804126,-186.64603285020638,-2.8419472177990164,-0.005318477588962493,-0.005318477588962493
T0008,trend.adx_dmi,spot,15m,LONG,174194,789,789,0.004529432701470774,0.4348255393411943,1578.0,-0.8565211787827482,-0.9867382373630533,0.41064638783269963,-0.0033463488109422047,-0.009421591437878126,-9.446920534955115,-14.688810037363549,-0.990773506845092,-118.3479993412338,-1.6709464858751437,-0.0033463488109422047,-0.0033463488109422047
T0009,trend.kaufman_er,spot,15m,LONG,174194,828,828,0.004753321009908493,0.4563188169512153,1656.0,-0.961857902719379,-0.996877784166742,0.4142512077294686,-0.004824425315117252,-0.009639722568380856,-13.689537362713653,-20.444338648530902,-0.9971723356127278,-169.52722915024958,-2.652437438004518,-0.004824425315117252,-0.004824425315117252
T0010,trend.donchian,spot,15m,LONG,174194,745,745,0.004276840763746168,0.41057671331963214,1490.0,-0.9709693213520912,-0.9969510249675033,0.3838926174496644,-0.005693054265246439,-0.011601512679816125,-16.38059208337802,-24.25365004922739,-0.9971139843015264,-200.0620035371114,-2.954407290749778,-0.005693054265246439,-0.005693054265246439
T0011,trend.donchian,spot,15m,LONG,174194,640,640,0.0036740645487215403,0.3527101966772679,1280.0,-0.983204520653036,-0.9975851096602674,0.3984375,-0.007158818587818588,-0.011561983956493323,-19.95049741784985,-28.297440789685787,-0.9976722155963892,-251.43027879874657,-3.0002218547653987,-0.007158818587818588,-0.007158818587818588
T0012,trend.donchian,spot,15m,LONG,174194,628,628,0.0036051758384330113,0.3460968804895691,1256.0,-0.9549852685300201,-0.9932684099001767,0.4012738853503185,-0.005793214223392738,-0.01012549096370657,-16.399810840601607,-23.87993251405786,-0.9959529080091565,-203.81910103907774,-2.3134681201602447,-0.005793214223392738,-0.005793214223392738
T0013,momentum.roc,spot,15m,LONG,174194,836,836,0.004799246816767512,0.46072769440968114,1672.0,-0.9900938115665218,-0.9992121228773987,0.3708133971291866,-0.006152396375931858,-0.011941130539683039,-16.585919113206206,-24.308077242803446,-0.9992453865063413,-215.7427714191245,-3.2425518352817364,-0.006152396375931858,-0.006152396375931858
T0014,momentum.roc,spot,15m,LONG,174194,836,836,0.004799246816767512,0.46072769440968114,1672.0,-0.9481065691512987,-0.9958501409077704,0.39473684210526316,-0.004355589770795428,-0.011000512032770023,-12.20695784629091,-18.115978238607756,-0.9960490067001871,-153.22525753455292,-2.4256935699787805,-0.004355589770795428,-0.004355589770795428
T0015,momentum.roc,spot,15m,LONG,174194,836,836,0.004799246816767512,0.46072769440968114,1672.0,-0.9803306997247222,-0.9984322682459515,0.39952153110047844,-0.005351514035754861,-0.011579887326588541,-14.447917829263003,-21.367407649783207,-0.9985069652280281,-187.7974399207393,-2.8585012593837966,-0.005351514035754861,-0.005351514035754861
T0016,momentum.rsi,spot,15m,LONG,174194,778,778,0.004466284717039622,0.42876333283580376,1556.0,-0.9895482626794244,-0.9990087223424878,0.38046272493573263,-0.007008181304508972,-0.01215608730301387,-21.342235689443974,-30.619809321938696,-0.9990885496865399,-245.79069891957022,-3.847821230924115,-0.007008181304508972,-0.007008181304508972
T0017,momentum.rsi,spot,15m,LONG,174194,587,587,0.003369806078280538,0.32350138351493163,1174.0,-0.03025053893236007,-0.8344801359383527,0.4514480408858603,-0.0006324701799935121,-0.005420309320850578,-1.6772310145373002,-2.587709167154342,-0.9530142807150305,-23.254378822471658,-0.2725221217850432,-0.0006324701799935121,-0.0006324701799935121
T0018,momentum.rsi,spot,15m,LONG,174194,373,373,0.002141290744801773,0.20556391150097017,746.0,1886.4075762845846,626.5985788538258,0.6246648793565683,0.02009790181747888,0.01647086801426878,50.38376624659369,97.27824695322708,-0.26313266897131293,2676.332370425795,5.9127436240399405,0.02009790181747888,0.02009790181747888
T0019,volatility.atr_natr,spot,15m,LONG,174194,521,521,0.002990918171693629,0.2871281444825884,1042.0,-0.41795676460930353,-0.8789623387911557,0.4165067178502879,-0.0017837540666894322,-0.008333764344593538,-4.88804306281226,-7.5648754641882014,-0.929953763521338,-67.21059148158774,-0.6522534268613159,-0.0017837540666894322,-0.0017837540666894322
T0020,volatility.bollinger_bandwidth,spot,15m,LONG,174194,829,829,0.00475906173576587,0.45686992663352355,1658.0,-0.9731235563341869,-0.9978091749552257,0.3896260554885404,-0.005172628233070002,-0.010567299342513322,-14.378637998181466,-21.666497259589278,-0.9980024342317559,-181.61167455096935,-2.6755530315267,-0.005172628233070002,-0.005172628233070002
T0021,volatility.realized_percentile,spot,15m,LONG,174194,583,583,0.003346843174851028,0.3212969447856987,1166.0,-0.99357800806485,-0.9989060026027623,0.36363636363636365,-0.009897076816990168,-0.013325655281969714,-31.129780485738948,-42.8357931131197,-0.9989244275043369,-347.16697491695874,-4.163121439731148,-0.009897076816990168,-0.009897076816990168
T0022,volume.rvol,spot,15m,LONG,174194,709,709,0.0040701746328805815,0.3907367647565358,1418.0,-0.965478991484815,-0.9959589560578778,0.4019746121297602,-0.005517425835939004,-0.009358177322500768,-15.337024672712998,-22.073954827265947,-0.9961342361312806,-194.08087211433184,-2.5589938580587277,-0.005517425835939004,-0.005517425835939004
T0023,volume.vwap_deviation,spot,15m,LONG,174194,836,836,0.004799246816767512,0.46072769440968114,1672.0,-0.9667699637858097,-0.9973454719068445,0.4043062200956938,-0.005009787398997748,-0.010997324755529943,-14.499498356565947,-20.933535890885818,-0.9974749041706548,-175.98733534738435,-2.8240690750296458,-0.005009787398997748,-0.005009787398997748
T0024,orderflow.taker_ratio,spot,15m,LONG,174194,836,836,0.004799246816767512,0.46072769440968114,1672.0,-0.9787299934257327,-0.9983026787643442,0.41148325358851673,-0.005663488676225245,-0.007852730266637572,-16.93240021937775,-23.786000521738764,-0.9983688132649517,-198.77287889827878,-3.1609632743875093,-0.005663488676225245,-0.005663488676225245
T0025,orderflow.cvd,spot,15m,LONG,174194,836,836,0.004799246816767512,0.46072769440968114,1672.0,-0.9899059203396082,-0.9991971435960671,0.3708133971291866,-0.0061235242103933355,-0.01212327753629899,-16.47933312633294,-24.201806501928203,-0.9992310396399408,-214.7334098123085,-3.2033450730186273,-0.0061235242103933355,-0.0061235242103933355
T0026,context.btc_regime,spot,15m,LONG,174194,836,836,0.004799246816767512,0.46072769440968114,1672.0,-0.8606568208205252,-0.9888226690942207,0.45215311004784686,-0.003203232963798456,-0.005992926785013617,-9.004254608709463,-13.354087962501069,-0.9901031882573215,-113.36321747337622,-1.8021155274903458,-0.003203232963798456,-0.003203232963798456
T0027,context.market_breadth,spot,15m,LONG,174194,836,836,0.004799246816767512,0.46072769440968114,1672.0,-0.9933957629971086,-0.9994752144130068,0.38516746411483255,-0.006788123048627451,-0.01105394017677341,-19.02588565616562,-26.857950784565066,-0.9994956621821107,-237.97585184573612,-3.5924167069921045,-0.006788123048627451,-0.006788123048627451
T0028,trend.ema_20_50_spread,spot,1h,LONG,43586,792,792,0.01817097233056486,0.43610333593355666,1584.0,-0.9953355901163232,-0.9995771227977036,0.3522727272727273,-0.007666815875820528,-0.013116174518251474,-10.857475042320363,-16.383579804413124,-0.9995698629907167,-67.19020806733903,-3.434227491821906,-0.007666815875820528,-0.007666815875820528
T0029,trend.ema_20_50_spread,spot,1h,LONG,43586,748,748,0.0171614738677557,0.41187537282613684,1496.0,-0.9986241090362631,-0.9998582215869795,0.3689839572192513,-0.009412718593128139,-0.011022763174064362,-12.683893179689719,-17.756896958504505,-0.9998519972235876,-82.46762031257289,-4.2557270129864335,-0.009412718593128139,-0.009412718593128139
T0030,trend.ema_20_50_spread,spot,1h,LONG,43586,484,484,0.011104483090900749,0.26650759418161796,968.0,-0.7374521495507145,-0.9390782271871213,0.3760330578512397,-0.0038760407839781375,-0.009214089677852862,-5.74554050608329,-9.381399861251223,-0.9509177601542439,-35.70668115625577,-1.7604737120965082,-0.0038760407839781375,-0.0038760407839781375
T0031,trend.ema_50_200_regime,spot,1h,LONG,43586,792,792,0.01817097233056486,0.43610333593355666,1584.0,-0.9953355901163232,-0.9995771227977036,0.3522727272727273,-0.007666815875820528,-0.013116174518251474,-10.857475042320363,-16.383579804413124,-0.9995698629907167,-67.19020806733903,-3.434227491821906,-0.007666815875820528,-0.007666815875820528
T0032,trend.ema_50_200_regime,spot,1h,LONG,43586,748,748,0.0171614738677557,0.41187537282613684,1496.0,-0.9986241090362631,-0.9998582215869795,0.3689839572192513,-0.009412718593128139,-0.011022763174064362,-12.683893179689719,-17.756896958504505,-0.9998519972235876,-82.46762031257289,-4.2557270129864335,-0.009412718593128139,-0.009412718593128139
T0033,trend.ema_50_200_regime,spot,1h,LONG,43586,484,484,0.011104483090900749,0.26650759418161796,968.0,-0.7374521495507145,-0.9390782271871213,0.3760330578512397,-0.0038760407839781375,-0.009214089677852862,-5.74554050608329,-9.381399861251223,-0.9509177601542439,-35.70668115625577,-1.7604737120965082,-0.0038760407839781375,-0.0038760407839781375
T0034,trend.ema_slope,spot,1h,LONG,43586,792,792,0.01817097233056486,0.43610333593355666,1584.0,-0.9993429219752141,-0.9999408151202909,0.36237373737373735,-0.009938895876689986,-0.011984874103571515,-13.64587237598954,-18.98487275830021,-0.9999391642753718,-87.0700248478593,-4.673407742720124,-0.009938895876689986,-0.009938895876689986
T0035,trend.adx_dmi,spot,1h,LONG,43586,643,643,0.014752443445142935,0.35405864268343046,1286.0,-0.9965096654815112,-0.9995048018833161,0.3608087091757387,-0.009789393316273669,-0.013783200908058842,-14.420074172768665,-19.991067735663396,-0.9994958959851007,-85.79833673657794,-4.327617202594516,-0.009789393316273669,-0.009789393316273669
T0036,trend.kaufman_er,spot,1h,LONG,43586,721,721,0.01654200890194099,0.3970082136465838,1442.0,-0.9815867880569921,-0.9979245341852128,0.4119278779472954,-0.0064076573946816005,-0.009054811982154295,-9.125588033245494,-12.973540266817217,-0.9979921023445723,-56.24401099521997,-3.2104916777410644,-0.0064076573946816005,-0.0064076573946816005
T0037,trend.donchian,spot,1h,LONG,43586,536,536,0.012297526728766118,0.2951406414903868,1072.0,-0.9959222623534294,-0.9992011660133824,0.36007462686567165,-0.011271294888116887,-0.01856719000921525,-16.618678268486722,-23.183739241092603,-0.9994632016754605,-98.7895732973319,-4.477557450306151,-0.011271294888116887,-0.011271294888116887
T0038,trend.donchian,spot,1h,LONG,43586,333,333,0.007640067911714771,0.1833616298811545,666.0,5.655852770698278,1.4551534627823566,0.4984984984984985,0.0053038544244691,-0.0003982655103403872,6.722948837886813,11.555798078256037,-0.6927687790526267,67.06677056360216,1.5865440076170843,0.0053038544244691,0.0053038544244691
T0039,trend.donchian,spot,1h,LONG,43586,287,287,0.006584683155141559,0.15803239572339742,574.0,11.94484093022148,4.498062349788449,0.519163763066202,0.007962542046739641,0.0017222222222222942,11.613425843237415,19.841261502666285,-0.4755285410270511,146.68282197907303,2.6999756599363254,0.007962542046739641,0.007962542046739641
T0040,momentum.roc,spot,1h,LONG,43586,832,832,0.019088698205845914,0.4581287569403019,1664.0,-0.8757573238908852,-0.9899065225683586,0.41466346153846156,-0.003758533685943339,-0.0070684766649248805,-5.872228009130309,-8.763397502604093,-0.9902713031184979,-33.248216913061256,-2.1488809600920304,-0.003758533685943339,-0.003758533685943339
T0041,momentum.roc,spot,1h,LONG,43586,792,792,0.01817097233056486,0.43610333593355666,1584.0,-0.9965529246339428,-0.9996877286208888,0.4166666666666667,-0.008166885391274695,-0.009141093283686227,-12.102909860508845,-16.39982056883729,-0.9996955259657653,-71.56370531762917,-4.744808085495278,-0.008166885391274695,-0.008166885391274695
T0042,momentum.roc,spot,1h,LONG,43586,792,792,0.01817097233056486,0.43610333593355666,1584.0,-0.9993573201899281,-0.999942115621457,0.3611111111111111,-0.009968495929521894,-0.012165485633300662,-13.691491037671863,-19.052308231340845,-0.9999405010514404,-87.32922033940052,-4.686212050622852,-0.009968495929521894,-0.009968495929521894
T0043,momentum.rsi,spot,1h,LONG,43586,620,620,0.01422475106685633,0.3413940256045519,1240.0,-0.8995018945053156,-0.9845673447074622,0.4306451612903226,-0.0045845047523406495,-0.007359492998563808,-6.536848374496783,-9.465586921347473,-0.9853735467852329,-40.75638295905788,-2.072524610899574,-0.0045845047523406495,-0.0045845047523406495
T0044,momentum.rsi,spot,1h,LONG,43586,322,322,0.007387693296012481,0.17730463910429956,644.0,23.55811007306632,8.406350616332423,0.5559006211180124,0.008889850518690772,0.005682249668265807,13.320061880644944,22.765751591610677,-0.4531005464544454,171.8715440824583,2.8676129950873657,0.008889850518690772,0.008889850518690772
T0045,momentum.rsi,spot,1h,LONG,43586,178,178,0.004083880145000688,0.09801312348001652,356.0,5.503820940035616,2.827470706948581,0.5,0.009485506333012648,-0.00011552772489542302,14.113122861032943,26.04193266049708,-0.255865182031225,324.75319548187053,2.496141214249096,0.009485506333012648,0.009485506333012648
T0046,volatility.atr_natr,spot,1h,LONG,43586,226,226,0.005185151195337952,0.12444362868811086,452.0,354.45666385870993,182.10646272064363,0.504424778761062,0.026166570848260722,0.0007162984597555181,31.260794881646465,79.44010853396898,-0.18113903766356265,1265.4321431060187,6.906147767556849,0.026166570848260722,0.026166570848260722
T0047,volatility.bollinger_bandwidth,spot,1h,LONG,43586,720,720,0.016519065755058963,0.39645757812141513,1440.0,-0.9961124795279694,-0.9995624291509387,0.37916666666666665,-0.008692438481593496,-0.01316579323907879,-12.742118009473346,-17.94524828686333,-0.9995768675879209,-76.17799447730955,-4.1451790054318085,-0.008692438481593496,-0.008692438481593496
T0048,volatility.realized_percentile,spot,1h,LONG,43586,226,226,0.005185151195337952,0.12444362868811086,452.0,85.3086511361008,43.27430800471705,0.5575221238938053,0.01975252825793504,0.008074562410791523,23.74690260051806,50.448357977534116,-0.27731951682315537,623.9450779436208,4.500844517163844,0.01975252825793504,0.01975252825793504
T0049,volume.rvol,spot,1h,LONG,43586,514,514,0.011792777497361538,0.2830266599366769,1028.0,-0.9164717261244122,-0.9823559361754103,0.39883268482490275,-0.005865782491495167,-0.010918851737888088,-8.661967061410504,-12.723826647286872,-0.9914113701195862,-51.82939814307313,-2.0571094560313585,-0.005865782491495167,-0.005865782491495167
T0050,volume.vwap_deviation,spot,1h,LONG,43586,792,792,0.01817097233056486,0.43610333593355666,1584.0,-0.9997840193010149,-0.9999805915968398,0.3333333333333333,-0.011753991285069107,-0.01765764872145792,-17.870264058855412,-24.380743001332352,-0.9999804124710414,-102.9669805259182,-5.948403780326494,-0.011753991285069107,-0.011753991285069107
T0051,orderflow.taker_ratio,spot,1h,LONG,43586,836,836,0.01918047079337402,0.46033129904097647,1672.0,-0.9959592343602409,-0.9996791771307404,0.37679425837320574,-0.007617208542026546,-0.012813495780584268,-11.27522379243748,-16.00014052341005,-0.9996977074310816,-66.74692392725392,-4.445640644298435,-0.007617208542026546,-0.007617208542026546
T0052,orderflow.cvd,spot,1h,LONG,43586,836,836,0.01918047079337402,0.46033129904097647,1672.0,-0.8632490602226331,-0.9890198867433488,0.4150717703349282,-0.0036403925182593405,-0.006881117791297684,-5.701081745010476,-8.514818580502805,-0.9896372936085986,-32.223763863697165,-2.101243660643653,-0.0036403925182593405,-0.0036403925182593405
T0053,context.btc_regime,spot,1h,LONG,43586,792,792,0.01817097233056486,0.43610333593355666,1584.0,-0.8525507433436076,-0.9864860226938287,0.4166666666666667,-0.003520830831879868,-0.008215184768572577,-5.260017350779505,-8.080990017839186,-0.9896775066148418,-31.164170026217217,-1.938168507332823,-0.003520830831879868,-0.003520830831879868
T0054,trend.ema_20_50_spread,spot,4h,LONG,10934,572,572,0.052313883299798795,0.31388329979879276,1144.0,0.5210272186715577,-0.7278141349054292,0.42132867132867136,-0.00026080572692793464,-0.008495475301957486,-0.18840744835876228,-0.3082869818930577,-0.7802135152508494,-0.7320618405187965,-0.12621239586623795,-0.00026080572692793464,-0.00026080572692793464
T0055,trend.ema_20_50_spread,spot,4h,LONG,10934,440,440,0.04024144869215292,0.2414486921529175,880.0,-0.8894179342922408,-0.9707846103938721,0.29772727272727273,-0.006059589195146563,-0.01695433509870581,-4.410697301221211,-7.363711883649868,-0.9742480752767835,-13.621274369570429,-2.4172531120307337,-0.006059589195146563,-0.006059589195146563
T0056,trend.ema_20_50_spread,spot,4h,LONG,10934,0,0,0.0,0.0,0.0,,,,,,,,,,,,
T0057,trend.ema_50_200_regime,spot,4h,LONG,10934,572,572,0.052313883299798795,0.31388329979879276,1144.0,0.5210272186715577,-0.7278141349054292,0.42132867132867136,-0.00026080572692793464,-0.008495475301957486,-0.18840744835876228,-0.3082869818930577,-0.7802135152508494,-0.7320618405187965,-0.12621239586623795,-0.00026080572692793464,-0.00026080572692793464
T0058,trend.ema_50_200_regime,spot,4h,LONG,10934,440,440,0.04024144869215292,0.2414486921529175,880.0,-0.8894179342922408,-0.9707846103938721,0.29772727272727273,-0.006059589195146563,-0.01695433509870581,-4.410697301221211,-7.363711883649868,-0.9742480752767835,-13.621274369570429,-2.4172531120307337,-0.006059589195146563,-0.006059589195146563
T0059,trend.ema_50_200_regime,spot,4h,LONG,10934,0,0,0.0,0.0,0.0,,,,,,,,,,,,
T0060,trend.ema_slope,spot,4h,LONG,10934,572,572,0.052313883299798795,0.31388329979879276,1144.0,-0.7939703375839405,-0.9633055354609048,0.4353146853146853,-0.004534012523559536,-0.005808269896373561,-4.2083319057540605,-6.278891540887208,-0.9648674203869745,-10.29103814347158,-2.638107071838352,-0.004534012523559536,-0.004534012523559536
T0061,trend.adx_dmi,spot,4h,LONG,10934,423,423,0.038686665447228825,0.23211999268337297,846.0,-0.6701250468091228,-0.9079314274797359,0.3971631205673759,-0.004056776091341945,-0.009994135686232416,-3.3278126123505407,-5.200277174609558,-0.9144395729222563,-9.71561151017049,-1.7006156460199158,-0.004056776091341945,-0.004056776091341945
T0062,trend.kaufman_er,spot,4h,LONG,10934,491,491,0.044905798426925186,0.2694347905615511,982.0,-0.9436630989305811,-0.9872665465907164,0.4073319755600815,-0.006647326390799016,-0.0083552302749017,-4.640154340040177,-6.655653093582655,-0.9904910228106474,-14.697402056750226,-2.3892808491315525,-0.006647326390799016,-0.006647326390799016
T0063,trend.donchian,spot,4h,LONG,10934,167,167,0.015273458935430766,0.0916407536125846,334.0,119.21225982195203,72.75037502169683,0.6526946107784432,0.028284035739715233,0.01594554509039725,19.482267354492986,46.37306337558652,-0.18556059009483672,333.8103108980139,7.267617714314943,0.028284035739715233,0.028284035739715233
T0064,trend.donchian,spot,4h,LONG,10934,48,48,0.004389976220962136,0.02633985732577282,96.0,-0.2494680893245601,-0.350993810451956,0.4583333333333333,-0.007230216334463103,-0.0034269852493520854,-5.78966861317129,-7.463539531992237,-0.5487325874275801,-28.85590200994567,-0.7462106699983694,-0.007230216334463103,-0.007230216334463103
T0065,trend.donchian,spot,4h,LONG,10934,31,31,0.0028351929760380467,0.017011157856228278,62.0,0.09556937248905895,-0.0017914702945118766,0.5483870967741935,0.0020647631013678354,0.0031932009424434664,1.4954874259516646,2.123920490530039,-0.39092406218147613,11.567032141133383,0.16610419490020753,0.0020647631013678354,0.0020647631013678354
T0066,momentum.roc,spot,4h,LONG,10934,704,704,0.06438631790744467,0.386317907444668,1408.0,-0.9419247493348901,-0.9930797169580684,0.39204545454545453,-0.0053636693469001975,-0.009471607639206011,-4.3009424021714535,-6.205662688818321,-0.9944024871892572,-11.812556807770555,-2.5385583820724023,-0.0053636693469001975,-0.0053636693469001975
T0067,momentum.roc,spot,4h,LONG,10934,660,660,0.060362173038229376,0.36217303822937624,1320.0,-0.9971545297800364,-0.9996165717287746,0.37424242424242427,-0.010022125902859788,-0.011053027814006907,-7.714782745200374,-10.404541717002166,-0.9995957983662298,-21.957330916292534,-4.55516406156671,-0.010022125902859788,-0.010022125902859788
T0068,momentum.roc,spot,4h,LONG,10934,572,572,0.052313883299798795,0.31388329979879276,1144.0,-0.7939703375839405,-0.9633055354609048,0.4353146853146853,-0.004534012523559536,-0.005808269896373561,-4.2083319057540605,-6.278891540887208,-0.9648674203869745,-10.29103814347158,-2.638107071838352,-0.004534012523559536,-0.004534012523559536
T0069,momentum.rsi,spot,4h,LONG,10934,352,352,0.03219315895372234,0.193158953722334,704.0,51.48297965506972,17.410219104540882,0.5482954545454546,0.010125042675924335,0.0036582124596840097,7.732848369505652,14.259900136971053,-0.3688181204498415,60.121350418545624,3.557175107328796,0.010125042675924335,0.010125042675924335
T0070,momentum.rsi,spot,4h,LONG,10934,104,104,0.009511615145417962,0.057069690872507774,208.0,4.922808828040364,3.352389701673225,0.5288461538461539,0.017341138646623202,0.0039816758425663705,10.111711200071998,19.1667169948822,-0.22358405629355338,169.85600076171357,2.9277534463473938,0.017341138646623202,0.017341138646623202
T0071,momentum.rsi,spot,4h,LONG,10934,42,42,0.0038412291933418692,0.023047375160051217,84.0,1.0589691938502757,0.8181251765922228,0.5714285714285714,0.01730949871672245,0.016404479577885267,10.428254530570332,18.280550123028757,-0.21755602489404913,174.24386296855465,1.6278516290826965,0.01730949871672245,0.01730949871672245
T0072,volatility.atr_natr,spot,4h,LONG,10934,4,4,0.0003658313517468447,0.002194988110481068,8.0,-0.1321312889321714,-0.14287700001675874,0.25,-0.03726805965657981,-0.04635851479286007,-53.5371883471802,-35.70731312942201,-0.07596031148157978,-1074.4696678567695,-2.4864942938971266,,
T0073,volatility.bollinger_bandwidth,spot,4h,LONG,10934,457,457,0.04179623193707701,0.25077739162246204,914.0,-0.5742311472822019,-0.8926849878155042,0.40700218818380746,-0.0030094912943550854,-0.010264254385964785,-2.271064089715797,-3.526191164658547,-0.9197487031477724,-7.165855099421349,-1.1012613555793442,-0.0030094912943550854,-0.0030094912943550854
T0074,volatility.realized_percentile,spot,4h,LONG,10934,0,0,0.0,0.0,0.0,,,,,,,,,,,,
T0075,volume.rvol,spot,4h,LONG,10934,163,163,0.014907627583683922,0.08944576550210354,326.0,8.146062609949494,4.635881752645328,0.48466257668711654,0.012880711521480692,-0.00022376457523598254,8.94759806627739,16.563725772181787,-0.5431814671046993,51.93247549921548,2.5601357809828387,0.012880711521480692,0.012880711521480692
T0076,volume.vwap_deviation,spot,4h,LONG,10934,616,616,0.056338028169014086,0.3380281690140845,1232.0,-0.905698453746017,-0.9853308954005677,0.39285714285714285,-0.005251078629445181,-0.008708576165912026,-4.302540590303259,-6.475517748448144,-0.9858290968301276,-11.665168167040353,-2.7010217224015705,-0.005251078629445181,-0.005251078629445181
T0077,orderflow.taker_ratio,spot,4h,LONG,10934,748,748,0.06841046277665996,0.4104627766599598,1496.0,-0.8954366238092718,-0.9890810657117504,0.32620320855614976,-0.003649196674430408,-0.01878680276037803,-2.416853416523921,-4.017629024229045,-0.9903144766628024,-8.06990194057695,-1.8058477789564698,-0.003649196674430408,-0.003649196674430408
T0078,orderflow.cvd,spot,4h,LONG,10934,704,704,0.06438631790744467,0.386317907444668,1408.0,-0.9397956864988458,-0.992825307915409,0.39488636363636365,-0.005306583007743181,-0.009238700573760247,-4.245309119171264,-6.13934473349775,-0.9941967068957597,-11.689252947984325,-2.5110555430685717,-0.005306583007743181,-0.005306583007743181
T0079,context.btc_regime,spot,4h,LONG,10934,748,748,0.06841046277665996,0.4104627766599598,1496.0,18.975570771272345,1.119728801006079,0.40106951871657753,0.0032672535140244067,-0.010054240461780047,2.21413516521424,3.997426741572401,-0.6874844002438724,10.407923718960381,1.6603159301425305,0.0032672535140244067,0.0032672535140244067
T0080,context.market_breadth,spot,4h,LONG,10934,660,660,0.060362173038229376,0.36217303822937624,1320.0,4.176143381366757,-0.2873289584755949,0.3984848484848485,0.002002671749470966,-0.01394386881522219,1.2873482916286236,2.274554575700809,-0.8168744084824402,5.369064186365309,0.916282363501922,0.002002671749470966,0.002002671749470966
T0081,trend.ema_20_50_spread,um,15m,LONG,177170,855,855,0.00482587345487385,0.4632838516678896,1710.0,-0.9814650056867005,-0.9976464325526936,0.4058479532163743,-0.004822951249796483,-0.009907192254495245,-13.279182748380697,-20.01501765983423,-0.9980326278658197,-169.32934562895815,-2.457855053137465,-0.004822951249796483,-0.004822951249796483
T0082,trend.ema_20_50_spread,um,15m,LONG,177170,855,855,0.00482587345487385,0.4632838516678896,1710.0,-0.9964538574147942,-0.9995517428686095,0.4105263157894737,-0.006187167219992291,-0.01035404001039234,-15.215148886329056,-22.690545529468185,-0.9996327599182764,-216.8779856777142,-2.973694110441339,-0.006187167219992291,-0.006187167219992291
T0083,trend.ema_20_50_spread,um,15m,LONG,177170,765,765,0.004317886775413444,0.4145171304396907,1530.0,-0.9992941683407193,-0.9998792813686447,0.35947712418300654,-0.009210657026602911,-0.012871706774238467,-24.037673362308798,-34.14908340590867,-0.999892297384513,-322.7761860516207,-4.0100940561949425,-0.009210657026602911,-0.009210657026602911
T0084,trend.ema_50_200_regime,um,15m,LONG,177170,855,855,0.00482587345487385,0.4632838516678896,1710.0,-0.9814650056867005,-0.9976464325526936,0.4058479532163743,-0.004822951249796483,-0.009907192254495245,-13.279182748380697,-20.01501765983423,-0.9980326278658197,-169.32934562895815,-2.457855053137465,-0.004822951249796483,-0.004822951249796483
T0085,trend.ema_50_200_regime,um,15m,LONG,177170,855,855,0.00482587345487385,0.4632838516678896,1710.0,-0.9964538574147942,-0.9995517428686095,0.4105263157894737,-0.006187167219992291,-0.01035404001039234,-15.215148886329056,-22.690545529468185,-0.9996327599182764,-216.8779856777142,-2.973694110441339,-0.006187167219992291,-0.006187167219992291
T0086,trend.ema_50_200_regime,um,15m,LONG,177170,765,765,0.004317886775413444,0.4145171304396907,1530.0,-0.9992941683407193,-0.9998792813686447,0.35947712418300654,-0.009210657026602911,-0.012871706774238467,-24.037673362308798,-34.14908340590867,-0.999892297384513,-322.7761860516207,-4.0100940561949425,-0.009210657026602911,-0.009210657026602911
T0087,trend.ema_slope,um,15m,LONG,177170,855,855,0.00482587345487385,0.4632838516678896,1710.0,-0.9846287662974689,-0.9980756970476236,0.3953216374269006,-0.0046930206474117215,-0.010923442989460163,-11.949315059023931,-18.338334011115414,-0.9983479845885364,-164.71555612252894,-2.421969287773101,-0.0046930206474117215,-0.0046930206474117215
T0088,trend.adx_dmi,um,15m,LONG,177170,805,805,0.004543658632951403,0.43619122876333466,1610.0,-0.9324482391434015,-0.9904204944862824,0.391304347826087,-0.0033936566021442963,-0.010817301451568926,-9.020853950331919,-14.355301647175876,-0.9920956666033872,-119.86114982868341,-1.6051666359488768,-0.0033936566021442963,-0.0033936566021442963
T0089,trend.kaufman_er,um,15m,LONG,177170,848,848,0.004786363379804708,0.4594908844612519,1696.0,-0.9729234828005674,-0.9964755569784466,0.4056603773584906,-0.004251820096070244,-0.010992037314939432,-11.293084076809194,-17.542548214535746,-0.9968873338143578,-149.44896089335344,-2.21332779061918,-0.004251820096070244,-0.004251820096070244
T0090,trend.donchian,um,15m,LONG,177170,760,760,0.0042896652932212,0.4118078681492352,1520.0,-0.9703487395502806,-0.9953058677507676,0.3828947368421053,-0.004658007067574079,-0.012098653621683586,-12.412994027723677,-19.09039604603437,-0.9961946048881906,-163.84004374939832,-2.28927584581932,-0.004658007067574079,-0.004658007067574079
T0091,trend.donchian,um,15m,LONG,177170,652,652,0.0036800812778687137,0.3532878026753965,1304.0,-0.9904107705412133,-0.9980353462571205,0.3941717791411043,-0.007123878819344331,-0.012619541393732591,-19.04017250557762,-27.36181865132804,-0.9980881069733615,-250.09887612706285,-3.0515557183502926,-0.007123878819344331,-0.007123878819344331
T0092,trend.donchian,um,15m,LONG,177170,641,641,0.003617994017045775,0.3473274256363944,1282.0,-0.9772283173314913,-0.9951684776250329,0.40561622464898595,-0.005951552479537557,-0.009515585665036552,-16.067520066484693,-23.568291431751906,-0.9967960453640078,-209.21270690519336,-2.4224850202643617,-0.005951552479537557,-0.005951552479537557
T0093,momentum.roc,um,15m,LONG,177170,855,855,0.00482587345487385,0.4632838516678896,1710.0,-0.9938900976434311,-0.9992218861089629,0.3719298245614035,-0.005656309566461427,-0.011719058471498444,-14.206590063356305,-21.537454244916116,-0.9993102338758197,-198.3338912082407,-2.824065799565854,-0.005656309566461427,-0.005656309566461427
T0094,momentum.roc,um,15m,LONG,177170,855,855,0.00482587345487385,0.4632838516678896,1710.0,-0.9580616155309188,-0.994648988373248,0.391812865497076,-0.0036250506986371966,-0.010104431116419585,-9.47892075192902,-14.627348570998654,-0.9952325186593726,-127.63025132192423,-1.903994919256391,-0.0036250506986371966,-0.0036250506986371966
T0095,momentum.roc,um,15m,LONG,177170,855,855,0.00482587345487385,0.4632838516678896,1710.0,-0.9851382203893848,-0.9981396019904311,0.39649122807017545,-0.004736401067021794,-0.010970952309762227,-12.069792076335526,-18.507986223169603,-0.9984028470260005,-166.2289865086108,-2.4477529568781358,-0.004736401067021794,-0.004736401067021794
T0096,momentum.rsi,um,15m,LONG,177170,797,797,0.0044985042614438114,0.43185640909860584,1594.0,-0.9886091670159427,-0.9983223003074622,0.3877038895859473,-0.005869160159538814,-0.010697536705336467,-16.57169949523003,-24.701142477367906,-0.9985609157047786,-205.95175392488665,-3.052987589795484,-0.005869160159538814,-0.005869160159538814
T0097,momentum.rsi,um,15m,LONG,177170,608,608,0.00343173223457696,0.32944629451938817,1216.0,-0.06621290738830887,-0.7834064538478541,0.4506578947368421,8.896804526982735e-05,-0.005933890856126532,0.22643792487622139,0.3599253793957208,-0.8896903805750308,3.5039608995658296,0.03954832345103719,8.896804526982735e-05,8.896804526982735e-05
T0098,momentum.rsi,um,15m,LONG,177170,377,377,0.0021278997572952534,0.2042783767003443,754.0,5247.603774352713,2136.7002618855454,0.6339522546419099,0.023626793798887737,0.020555986870584686,54.77528732978388,112.41102851545568,-0.30889393536004184,2680.152505254139,6.394592867491809,0.023626793798887737,0.023626793798887737
T0099,volatility.atr_natr,um,15m,LONG,177170,530,530,0.0029914771123779422,0.2871818027882824,1060.0,-0.36166259673296364,-0.8190503725709576,0.4207547169811321,-0.00045718110505748737,-0.008671311093682996,-1.1193185494391926,-1.8454476145054752,-0.8794468779746782,-18.215569720489253,-0.15767969082996197,-0.00045718110505748737,-0.00045718110505748737
T0100,volatility.bollinger_bandwidth,um,15m,LONG,177170,849,849,0.004792007676243156,0.460032736919343,1698.0,-0.9789071386215403,-0.9973111349204752,0.39693757361601884,-0.004445737770009301,-0.01050992780918722,-11.494697579706841,-17.939045145192804,-0.9979318771602036,-156.1014885148497,-2.2093390004268465,-0.004445737770009301,-0.004445737770009301
T0101,volatility.realized_percentile,um,15m,LONG,177170,595,595,0.0033583563808771235,0.32240221256420387,1190.0,-0.9810957625864178,-0.9953428706335393,0.3899159663865546,-0.006892040386457484,-0.010899068434252956,-19.630232175046913,-28.773322411334266,-0.9973234172000349,-242.1452168640223,-2.665573123936177,-0.006892040386457484,-0.006892040386457484
T0102,volume.rvol,um,15m,LONG,177170,726,726,0.004097759214313936,0.39338488457413784,1452.0,-0.9886393427957533,-0.998055141636663,0.41735537190082644,-0.006033588204575578,-0.010176349892008585,-15.62307744263373,-23.147246450131167,-0.998104195346741,-211.8184971809302,-3.040243862950955,-0.006033588204575578,-0.006033588204575578
T0103,volume.vwap_deviation,um,15m,LONG,177170,855,855,0.00482587345487385,0.4632838516678896,1710.0,-0.977306854207408,-0.9971498118888874,0.4,-0.004496401183566555,-0.010529238023106631,-12.14062952940477,-18.16888058954615,-0.9974544304914646,-157.95598541232835,-2.406514006274129,-0.004496401183566555,-0.004496401183566555
T0104,orderflow.taker_ratio,um,15m,LONG,177170,855,855,0.00482587345487385,0.4632838516678896,1710.0,-0.9807782140674516,-0.9975416899604451,0.4280701754385965,-0.004867992627325883,-0.006608686619989288,-13.833219568936382,-19.852642726227245,-0.9978974123161185,-170.9338651010186,-2.6065671088934996,-0.004867992627325883,-0.004867992627325883
T0105,orderflow.cvd,um,15m,LONG,177170,855,855,0.00482587345487385,0.4632838516678896,1710.0,-0.9942152263630588,-0.9992633855145777,0.3695906432748538,-0.005720269833251051,-0.011719058471498444,-14.367622660183068,-21.77818940649233,-0.999347021400752,-200.56922236699026,-2.8559312148474247,-0.005720269833251051,-0.005720269833251051
T0106,context.btc_regime,um,15m,LONG,177170,855,855,0.00482587345487385,0.4632838516678896,1710.0,-0.851664462587516,-0.980971219894818,0.45263157894736844,-0.002130449524086043,-0.006122405174948473,-5.5301397611775815,-8.555844104780467,-0.9842774529360154,-75.8434027938947,-1.1274762960962526,-0.002130449524086043,-0.002130449524086043
T0107,context.market_breadth,um,15m,LONG,177170,855,855,0.00482587345487385,0.4632838516678896,1710.0,-0.9956340543294779,-0.9994438533855858,0.3871345029239766,-0.006274848336551779,-0.010240752931495544,-16.593229059431568,-24.09414637656617,-0.9995096333985816,-219.97855584959123,-3.19969549257363,-0.006274848336551779,-0.006274848336551779
T0108,derivatives.funding,um,15m,LONG,177170,852,852,0.004808940565558503,0.4616582942936163,1704.0,-0.9808530327576319,-0.9975361162654997,0.426056338028169,-0.004882177435545186,-0.007082558087974453,-13.848008713733282,-19.882272496301315,-0.9978926451459253,-171.43276701522032,-2.603812109510438,-0.004882177435545186,-0.004882177435545186
T0109,derivatives.funding_zscore,um,15m,LONG,177170,21,21,0.0001185302252074279,0.011378901619913078,42.0,-0.49969858534913114,-0.5216986719597045,0.2857142857142857,-0.03296992674440849,-0.025635730706319894,-114.07645027058832,-101.14576673738006,-0.5070758910497001,-2278.290594199917,-2.6955752607870678,,
T0110,trend.ema_20_50_spread,um,1h,LONG,44330,810,810,0.018272050530115047,0.43852921272276113,1620.0,-0.9959516307502593,-0.9994048327353408,0.35555555555555557,-0.006756435963533794,-0.013485850314656633,-8.942778708094021,-14.06091182162403,-0.9994734145392133,-59.217562147806305,-2.861951484183813,-0.006756435963533794,-0.006756435963533794
T0111,trend.ema_20_50_spread,um,1h,LONG,44330,765,765,0.017256936611775322,0.4141664786826077,1530.0,-0.9990856592432068,-0.9998434078233134,0.3686274509803922,-0.00874873445845535,-0.010772635676665898,-11.099361144097603,-16.038579756898606,-0.9998539490347024,-76.65010867843152,-3.7754496548004894,-0.00874873445845535,-0.00874873445845535
T0112,trend.ema_20_50_spread,um,1h,LONG,44330,495,495,0.011166253101736972,0.2679900744416873,990.0,-0.7312587772975362,-0.9131949657227998,0.3797979797979798,-0.003026879247880715,-0.00858820960698695,-4.47598074378041,-7.390224397216469,-0.936355811257137,-28.31772056376284,-1.4101046713784138,-0.003026879247880715,-0.003026879247880715
T0113,trend.ema_50_200_regime,um,1h,LONG,44330,810,810,0.018272050530115047,0.43852921272276113,1620.0,-0.9959516307502593,-0.9994048327353408,0.35555555555555557,-0.006756435963533794,-0.013485850314656633,-8.942778708094021,-14.06091182162403,-0.9994734145392133,-59.217562147806305,-2.861951484183813,-0.006756435963533794,-0.006756435963533794
T0114,trend.ema_50_200_regime,um,1h,LONG,44330,765,765,0.017256936611775322,0.4141664786826077,1530.0,-0.9990856592432068,-0.9998434078233134,0.3686274509803922,-0.00874873445845535,-0.010772635676665898,-11.099361144097603,-16.038579756898606,-0.9998539490347024,-76.65010867843152,-3.7754496548004894,-0.00874873445845535,-0.00874873445845535
T0115,trend.ema_50_200_regime,um,1h,LONG,44330,495,495,0.011166253101736972,0.2679900744416873,990.0,-0.7312587772975362,-0.9131949657227998,0.3797979797979798,-0.003026879247880715,-0.00858820960698695,-4.47598074378041,-7.390224397216469,-0.936355811257137,-28.31772056376284,-1.4101046713784138,-0.003026879247880715,-0.003026879247880715
T0116,trend.ema_slope,um,1h,LONG,44330,810,810,0.018272050530115047,0.43852921272276113,1620.0,-0.9996162119980143,-0.9999443887462335,0.3617283950617284,-0.009481585307608606,-0.01161666769428763,-12.261609877986604,-17.570970086910123,-0.9999426614453327,-83.06345003282195,-4.236876983752292,-0.009481585307608606,-0.009481585307608606
T0117,trend.adx_dmi,um,1h,LONG,44330,662,662,0.014933453643131063,0.3584028874351455,1324.0,-0.9920250409766886,-0.998365452294955,0.3867069486404834,-0.0072887673594080465,-0.011711703648632039,-9.663711402367618,-14.74515312554911,-0.9986558777598259,-63.935539248656134,-2.9996495813225383,-0.0072887673594080465,-0.0072887673594080465
T0118,trend.kaufman_er,um,1h,LONG,44330,737,737,0.01662531017369727,0.3990074441687345,1474.0,-0.9909009934874735,-0.9984736781662741,0.42740841248303935,-0.00633841515741229,-0.009180280789837602,-8.375693794239455,-12.247895820802153,-0.9987494494566977,-55.59403993577771,-3.1128450819045437,-0.00633841515741229,-0.00633841515741229
T0119,trend.donchian,um,1h,LONG,44330,540,540,0.012181367020076697,0.29235280848184075,1080.0,-0.988471611785607,-0.996849695515496,0.37592592592592594,-0.00820290998566812,-0.01549865256375641,-10.773502966616393,-16.411547412394828,-0.9978290722602502,-72.01382829193727,-3.0683993881191,-0.00820290998566812,-0.00820290998566812
T0120,trend.donchian,um,1h,LONG,44330,335,335,0.007556959169862396,0.1813670200766975,670.0,33.76441290056693,15.388123047130446,0.5134328358208955,0.011543436555792761,0.0016865848256659398,13.063622841551137,25.982908629809867,-0.476441989555789,212.24095786146884,3.0618730574114585,0.011543436555792761,0.011543436555792761
T0121,trend.donchian,um,1h,LONG,44330,292,292,0.006586961425671103,0.1580870742161065,584.0,41.55326675556077,21.1488806043423,0.5342465753424658,0.013356334016982474,0.00554313280762261,16.44189886672704,32.870455278052724,-0.3446684118960426,339.4610064355302,3.775584303482333,0.013356334016982474,0.013356334016982474
T0122,momentum.roc,um,1h,LONG,44330,854,854,0.019264606361380554,0.4623505526731333,1708.0,-0.893592667729881,-0.9863246682024727,0.42505854800936765,-0.002999300896458426,-0.0065083676146355,-4.328685038088687,-6.748359538753907,-0.9893582816631832,-26.55648245932456,-1.6380682440167527,-0.002999300896458426,-0.002999300896458426
T0123,momentum.roc,um,1h,LONG,44330,810,810,0.018272050530115047,0.43852921272276113,1620.0,-0.9976218791809964,-0.9996685179661708,0.4283950617283951,-0.007654559115397344,-0.00859974934291988,-10.749323749699098,-14.83241925214947,-0.9996840156634043,-67.07513254213913,-4.348280812859904,-0.007654559115397344,-0.007654559115397344
T0124,momentum.roc,um,1h,LONG,44330,810,810,0.018272050530115047,0.43852921272276113,1620.0,-0.9996269799537681,-0.9999459549161344,0.3617283950617284,-0.009523867177775678,-0.01161666769428763,-12.335100181147586,-17.65663237462877,-0.9999442762609032,-83.43372571647863,-4.259013452795706,-0.009523867177775678,-0.009523867177775678
T0125,momentum.rsi,um,1h,LONG,44330,641,641,0.014459733814572525,0.3470336115497406,1282.0,-0.9102017261573492,-0.981058221203315,0.43057722308892354,-0.003724861510922491,-0.007952306752214953,-4.9053298156785115,-7.413834399455527,-0.984022783925246,-33.15958468514468,-1.71646799812106,-0.003724861510922491,-0.003724861510922491
T0126,momentum.rsi,um,1h,LONG,44330,334,334,0.0075344010827881796,0.18082562598691632,668.0,54.088259402339595,23.497617715368865,0.562874251497006,0.011892168129997717,0.007386831531432521,16.07147617152471,30.64855440624189,-0.3787029032468504,275.0847482964112,3.902147259914743,0.011892168129997717,0.011892168129997717
T0127,momentum.rsi,um,1h,LONG,44330,184,184,0.004150688021655764,0.09961651251973833,368.0,7.764940328444986,4.420414762573081,0.4945652173913043,0.011283709294308837,-0.0008810505895903323,16.126236739723844,31.396279264697622,-0.3666793564980907,269.56874355336146,2.7530943128846,0.011283709294308837,0.011283709294308837
T0128,volatility.atr_natr,um,1h,LONG,44330,226,226,0.00509812767877284,0.12235506429054817,452.0,500.15050144792934,301.7515271607526,0.5265486725663717,0.0294164321700013,0.005290932419252017,30.282587919489863,72.66515227771752,-0.41074109450192864,627.3731780397771,6.706681324156119,0.0294164321700013,0.0294164321700013
T0129,volatility.bollinger_bandwidth,um,1h,LONG,44330,737,737,0.01662531017369727,0.3990074441687345,1474.0,-0.9963434440531799,-0.9993827955535828,0.37720488466757124,-0.0075598552098828185,-0.01373979379310352,-9.934935297891666,-14.983314104069901,-0.9994418183218355,-66.26131749196854,-3.396850645322072,-0.0075598552098828185,-0.0075598552098828185
T0130,volatility.realized_percentile,um,1h,LONG,44330,231,231,0.005210918114143921,0.1250620347394541,462.0,326.046343145037,195.14629476705298,0.5974025974025974,0.026692754827229066,0.011903058987342974,28.26648058340866,67.27481577206402,-0.2853652146309784,819.400965141821,5.595317288409169,0.026692754827229066,0.026692754827229066
T0131,volume.rvol,um,1h,LONG,44330,523,523,0.011797879539815023,0.28314910895556056,1046.0,-0.958975777724986,-0.9882769591613305,0.3938814531548757,-0.005892323608742354,-0.015304958140291014,-7.510551114014918,-11.49293396105864,-0.9910819845991337,-52.08121589805774,-2.088460216229159,-0.005892323608742354,-0.005892323608742354
T0132,volume.vwap_deviation,um,1h,LONG,44330,810,810,0.018272050530115047,0.43852921272276113,1620.0,-0.9999018571224739,-0.9999861627591247,0.3308641975308642,-0.011706210994734408,-0.01817475475895329,-17.050648698835303,-23.59002443105043,-0.9999863501181457,-102.54780807933811,-5.718638820180832,-0.011706210994734408,-0.011706210994734408
T0133,orderflow.taker_ratio,um,1h,LONG,44330,855,855,0.019287164448454772,0.4628919467629145,1710.0,-0.9969528465756253,-0.99961371283832,0.3672514619883041,-0.006918592123612394,-0.013069736419067342,-9.517555929330474,-14.149103303038707,-0.9996700543436582,-60.62687057544854,-3.832482502902907,-0.006918592123612394,-0.006918592123612394
T0134,orderflow.cvd,um,1h,LONG,44330,855,855,0.019287164448454772,0.4628919467629145,1710.0,-0.8920059620259644,-0.9861507357827497,0.4257309941520468,-0.00298065551656353,-0.006487411921000361,-4.303877533448143,-6.709760456486055,-0.989222932857923,-26.395003045129208,-1.629728160286906,-0.00298065551656353,-0.00298065551656353
T0135,context.btc_regime,um,1h,LONG,44330,810,810,0.018272050530115047,0.43852921272276113,1620.0,-0.8912152484620124,-0.9848701920310877,0.4123456790123457,-0.003014772950159719,-0.010027214033427411,-4.228479014806542,-6.615900513479232,-0.9887675227957744,-26.709424040067187,-1.6083531350807934,-0.003014772950159719,-0.003014772950159719
T0136,derivatives.funding,um,1h,LONG,44330,851,851,0.019196932100157906,0.4607263704037898,1702.0,-0.997032518259663,-0.9996210242583642,0.36427732079905994,-0.00697340111082684,-0.013069736419067342,-9.570733955723508,-14.225245696557161,-0.999676299364266,-61.10677403244507,-3.846503168240394,-0.00697340111082684,-0.00697340111082684
T0137,derivatives.funding_zscore,um,1h,LONG,44330,21,21,0.00047371982855853824,0.011369275885404918,42.0,-0.4755910883812787,-0.49896611999217366,0.2857142857142857,-0.031026298583924028,-0.025635730706319894,-57.15181249137922,-50.910388950744924,-0.48364835224550606,-561.9586510184372,-2.7850056446415117,,
T0138,trend.ema_20_50_spread,um,4h,LONG,11120,585,585,0.05260791366906475,0.31564748201438847,1170.0,1.4570632440495714,-0.3448721951341768,0.4376068376068376,0.0014815610245828054,-0.006574520730406239,1.018503953561444,1.7316864292466578,-0.716060994807066,4.5312042791977065,0.6768201635493649,0.0014815610245828054,0.0014815610245828054
T0139,trend.ema_20_50_spread,um,4h,LONG,11120,450,450,0.040467625899280574,0.24280575539568344,900.0,-0.9067099511673478,-0.966572913847657,0.3111111111111111,-0.005598221323302989,-0.016251868014377092,-4.091530447631048,-6.824076981285259,-0.9731868812186342,-12.597893513197919,-2.279919132186123,-0.005598221323302989,-0.005598221323302989
T0140,trend.ema_20_50_spread,um,4h,LONG,11120,0,0,0.0,0.0,0.0,,,,,,,,,,,,
T0141,trend.ema_50_200_regime,um,4h,LONG,11120,585,585,0.05260791366906475,0.31564748201438847,1170.0,1.4570632440495714,-0.3448721951341768,0.4376068376068376,0.0014815610245828054,-0.006574520730406239,1.018503953561444,1.7316864292466578,-0.716060994807066,4.5312042791977065,0.6768201635493649,0.0014815610245828054,0.0014815610245828054
T0142,trend.ema_50_200_regime,um,4h,LONG,11120,450,450,0.040467625899280574,0.24280575539568344,900.0,-0.9067099511673478,-0.966572913847657,0.3111111111111111,-0.005598221323302989,-0.016251868014377092,-4.091530447631048,-6.824076981285259,-0.9731868812186342,-12.597893513197919,-2.279919132186123,-0.005598221323302989,-0.005598221323302989
T0143,trend.ema_50_200_regime,um,4h,LONG,11120,0,0,0.0,0.0,0.0,,,,,,,,,,,,
T0144,trend.ema_slope,um,4h,LONG,11120,585,585,0.05260791366906475,0.31564748201438847,1170.0,-0.705755348378881,-0.9214583980254156,0.4478632478632479,-0.002805344259747318,-0.005317662199343296,-2.3028015724083852,-3.7038794670914497,-0.9456263164675911,-6.496968011419747,-1.5467818616570708,-0.002805344259747318,-0.002805344259747318
T0145,trend.adx_dmi,um,4h,LONG,11120,435,435,0.03911870503597122,0.23471223021582735,870.0,-0.49116857099495104,-0.8104645232033271,0.4045977011494253,-0.0018650373073909338,-0.007713714744018194,-1.3600003755169687,-2.2840757165450016,-0.8606336072810311,-4.7458426775709395,-0.7682243752876698,-0.0018650373073909338,-0.0018650373073909338
T0146,trend.kaufman_er,um,4h,LONG,11120,507,507,0.04559352517985611,0.2735611510791367,1014.0,-0.9261901431370467,-0.9772226586348769,0.42011834319526625,-0.004731714988648681,-0.0074130776794492405,-2.9385624041300566,-4.548313392062034,-0.9835023215197349,-10.536279984706349,-1.573574220110949,-0.004731714988648681,-0.004731714988648681
T0147,trend.donchian,um,4h,LONG,11120,171,171,0.015377697841726618,0.09226618705035972,342.0,175.46020993637543,120.54527277385164,0.6432748538011696,0.031244752202162506,0.016635628561037806,18.84556056813708,49.86969450738705,-0.22396439411972102,305.5218111418126,5.984397384250123,0.031244752202162506,0.031244752202162506
T0148,trend.donchian,um,4h,LONG,11120,48,48,0.004316546762589928,0.025899280575539568,96.0,-0.3225300328920466,-0.39355507784342614,0.4583333333333333,-0.008604987703831148,-0.004796334567328895,-6.841359412106972,-8.698901077442647,-0.47906338378133684,-39.33701407660028,-0.9837138674891829,-0.008604987703831148,-0.008604987703831148
T0149,trend.donchian,um,4h,LONG,11120,29,29,0.0026079136690647484,0.015647482014388488,58.0,0.043025413905214416,-0.02340023091106125,0.5862068965517241,0.0015210869529940477,0.008491366906474751,1.0506618777113783,1.465268654789985,-0.3251229205317294,10.245910751567168,0.12522262441765936,,
T0150,momentum.roc,um,4h,LONG,11120,720,720,0.06474820143884892,0.38848920863309355,1440.0,-0.9501331425085566,-0.9908530389247984,0.3972222222222222,-0.004575064549005482,-0.009771934737469146,-3.3961432958519753,-5.157985056063782,-0.9920210933001541,-10.099978145616362,-2.0618970810161077,-0.004575064549005482,-0.004575064549005482
T0151,momentum.roc,um,4h,LONG,11120,675,675,0.06070143884892086,0.3642086330935252,1350.0,-0.9988212675299744,-0.9997520754029552,0.38074074074074077,-0.010130240388303654,-0.011263394459539422,-7.250544743221722,-10.015902808103471,-0.9997700483283831,-22.190329153667616,-4.476286321664645,-0.010130240388303654,-0.010130240388303654
T0152,momentum.roc,um,4h,LONG,11120,585,585,0.05260791366906475,0.31564748201438847,1170.0,-0.705755348378881,-0.9214583980254156,0.4478632478632479,-0.002805344259747318,-0.005317662199343296,-2.3028015724083852,-3.7038794670914497,-0.9456263164675911,-6.496968011419747,-1.5467818616570708,-0.002805344259747318,-0.002805344259747318
T0153,momentum.rsi,um,4h,LONG,11120,367,367,0.03300359712230216,0.19802158273381296,734.0,58.97152131946163,24.1338608989445,0.5340599455040872,0.01109856730743839,0.004044171292624878,7.510450618134043,14.25987319036893,-0.38774891116310295,62.68454070027301,3.610966626246193,0.01109856730743839,0.01109856730743839
T0154,momentum.rsi,um,4h,LONG,11120,102,102,0.009172661870503597,0.05503597122302158,204.0,2.8526521248512844,2.063341083264017,0.4803921568627451,0.01514566089549334,-0.0009979537363397385,7.613693963848938,14.253346356466443,-0.4114892092671264,80.60721062456368,2.05126524599527,0.01514566089549334,0.01514566089549334
T0155,momentum.rsi,um,4h,LONG,11120,41,41,0.0036870503597122304,0.02212230215827338,82.0,0.5040052998824596,0.3672772734885761,0.4146341463414634,0.012249551712644552,-0.017586325929890324,5.722789274119512,11.52132526692034,-0.23634823712952524,113.50420285127791,0.9743558816207857,0.012249551712644552,0.012249551712644552
T0156,volatility.atr_natr,um,4h,LONG,11120,2,2,0.00017985611510791367,0.001079136690647482,4.0,-0.06355019697182773,-0.06799663433191439,0.0,-0.03453318258984648,-0.03453318258984648,-145.82838237419332,-44.5592535183551,-0.02345122193276261,-3224.892506181432,,,
T0157,volatility.bollinger_bandwidth,um,4h,LONG,11120,470,470,0.04226618705035971,0.25359712230215825,940.0,0.04690231030736203,-0.6368561925982777,0.41702127659574467,-5.3357313212996e-05,-0.008543839426688047,-0.03758130700563554,-0.06353654784082144,-0.8155847171979157,-0.1432745286570947,-0.01829476686575998,-5.3357313212996e-05,-5.3357313212996e-05
T0158,volatility.realized_percentile,um,4h,LONG,11120,0,0,0.0,0.0,0.0,,,,,,,,,,,,
T0159,volume.rvol,um,4h,LONG,11120,154,154,0.013848920863309352,0.08309352517985612,308.0,49.88304954471478,35.17505728542894,0.5909090909090909,0.026440987699920634,0.009225287249527725,15.755518021538382,36.879089505792514,-0.30238100433064596,191.49934100856316,5.036406520387951,0.026440987699920634,0.026440987699920634
T0160,volume.vwap_deviation,um,4h,LONG,11120,630,630,0.05665467625899281,0.33992805755395683,1260.0,-0.9197277474875875,-0.9808512049867424,0.4,-0.004441914496910086,-0.008769719625275483,-3.3749537572917867,-5.289031632554159,-0.9840467803499929,-9.885498273540648,-2.257442242516007,-0.004441914496910086,-0.004441914496910086
T0161,orderflow.taker_ratio,um,4h,LONG,11120,765,765,0.06879496402877698,0.41276978417266186,1530.0,-0.8903817232161543,-0.9826587612312134,0.330718954248366,-0.0027280744553424075,-0.018247566126743324,-1.7327697362782053,-2.9699960890937467,-0.9862070407408856,-6.058041375076329,-1.2780161228266342,-0.0027280744553424075,-0.0027280744553424075
T0162,orderflow.cvd,um,4h,LONG,11120,720,720,0.06474820143884892,0.38848920863309355,1440.0,-0.9472930472304235,-0.9903327895899474,0.39861111111111114,-0.004499893851764332,-0.009642356776735566,-3.3414260686360846,-5.077491672986059,-0.9915672790913359,-9.938576779575376,-2.0304510979660058,-0.004499893851764332,-0.004499893851764332
T0163,context.btc_regime,um,4h,LONG,11120,765,765,0.06879496402877698,0.41276978417266186,1530.0,42.973450414025,6.033895188581142,0.41830065359477125,0.0049641041928482725,-0.008541800182880675,3.2452764190530115,6.093505664647522,-0.45807609651557446,23.732712239369363,2.466917492806216,0.0049641041928482725,0.0049641041928482725
T0164,context.market_breadth,um,4h,LONG,11120,720,720,0.06474820143884892,0.38848920863309355,1440.0,2.414985761220015,-0.4015555401015486,0.38333333333333336,0.0019064634562483756,-0.013594802084457104,1.1962103198572387,2.160872818292258,-0.7903858641880604,5.282426164684706,0.9196974446158814,0.0019064634562483756,0.0019064634562483756
T0165,derivatives.funding,um,4h,LONG,11120,762,762,0.0685251798561151,0.41115107913669063,1524.0,-0.8889160016022636,-0.9823238821525196,0.3333333333333333,-0.0027114947887004344,-0.01828509314819725,-1.718154383324069,-2.9435784637252036,-0.985940682982323,-6.022850755373908,-1.264327465408377,-0.0027114947887004344,-0.0027114947887004344
T0166,derivatives.funding_zscore,um,4h,LONG,11120,21,21,0.0018884892086330936,0.011330935251798561,42.0,-0.29731999915803997,-0.34238011423864256,0.3333333333333333,-0.017638229758433533,-0.017819255464253957,-12.574379173930172,-15.673295921929958,-0.33909252780650734,-113.91499370641147,-1.5485079056750166,,
T0167,trend.ema_20_50_spread,um,15m,SHORT,177170,855,855,0.00482587345487385,0.4632838516678896,1710.0,-0.061661589790488414,-0.7618827453644096,0.560233918128655,0.00082295124979648,0.005907192254495243,2.265857453880939,2.9150499207019025,-0.914876719173409,31.51923225122853,0.4193894532695979,0.00082295124979648,0.00082295124979648
T0168,trend.ema_20_50_spread,um,15m,SHORT,177170,855,855,0.00482587345487385,0.4632838516678896,1710.0,0.745409989345059,-0.5628271793969113,0.5578947368421052,0.0021871672199922886,0.006354040010392338,5.378564003240654,6.997971464879174,-0.8687797484048682,88.2137728569783,1.051202601996189,0.0021871672199922886,0.0021871672199922886
T0169,trend.ema_20_50_spread,um,15m,SHORT,177170,765,765,0.004317886775413444,0.4145171304396907,1530.0,23.8957005061939,5.645979235261868,0.6013071895424836,0.00521065702660291,0.008871706774238463,13.598603362033511,18.261783700374128,-0.6946429204889147,262.84212625914125,2.268592209100782,0.00521065702660291,0.00521065702660291
T0170,trend.ema_50_200_regime,um,15m,SHORT,177170,855,855,0.00482587345487385,0.4632838516678896,1710.0,-0.061661589790488414,-0.7618827453644096,0.560233918128655,0.00082295124979648,0.005907192254495243,2.265857453880939,2.9150499207019025,-0.914876719173409,31.51923225122853,0.4193894532695979,0.00082295124979648,0.00082295124979648
T0171,trend.ema_50_200_regime,um,15m,SHORT,177170,855,855,0.00482587345487385,0.4632838516678896,1710.0,0.745409989345059,-0.5628271793969113,0.5578947368421052,0.0021871672199922886,0.006354040010392338,5.378564003240654,6.997971464879174,-0.8687797484048682,88.2137728569783,1.051202601996189,0.0021871672199922886,0.0021871672199922886
T0172,trend.ema_50_200_regime,um,15m,SHORT,177170,765,765,0.004317886775413444,0.4145171304396907,1530.0,23.8957005061939,5.645979235261868,0.6013071895424836,0.00521065702660291,0.008871706774238463,13.598603362033511,18.261783700374128,-0.6946429204889147,262.84212625914125,2.268592209100782,0.00521065702660291,0.00521065702660291
T0173,trend.ema_slope,um,15m,SHORT,177170,855,855,0.00482587345487385,0.4632838516678896,1710.0,-0.43261759129045085,-0.854476565403759,0.5719298245614035,0.0006930206474117179,0.0069234429894601615,1.7645611814852191,2.2480659412958777,-0.9484851365037714,25.60234478193116,0.3576533857249315,0.0006930206474117179,0.0006930206474117179
T0174,trend.adx_dmi,um,15m,SHORT,177170,805,805,0.004543658632951403,0.43619122876333466,1610.0,-0.7543532032217157,-0.9319147165112811,0.5714285714285714,-0.0006063433978557061,0.006817301451568924,-1.6117527130907263,-2.0058892371562096,-0.9723172822956047,-21.85117250071118,-0.28679454236792334,-0.0006063433978557061,-0.0006063433978557061
T0175,trend.kaufman_er,um,15m,SHORT,177170,848,848,0.004786363379804708,0.4594908844612519,1696.0,-0.4966840671950392,-0.873024402635904,0.5566037735849056,0.00025182009607024007,0.00699203731493943,0.6688489759432209,0.8444821523120972,-0.9327073072285167,9.460391376712302,0.13108748824622096,0.00025182009607024007,0.00025182009607024007
T0176,trend.donchian,um,15m,SHORT,177170,760,760,0.0042896652932212,0.4118078681492352,1520.0,-0.2655050374831769,-0.7822380614422263,0.5789473684210527,0.0006580070675740756,0.008098653621683584,1.7535048104276139,2.2268038276658557,-0.9044919715846468,25.49117999068703,0.32339145568541494,0.0006580070675740756,0.0006580070675740756
T0177,trend.donchian,um,15m,SHORT,177170,652,652,0.0036800812778687137,0.3532878026753965,1304.0,2.9461161717981623,0.39284519759316705,0.5705521472392638,0.0031238788193443277,0.008619541393732588,8.349270547012265,11.124123679278162,-0.7880789848179535,138.8956131790657,1.3381320087475765,0.0031238788193443277,0.0031238788193443277
T0178,trend.donchian,um,15m,SHORT,177170,641,641,0.003617994017045775,0.3473274256363944,1282.0,0.8818025703929804,-0.3287518346653002,0.5538221528861155,0.0019515524795375534,0.00551558566503655,5.268643557051193,6.9141913670039,-0.8922685129705435,76.63881207164528,0.7943484770055891,0.0019515524795375534,0.0019515524795375534
T0179,momentum.roc,um,15m,SHORT,177170,855,855,0.00482587345487385,0.4632838516678896,1710.0,0.2651750086776383,-0.6819162555645366,0.5871345029239766,0.001656309566461424,0.007719058471498442,4.160046537808835,5.347814763407008,-0.9076903539302457,63.93930150024304,0.8269574260702465,0.001656309566461424,0.001656309566461424
T0180,momentum.roc,um,15m,SHORT,177170,855,855,0.00482587345487385,0.4632838516678896,1710.0,-0.7253123640366689,-0.9314499895865845,0.5555555555555556,-0.0003749493013628061,0.006104431116419583,-0.9804317260846385,-1.244779645446557,-0.9679230243087346,-13.573624337674685,-0.19693560838801533,-0.0003749493013628061,-0.0003749493013628061
T0181,momentum.roc,um,15m,SHORT,177170,855,855,0.00482587345487385,0.4632838516678896,1710.0,-0.4086928623074799,-0.8483280978600818,0.5707602339181287,0.0007364010670217911,0.006970952309762225,1.8765741409929768,2.3919433706132778,-0.946308597260437,27.26752505804625,0.38056909956407403,0.0007364010670217911,0.0007364010670217911
T0182,momentum.rsi,um,15m,SHORT,177170,797,797,0.0044985042614438114,0.43185640909860584,1594.0,1.4197480436689887,-0.33229079506414216,0.5734002509410289,0.0018691601595388102,0.006697536705336463,5.277613769321187,6.831826371775388,-0.7926481800495777,82.62855279140788,0.9722894954804813,0.0018691601595388102,0.0018691601595388102
T0183,momentum.rsi,um,15m,SHORT,177170,608,608,0.00343173223457696,0.32944629451938817,1216.0,-0.9632081424407074,-0.9862932427961199,0.5164473684210527,-0.0040889680452698305,0.0019338908561265323,-10.40707858926163,-12.963456336282858,-0.9907871718184782,-144.60970466874866,-1.8176394720692994,-0.0040889680452698305,-0.0040889680452698305
T0184,momentum.rsi,um,15m,SHORT,177170,377,377,0.0021278997572952534,0.2042783767003443,754.0,-0.9999881797353012,-0.9999935687229792,0.34748010610079577,-0.027626793798887744,-0.02455598687058469,-64.04870594020278,-67.452421509183,-0.9999935447301636,-968.0491037312061,-7.477193058092849,-0.027626793798887744,-0.027626793798887744
T0185,volatility.atr_natr,um,15m,SHORT,177170,530,530,0.0029914771123779422,0.2871818027882824,1060.0,-0.9359520169738931,-0.9733820844423612,0.5490566037735849,-0.003542818894942515,0.004671311093682996,-8.67389938592099,-10.599199077184629,-0.981262662973326,-126.51085052255807,-1.2219021780238257,-0.003542818894942515,-0.003542818894942515
T0186,volatility.bollinger_bandwidth,um,15m,SHORT,177170,849,849,0.004792007676243156,0.460032736919343,1698.0,-0.5090391071757199,-0.8735222236313533,0.5606595995288575,0.000445737770009297,0.0065099278091872185,1.1524793254054368,1.4521286424192599,-0.9492458565473214,16.453747312561646,0.22151235412222067,0.000445737770009297,0.000445737770009297
T0187,volatility.realized_percentile,um,15m,SHORT,177170,595,595,0.0033583563808771235,0.32240221256420387,1190.0,2.8485637105964843,0.4214048910055661,0.5747899159663865,0.0028920403864574813,0.006899068434252954,8.237244859639212,10.779130747263382,-0.8511729542300264,119.05582130853769,1.1185287222963392,0.0028920403864574813,0.0028920403864574813
T0188,volume.rvol,um,15m,SHORT,177170,726,726,0.004097759214313936,0.39338488457413784,1452.0,0.8144154992512842,-0.4315767770201945,0.5550964187327824,0.002033588204575575,0.006176349892008583,5.265673580841529,6.866643191256165,-0.828222160348714,86.03601074659267,1.024697717030433,0.002033588204575575,0.002033588204575575
T0189,volume.vwap_deviation,um,15m,SHORT,177170,855,855,0.00482587345487385,0.4632838516678896,1710.0,-0.3381396314541082,-0.8302195799759072,0.5672514619883041,0.000496401183566551,0.006529238023106629,1.3403214307623716,1.7345299311210842,-0.9263398674102924,18.77701487770242,0.2656783396797355,0.000496401183566551,0.000496401183566551
T0190,orderflow.taker_ratio,um,15m,SHORT,177170,855,855,0.00482587345487385,0.4632838516678896,1710.0,0.19705760653637094,-0.6984759022938916,0.5321637426900585,0.0008679926273258797,0.002608686619989288,2.46654699734266,3.2923459014204006,-0.9244622199243232,32.89962640548855,0.464766733714741,0.0008679926273258797,0.0008679926273258797
T0191,orderflow.cvd,um,15m,SHORT,177170,855,855,0.00482587345487385,0.4632838516678896,1710.0,0.3361593891089081,-0.6640387769123829,0.5906432748538012,0.001720269833251048,0.007719058471498442,4.320808031498042,5.554584765842126,-0.903745079879405,66.69829390956154,0.8588707277729607,0.001720269833251048,0.001720269833251048
T0192,context.btc_regime,um,15m,SHORT,177170,855,855,0.00482587345487385,0.4632838516678896,1710.0,-0.9317812724673189,-0.982928090083561,0.5134502923976608,-0.0018695504759139601,0.002122405174948473,-4.852907945244847,-6.155319179570937,-0.9906526634127008,-66.1271615122428,-0.9894033264424464,-0.0018695504759139601,-0.0018695504759139601
T0193,context.market_breadth,um,15m,SHORT,177170,855,855,0.00482587345487385,0.4632838516678896,1710.0,1.8736488601409653,-0.2759429761545983,0.5625730994152047,0.002274848336551775,0.006240752931495543,6.0156162347365445,7.97077291032887,-0.8680929413453372,91.82275527922347,1.1599996650681232,0.002274848336551775,0.002274848336551775
T0194,derivatives.funding,um,15m,SHORT,177170,852,852,0.004808940565558503,0.4616582942936163,1704.0,0.20096773302387105,-0.6957267629079513,0.5352112676056338,0.000882177435545182,0.0030825580879744532,2.5022443317085976,3.3388479174773473,-0.9237735058616252,33.462203825245346,0.47049176719504116,0.000882177435545182,0.000882177435545182
T0195,derivatives.funding_zscore,um,15m,SHORT,177170,21,21,0.0001185302252074279,0.011378901619913078,42.0,0.8361652049724226,0.7700688100791044,0.6666666666666666,0.028969926744408486,0.02163573070631989,100.23638915611404,285.5588955067482,-0.06497424085929393,15623.210363047625,2.3685408355444673,,
T0196,trend.ema_20_50_spread,um,1h,SHORT,44330,810,810,0.018272050530115047,0.43852921272276113,1620.0,2.8525101905776773,9.18547205646103e-05,0.5901234567901235,0.0027564359635337903,0.00948585031465663,3.648402349694129,4.565106627095299,-0.7715977408920609,31.29399914084747,1.1675957619477129,0.0027564359635337903,0.0027564359635337903
T0197,trend.ema_20_50_spread,um,1h,SHORT,44330,765,765,0.017256936611775322,0.4141664786826077,1530.0,14.142478888112832,3.0334004223069533,0.5856209150326798,0.004748734458455346,0.006772635676665896,6.024633503520758,7.998686695542502,-0.6590459120388028,63.119902720251766,2.049280150980814,0.004748734458455346,0.004748734458455346
T0198,trend.ema_20_50_spread,um,1h,SHORT,44330,495,495,0.011166253101736972,0.2679900744416873,990.0,-0.5058690325594051,-0.7910501328398417,0.5717171717171717,-0.0009731207521192878,0.00458820960698695,-1.43899686481008,-1.749395578609829,-0.8231171944469331,-10.356408353603582,-0.45333890320845727,-0.0009731207521192878,-0.0009731207521192878
T0199,trend.ema_50_200_regime,um,1h,SHORT,44330,810,810,0.018272050530115047,0.43852921272276113,1620.0,2.8525101905776773,9.18547205646103e-05,0.5901234567901235,0.0027564359635337903,0.00948585031465663,3.648402349694129,4.565106627095299,-0.7715977408920609,31.29399914084747,1.1675957619477129,0.0027564359635337903,0.0027564359635337903
T0200,trend.ema_50_200_regime,um,1h,SHORT,44330,765,765,0.017256936611775322,0.4141664786826077,1530.0,14.142478888112832,3.0334004223069533,0.5856209150326798,0.004748734458455346,0.006772635676665896,6.024633503520758,7.998686695542502,-0.6590459120388028,63.119902720251766,2.049280150980814,0.004748734458455346,0.004748734458455346
T0201,trend.ema_50_200_regime,um,1h,SHORT,44330,495,495,0.011166253101736972,0.2679900744416873,990.0,-0.5058690325594051,-0.7910501328398417,0.5717171717171717,-0.0009731207521192878,0.00458820960698695,-1.43899686481008,-1.749395578609829,-0.8231171944469331,-10.356408353603582,-0.45333890320845727,-0.0009731207521192878,-0.0009731207521192878
T0202,trend.ema_slope,um,1h,SHORT,44330,810,810,0.018272050530115047,0.43852921272276113,1620.0,32.04867665595017,7.665023328362338,0.5938271604938271,0.005481585307608602,0.007616667694287627,7.088799855111149,9.45153191490049,-0.6540475939135996,73.41772638795867,2.449464079139235,0.005481585307608602,0.005481585307608602
T0203,trend.adx_dmi,um,1h,SHORT,44330,662,662,0.014933453643131063,0.3584028874351455,1324.0,3.130593790031445,0.39351583754613406,0.5785498489425982,0.0032887673594080434,0.007711703648632036,4.360366720968727,5.552145615474452,-0.6975936019030461,41.298546875747455,1.353472973723332,0.0032887673594080434,0.0032887673594080434
T0204,trend.kaufman_er,um,1h,SHORT,44330,737,737,0.01662531017369727,0.3990074441687345,1474.0,1.4506267490169567,-0.2510064697178924,0.5468113975576662,0.0023384151574122876,0.0051802807898376005,3.0900231108070333,4.066690970024678,-0.7698404509854988,26.608782056994688,1.1484139081185778,0.0023384151574122876,0.0023384151574122876
T0205,trend.donchian,um,1h,SHORT,44330,540,540,0.012181367020076697,0.29235280848184075,1080.0,4.135262530535877,1.1274447267807237,0.5851851851851851,0.004202909985668118,0.011498652563756406,5.52000000952456,7.025364648038089,-0.8002302798472682,46.00862077036086,1.5721501821762736,0.004202909985668118,0.004202909985668118
T0206,trend.donchian,um,1h,SHORT,44330,335,335,0.007556959169862396,0.1813670200766975,670.0,-0.9974821929682801,-0.9986137215355172,0.46865671641791046,-0.015543436555792765,-0.00568658482566594,-17.59039362715242,-19.549868528208247,-0.998842773577041,-136.31825531572767,-4.122864918063196,-0.015543436555792765,-0.015543436555792765
T0207,trend.donchian,um,1h,SHORT,44330,292,292,0.006586961425671103,0.1580870742161065,584.0,-0.996180910236711,-0.9977319750137369,0.4520547945205479,-0.01735633401698248,-0.009543132807622612,-21.36597424424345,-23.451124361225297,-0.9980225197101963,-152.342740755906,-4.90630903638635,-0.01735633401698248,-0.01735633401698248
T0208,momentum.roc,um,1h,SHORT,44330,854,854,0.019264606361380554,0.4623505526731333,1708.0,-0.7665883362676552,-0.9411771656455453,0.5210772833723654,-0.0010006991035415775,0.0025083676146354997,-1.4442403035467606,-1.817822975471006,-0.9701630613949749,-9.035722442802154,-0.546531835223026,-0.0010006991035415775,-0.0010006991035415775
T0209,momentum.roc,um,1h,SHORT,44330,810,810,0.018272050530115047,0.43852921272276113,1620.0,9.739222188607727,1.9345288691395632,0.5320987654320988,0.0036545591153973388,0.00459974934291988,5.132109962388177,7.077001555184678,-0.7043251383098545,45.45335117202186,2.0760241107785364,0.0036545591153973388,0.0036545591153973388
T0210,momentum.roc,um,1h,SHORT,44330,810,810,0.018272050530115047,0.43852921272276113,1620.0,33.43193368734372,8.029049875798108,0.5938271604938271,0.0055238671777756735,0.007616667694287627,7.154389467360209,9.546526816216168,-0.6540475939135995,73.98402949206043,2.4702386312676246,0.0055238671777756735,0.0055238671777756735
T0211,momentum.rsi,um,1h,SHORT,44330,641,641,0.014459733814572525,0.3470336115497406,1282.0,-0.5930430845730619,-0.8535933534390994,0.5382215288611545,-0.00027513848907751196,0.003952306752214953,-0.3623342854372071,-0.4662147232352255,-0.9630217573397309,-2.5027608628251787,-0.12678764302191994,-0.00027513848907751196,-0.00027513848907751196
T0212,momentum.rsi,um,1h,SHORT,44330,334,334,0.0075344010827881796,0.18082562598691632,668.0,-0.996715907353709,-0.9980629242897476,0.41317365269461076,-0.01589216812999772,-0.011386831531432525,-21.47721076788811,-23.900146369040037,-0.9980800347934631,-139.48319570142334,-5.214657213443458,-0.01589216812999772,-0.01589216812999772
T0213,momentum.rsi,um,1h,SHORT,44330,184,184,0.004150688021655764,0.09961651251973833,368.0,-0.950322174549471,-0.9616969157999099,0.47282608695652173,-0.01528370929430884,-0.003118949410409668,-21.84288055572766,-24.097129747570975,-0.9689563397798238,-138.17474319696203,-3.729047961131522,-0.01528370929430884,-0.01528370929430884
T0214,volatility.atr_natr,um,1h,SHORT,44330,226,226,0.00509812767877284,0.12235506429054817,452.0,-0.9997716415494107,-0.999847812770731,0.43805309734513276,-0.03341643217000131,-0.009290932419252017,-34.40036641070634,-34.77019036815674,-0.9998517465770272,-292.7713501640216,-7.618645261236915,-0.03341643217000131,-0.03341643217000131
T0215,volatility.bollinger_bandwidth,um,1h,SHORT,44330,737,737,0.01662531017369727,0.3990074441687345,1474.0,4.76787500191291,0.7453787916636676,0.592944369063772,0.0035598552098828153,0.009739793793103517,4.6782550985651135,6.006004365463425,-0.6850476716907636,45.5214037318126,1.5995407492904905,0.0035598552098828153,0.0035598552098828153
T0216,volatility.realized_percentile,um,1h,SHORT,44330,231,231,0.005210918114143921,0.1250620347394541,462.0,-0.9996140557708395,-0.9997460412660975,0.38095238095238093,-0.03069275482722907,-0.015903058987342976,-32.502308734735216,-33.130505939330654,-0.9997157649774816,-268.94497586779863,-6.43379459427367,-0.03069275482722907,-0.03069275482722907
T0217,volume.rvol,um,1h,SHORT,44330,523,523,0.011797879539815023,0.28314910895556056,1046.0,0.3527123812229964,-0.4272678843571166,0.5812619502868069,0.001892323608742349,0.01130495814029101,2.4120184381302243,3.0735767941883396,-0.8397291560404354,19.74059694526643,0.6707103742954649,0.001892323608742349,0.001892323608742349
T0218,volume.vwap_deviation,um,1h,SHORT,44330,810,810,0.018272050530115047,0.43852921272276113,1620.0,320.481105736937,85.83481402245438,0.6432098765432098,0.007706210994734405,0.014174754758953285,11.224459949459472,15.167672345139263,-0.5952607118781472,113.40645698063857,3.7645859425236132,0.007706210994734405,0.007706210994734405
T0219,orderflow.taker_ratio,um,1h,SHORT,44330,855,855,0.019287164448454772,0.4628919467629145,1710.0,4.632970077963832,0.4280844418623784,0.583625730994152,0.0029185921236123914,0.009069736419067338,4.014959008290363,5.203473894255728,-0.8052276712094748,31.75110334253962,1.6167239009046372,0.0029185921236123914,0.0029185921236123914
T0220,orderflow.cvd,um,1h,SHORT,44330,855,855,0.019287164448454772,0.4628919467629145,1710.0,-0.7701749887200674,-0.9421865505604295,0.52046783625731,-0.0010193444834364742,0.002487411921000361,-1.471868787495637,-1.8525637784122244,-0.9706750556921683,-9.199224418655842,-0.5573453223486999,-0.0010193444834364742,-0.0010193444834364742
T0221,context.btc_regime,um,1h,SHORT,44330,810,810,0.018272050530115047,0.43852921272276113,1620.0,-0.7682290945276735,-0.9354798872769489,0.5395061728395062,-0.000985227049840284,0.00602721403342741,-1.381865889717728,-1.7353509780623064,-0.96568772633449,-8.937246193819252,-0.5256094042813645,-0.000985227049840284,-0.000985227049840284
T0222,derivatives.funding,um,1h,SHORT,44330,851,851,0.019196932100157906,0.4607263704037898,1702.0,4.783320995987459,0.47889227700014136,0.5840188014101058,0.0029734011108268356,0.009069736419067338,4.080882559758872,5.289573564185237,-0.805227671209475,32.34736542488629,1.6401174421886677,0.0029734011108268356,0.0029734011108268356
T0223,derivatives.funding_zscore,um,1h,SHORT,44330,21,21,0.00047371982855853824,0.011369275885404918,42.0,0.7711618172149739,0.7065384786456614,0.6666666666666666,0.027026298583924024,0.02163573070631989,49.7836358025889,133.2001982840795,-0.06497424085929393,3643.7574716397726,2.4259546753989816,,
T0224,trend.ema_20_50_spread,um,4h,SHORT,11120,585,585,0.05260791366906475,0.31564748201438847,1170.0,-0.9746265214915718,-0.9909430133305773,0.5264957264957265,-0.005481561024582808,0.0025745207304062392,-3.76831698633408,-4.5114580589382705,-0.9923079988022829,-12.097673966476075,-2.5041364936072563,-0.005481561024582808,-0.005481561024582808
T0225,trend.ema_20_50_spread,um,4h,SHORT,11120,450,450,0.040467625899280574,0.24280575539568344,900.0,0.6126698653443361,-0.2633748936933714,0.6666666666666666,0.0015982213233029852,0.012251868014377087,1.1680801505877576,1.4081307557180618,-0.681531983155497,5.135642617721376,0.6508880521208874,0.0015982213233029852,0.0015982213233029852
T0226,trend.ema_20_50_spread,um,4h,SHORT,11120,0,0,0.0,0.0,0.0,,,,,,,,,,,,
T0227,trend.ema_50_200_regime,um,4h,SHORT,11120,585,585,0.05260791366906475,0.31564748201438847,1170.0,-0.9746265214915718,-0.9909430133305773,0.5264957264957265,-0.005481561024582808,0.0025745207304062392,-3.76831698633408,-4.5114580589382705,-0.9923079988022829,-12.097673966476075,-2.5041364936072563,-0.005481561024582808,-0.005481561024582808
T0228,trend.ema_50_200_regime,um,4h,SHORT,11120,450,450,0.040467625899280574,0.24280575539568344,900.0,0.6126698653443361,-0.2633748936933714,0.6666666666666666,0.0015982213233029852,0.012251868014377087,1.1680801505877576,1.4081307557180618,-0.681531983155497,5.135642617721376,0.6508880521208874,0.0015982213233029852,0.0015982213233029852
T0229,trend.ema_50_200_regime,um,4h,SHORT,11120,0,0,0.0,0.0,0.0,,,,,,,,,,,,
T0230,trend.ema_slope,um,4h,SHORT,11120,585,585,0.05260791366906475,0.31564748201438847,1170.0,-0.5167446381412538,-0.8276329986431112,0.5111111111111111,-0.0011946557402526849,0.001317662199343296,-0.9806479570490856,-1.205180756728684,-0.8841658768671571,-2.9590556926078584,-0.658696993613823,-0.0011946557402526849,-0.0011946557402526849
T0231,trend.adx_dmi,um,4h,SHORT,11120,435,435,0.03911870503597122,0.23471223021582735,870.0,-0.6829151230773354,-0.8521088070689585,0.5632183908045977,-0.0021349626926090697,0.003713714744018194,-1.5568321621002486,-1.8755846216935084,-0.8949082166089227,-5.22463444858178,-0.8794088859737184,-0.0021349626926090697,-0.0021349626926090697
T0232,trend.kaufman_er,um,4h,SHORT,11120,507,507,0.04559352517985611,0.2735611510791367,1014.0,-0.3084075858148304,-0.7105823055132583,0.5404339250493096,0.000731714988648678,0.0034130776794492404,0.4544208941873576,0.5767623997389325,-0.855069536444789,1.8740649231912774,0.243338376332587,0.000731714988648678,0.000731714988648678
T0233,trend.donchian,um,4h,SHORT,11120,171,171,0.015377697841726618,0.09226618705035972,342.0,-0.9983835680117376,-0.9988196078146941,0.3333333333333333,-0.0352447522021625,-0.02063562856103781,-21.258197473842188,-20.459386744298097,-0.9983890903738571,-77.31054762811237,-6.75052890554104,-0.0352447522021625,-0.0352447522021625
T0234,trend.donchian,um,4h,SHORT,11120,48,48,0.004316546762589928,0.025899280575539568,96.0,0.24626028997001437,0.14751138132203367,0.5,0.004604987703831145,0.0007963345673288949,3.6611761753262675,5.495653269736555,-0.26868581123511803,37.534259903903994,0.5264377381804981,0.004604987703831145,0.004604987703831145
T0235,trend.donchian,um,4h,SHORT,11120,29,29,0.0026079136690647484,0.015647482014388488,58.0,-0.16188430154586309,-0.20356082939909703,0.3793103448275862,-0.005521086952994051,-0.012491366906474755,-3.813585787204646,-5.225450362711482,-0.2811696480698429,-43.00314955778409,-0.45452036553936503,,
T0236,momentum.roc,um,4h,SHORT,11120,720,720,0.06474820143884892,0.38848920863309355,1440.0,0.09066822544640463,-0.6725651624014007,0.5638888888888889,0.0005750645490054791,0.005771934737469144,0.42687957554864175,0.5453713391218075,-0.8762641432346434,1.4372280003071667,0.25917096956544405,0.0005750645490054791,0.0005750645490054791
T0237,momentum.roc,um,4h,SHORT,11120,675,675,0.06070143884892086,0.3642086330935252,1350.0,42.560174236140355,12.626604727196371,0.5837037037037037,0.006130240388303651,0.007263394459539419,4.3876137700956805,5.993919228449158,-0.5524915508899797,24.29942399799418,2.70879171143488,0.006130240388303651,0.006130240388303651
T0238,momentum.roc,um,4h,SHORT,11120,585,585,0.05260791366906475,0.31564748201438847,1170.0,-0.5167446381412538,-0.8276329986431112,0.5111111111111111,-0.0011946557402526849,0.001317662199343296,-0.9806479570490856,-1.205180756728684,-0.8841658768671571,-2.9590556926078584,-0.658696993613823,-0.0011946557402526849,-0.0011946557402526849
T0239,momentum.rsi,um,4h,SHORT,11120,367,367,0.03300359712230216,0.19802158273381296,734.0,-0.9973911817521447,-0.9985795510406484,0.4332425068119891,-0.015098567307438391,-0.008044171292624878,-10.217268682155856,-11.428390938636637,-0.9987064892902257,-33.10868884690013,-4.912383836673374,-0.015098567307438391,-0.015098567307438391
T0240,momentum.rsi,um,4h,SHORT,11120,102,102,0.009172661870503597,0.05503597122302158,204.0,-0.8985487773485613,-0.9154423166342591,0.46078431372549017,-0.01914566089549334,-0.0030020462636602616,-9.624486101975952,-10.891333253012874,-0.9215204207668302,-45.4998027349625,-2.593008590217544,-0.01914566089549334,-0.01914566089549334
T0241,momentum.rsi,um,4h,SHORT,11120,41,41,0.0036870503597122304,0.02212230215827338,82.0,-0.5707199425013849,-0.5999115159984809,0.5609756097560976,-0.016249551712644555,0.013586325929890319,-7.591523545664221,-8.463174790895692,-0.6760174513391,-52.64141950803112,-1.2925245475369471,-0.016249551712644555,-0.016249551712644555
T0242,volatility.atr_natr,um,4h,SHORT,11120,2,2,0.00017985611510791367,0.001079136690647482,4.0,0.06538253338755817,0.06187583056675283,1.0,0.030533182589846476,0.030533182589846476,128.93699021886152,,0.0,,,,
T0243,volatility.bollinger_bandwidth,um,4h,SHORT,11120,470,470,0.04226618705035971,0.25359712230215825,940.0,-0.8844586047020304,-0.9496873931405226,0.5404255319148936,-0.003946642686787007,0.004543839426688047,-2.7797499821929406,-3.335338669877992,-0.9693597994654308,-8.916346117127974,-1.3531960945821901,-0.003946642686787007,-0.003946642686787007
T0244,volatility.realized_percentile,um,4h,SHORT,11120,0,0,0.0,0.0,0.0,,,,,,,,,,,,
T0245,volume.rvol,um,4h,SHORT,11120,154,154,0.013848920863309352,0.08309352517985612,308.0,-0.9935199098387979,-0.9950913704144595,0.37012987012987014,-0.030440987699920638,-0.013225287249527729,-18.13901718584315,-18.26480461584539,-0.9950798093778571,-66.99539316801825,-5.798315504658319,-0.030440987699920638,-0.030440987699920638
T0246,volume.vwap_deviation,um,4h,SHORT,11120,630,630,0.05665467625899281,0.33992805755395683,1260.0,0.09634964917615108,-0.6353150402192278,0.5619047619047619,0.00044191449691008227,0.004769719625275483,0.3357653536072966,0.41946730287939804,-0.7982677985102524,1.2123660130587748,0.22458704542804322,0.00044191449691008227,0.00044191449691008227
T0247,orderflow.taker_ratio,um,4h,SHORT,11120,765,765,0.06879496402877698,0.41276978417266186,1530.0,-0.8704638921813419,-0.9619870031065751,0.6405228758169934,-0.0012719255446575954,0.01424756612674332,-0.8078790101442559,-0.965918847431164,-0.9767105673102444,-2.851936936109074,-0.5958566673003173,-0.0012719255446575954,-0.0012719255446575954
T0248,orderflow.cvd,um,4h,SHORT,11120,720,720,0.06474820143884892,0.38848920863309355,1440.0,0.034070103860003975,-0.6895228284833851,0.5625,0.00049989385176433,0.005642356776735564,0.3711995000018313,0.47412009351921813,-0.882672353664492,1.2402875549674337,0.22556310295705564,0.00049989385176433,0.00049989385176433
T0249,context.btc_regime,um,4h,SHORT,11120,765,765,0.06879496402877698,0.41276978417266186,1530.0,-0.9996081773346843,-0.9998858844287427,0.5411764705882353,-0.008964104192848276,0.0045418001828806745,-5.860271022694447,-6.699607738433099,-0.9999063857937538,-19.63322613121805,-4.454722258355075,-0.008964104192848276,-0.008964104192848276
T0250,context.market_breadth,um,4h,SHORT,11120,720,720,0.06474820143884892,0.38848920863309355,1440.0,-0.9952358781715847,-0.9984860232691578,0.5875,-0.0059064634562483774,0.0095948020844571,-3.706009951078486,-4.321639191426695,-0.9988580218393485,-12.94994352186759,-2.8493383020928014,-0.0059064634562483774,-0.0059064634562483774
T0251,derivatives.funding,um,4h,SHORT,11120,762,762,0.0685251798561151,0.41115107913669063,1524.0,-0.8726098946944942,-0.9623848221424304,0.636482939632546,-0.0012885052112995693,0.014285093148197245,-0.8164687927692147,-0.9764262087883253,-0.9769542992023714,-2.8883914171317127,-0.6008097580555046,-0.0012885052112995693,-0.0012885052112995693
T0252,derivatives.funding_zscore,um,4h,SHORT,11120,21,21,0.0018884892086330936,0.011330935251798561,42.0,0.2904721481807304,0.2689298521452359,0.6190476190476191,0.01363822975843353,0.013819255464253952,9.72275985699325,14.321363653086468,-0.18475344749701583,161.66260265022584,1.19733708481991,,
