trial_id,fold_id,feature_id,signal_variant,timeframe,side,horizon_bars,valid_fold,trades,aggregate_observations,aggregate_mean_net_return,aggregate_hac_t
R2B0001,F01,derivatives.premium,PRESSURE_CONTINUATION,15m,LONG,4,True,33664,10531,-0.0019586662887236123,-11.869994135064688
R2B0001,F02,derivatives.premium,PRESSURE_CONTINUATION,15m,LONG,4,True,76093,16512,-0.0021086949613749214,-15.957710117599026
R2B0001,F03,derivatives.premium,PRESSURE_CONTINUATION,15m,LONG,4,True,106570,15938,-0.0018957708119250651,-8.495338205463085
R2B0001,F04,derivatives.premium,PRESSURE_CONTINUATION,15m,LONG,4,True,95668,15478,-0.0021353570114999386,-14.200445099651962
R2B0001,F05,derivatives.premium,PRESSURE_CONTINUATION,15m,LONG,4,True,26094,9679,-0.002921984210248446,-13.673926458646973
R2B0001,F06,derivatives.premium,PRESSURE_CONTINUATION,15m,LONG,4,True,20330,10034,-0.0023936917147421685,-15.404946164584336
R2B0001,F07,derivatives.premium,PRESSURE_CONTINUATION,15m,LONG,4,True,48250,12717,-0.0023596128556935625,-17.180931187034098
R2B0001,F08,derivatives.premium,PRESSURE_CONTINUATION,15m,LONG,4,True,66558,14481,-0.002023191859996966,-20.21757150124935
R2B0002,F01,derivatives.premium,PRESSURE_CONTINUATION,15m,LONG,16,True,11980,6918,-0.0015722122015926821,-3.001922579727249
R2B0002,F02,derivatives.premium,PRESSURE_CONTINUATION,15m,LONG,16,True,29322,13055,-0.0019161202097490834,-4.292171500844517
R2B0002,F03,derivatives.premium,PRESSURE_CONTINUATION,15m,LONG,16,True,38892,13875,-0.0010784302416522351,-1.548122206503249
R2B0002,F04,derivatives.premium,PRESSURE_CONTINUATION,15m,LONG,16,True,36009,13046,-0.0019677401391602887,-4.0526859175440855
R2B0002,F05,derivatives.premium,PRESSURE_CONTINUATION,15m,LONG,16,True,14887,7462,-0.003501099222824678,-5.237504810146298
R2B0002,F06,derivatives.premium,PRESSURE_CONTINUATION,15m,LONG,16,True,12171,7276,-0.002709332183292903,-5.749674356598078
R2B0002,F07,derivatives.premium,PRESSURE_CONTINUATION,15m,LONG,16,True,22614,10051,-0.002517044320979575,-5.31994021465137
R2B0002,F08,derivatives.premium,PRESSURE_CONTINUATION,15m,LONG,16,True,27005,11737,-0.0015262756201767558,-4.5630993391964765
R2B0003,F01,derivatives.premium,PRESSURE_CONTINUATION,15m,LONG,48,True,4523,3414,-0.0008471279546230605,-0.6498545127019245
R2B0003,F02,derivatives.premium,PRESSURE_CONTINUATION,15m,LONG,48,True,11650,7805,-0.001330764176317026,-1.2294257989490918
R2B0003,F03,derivatives.premium,PRESSURE_CONTINUATION,15m,LONG,48,True,15033,9198,0.00097891342619657,0.6246665395205095
R2B0003,F04,derivatives.premium,PRESSURE_CONTINUATION,15m,LONG,48,True,14246,8692,-0.0012078772253593213,-1.0985899000951076
R2B0003,F05,derivatives.premium,PRESSURE_CONTINUATION,15m,LONG,48,True,8102,5105,-0.005827236979285916,-3.652777771703473
R2B0003,F06,derivatives.premium,PRESSURE_CONTINUATION,15m,LONG,48,True,6861,4757,-0.003491987255420142,-3.0105165126044047
R2B0003,F07,derivatives.premium,PRESSURE_CONTINUATION,15m,LONG,48,True,10616,6499,-0.002802969483271744,-2.5951755842489943
R2B0003,F08,derivatives.premium,PRESSURE_CONTINUATION,15m,LONG,48,True,11486,7648,0.0002527211184255078,0.3508541259846331
R2B0004,F01,derivatives.premium,PRESSURE_CONTINUATION,15m,LONG,96,True,2354,2016,0.0012425686477151024,0.5555361472703279
R2B0004,F02,derivatives.premium,PRESSURE_CONTINUATION,15m,LONG,96,True,6204,4715,-0.00010592506169826684,-0.05306823801981769
R2B0004,F03,derivatives.premium,PRESSURE_CONTINUATION,15m,LONG,96,True,7948,5325,0.005397208061971305,1.8200483681908974
R2B0004,F04,derivatives.premium,PRESSURE_CONTINUATION,15m,LONG,96,True,7633,5259,0.0009578992538282097,0.490073143043604
R2B0004,F05,derivatives.premium,PRESSURE_CONTINUATION,15m,LONG,96,True,5093,3531,-0.010053380465554549,-3.6953856715854694
R2B0004,F06,derivatives.premium,PRESSURE_CONTINUATION,15m,LONG,96,True,4456,3315,-0.004871715810000825,-2.3925283129031554
R2B0004,F07,derivatives.premium,PRESSURE_CONTINUATION,15m,LONG,96,True,6231,4448,-0.0023651101529387672,-1.2786301098493675
R2B0004,F08,derivatives.premium,PRESSURE_CONTINUATION,15m,LONG,96,True,6462,4673,0.0017381037288011507,1.4122198726145512
R2B0005,F01,derivatives.premium,PRESSURE_CONTINUATION,15m,SHORT,4,True,16500,7894,-0.0024030794332214147,-11.58077817728929
R2B0005,F02,derivatives.premium,PRESSURE_CONTINUATION,15m,SHORT,4,True,32728,11732,-0.002827265510034813,-16.36703004944604
R2B0005,F03,derivatives.premium,PRESSURE_CONTINUATION,15m,SHORT,4,True,38583,9677,-0.0033446461912112323,-9.408792809764837
R2B0005,F04,derivatives.premium,PRESSURE_CONTINUATION,15m,SHORT,4,True,60481,12737,-0.0025343147390140025,-14.52247293022042
R2B0005,F05,derivatives.premium,PRESSURE_CONTINUATION,15m,SHORT,4,True,128639,17191,-0.001787752710823489,-10.63351847893161
R2B0005,F06,derivatives.premium,PRESSURE_CONTINUATION,15m,SHORT,4,True,137750,17605,-0.0019930745995326853,-17.16530502972926
R2B0005,F07,derivatives.premium,PRESSURE_CONTINUATION,15m,SHORT,4,True,116329,16915,-0.002229162162443871,-19.323454411417583
R2B0005,F08,derivatives.premium,PRESSURE_CONTINUATION,15m,SHORT,4,True,96590,15663,-0.002201045772122789,-21.64343764709633
R2B0006,F01,derivatives.premium,PRESSURE_CONTINUATION,15m,SHORT,16,True,7400,4821,-0.003516804138027301,-5.421917636927353
R2B0006,F02,derivatives.premium,PRESSURE_CONTINUATION,15m,SHORT,16,True,15088,8122,-0.004041813381167974,-7.313262239189269
R2B0006,F03,derivatives.premium,PRESSURE_CONTINUATION,15m,SHORT,16,True,16423,7262,-0.004457624857117557,-3.9533680285587316
R2B0006,F04,derivatives.premium,PRESSURE_CONTINUATION,15m,SHORT,16,True,24697,9828,-0.0032600609341547414,-5.581859317281749
R2B0006,F05,derivatives.premium,PRESSURE_CONTINUATION,15m,SHORT,16,True,45311,15448,-0.0010799387764448879,-1.9362729710865898
R2B0006,F06,derivatives.premium,PRESSURE_CONTINUATION,15m,SHORT,16,True,47712,16057,-0.001762013527450887,-4.576828194653147
R2B0006,F07,derivatives.premium,PRESSURE_CONTINUATION,15m,SHORT,16,True,42110,14571,-0.0026479795045751078,-6.797293468666334
R2B0006,F08,derivatives.premium,PRESSURE_CONTINUATION,15m,SHORT,16,True,35567,13386,-0.002545498686795838,-9.136508817572695
R2B0007,F01,derivatives.premium,PRESSURE_CONTINUATION,15m,SHORT,48,True,3339,2630,-0.00559484686606527,-3.6997955731306305
R2B0007,F02,derivatives.premium,PRESSURE_CONTINUATION,15m,SHORT,48,True,7132,5010,-0.0061293474034265286,-4.795746291845618
R2B0007,F03,derivatives.premium,PRESSURE_CONTINUATION,15m,SHORT,48,True,7411,4673,-0.008745093727894726,-3.43246522547847
R2B0007,F04,derivatives.premium,PRESSURE_CONTINUATION,15m,SHORT,48,True,10523,6151,-0.005263774071333524,-3.9996047973949094
R2B0007,F05,derivatives.premium,PRESSURE_CONTINUATION,15m,SHORT,48,True,16685,10096,0.0012857155904232843,1.0027407424765373
R2B0007,F06,derivatives.premium,PRESSURE_CONTINUATION,15m,SHORT,48,True,17417,9944,-0.0007674511740634051,-0.8678682243442728
R2B0007,F07,derivatives.premium,PRESSURE_CONTINUATION,15m,SHORT,48,True,15970,9287,-0.0034941520802508853,-3.900866793453418
R2B0007,F08,derivatives.premium,PRESSURE_CONTINUATION,15m,SHORT,48,True,13850,8483,-0.003135964604668331,-4.846617412599412
R2B0008,F01,derivatives.premium,PRESSURE_CONTINUATION,15m,SHORT,96,True,1895,1633,-0.007848639193217526,-2.845330652204538
R2B0008,F02,derivatives.premium,PRESSURE_CONTINUATION,15m,SHORT,96,True,4215,3282,-0.009199998929416071,-4.179141538596943
R2B0008,F03,derivatives.premium,PRESSURE_CONTINUATION,15m,SHORT,96,True,4389,3109,-0.01207126688010073,-2.780539469640164
R2B0008,F04,derivatives.premium,PRESSURE_CONTINUATION,15m,SHORT,96,True,5933,3911,-0.007244913372457343,-3.121008217823918
R2B0008,F05,derivatives.premium,PRESSURE_CONTINUATION,15m,SHORT,96,True,8569,5852,0.0034541672822146125,1.5306365164586424
R2B0008,F06,derivatives.premium,PRESSURE_CONTINUATION,15m,SHORT,96,True,8920,5705,0.0004165478474862545,0.25898795979844214
R2B0008,F07,derivatives.premium,PRESSURE_CONTINUATION,15m,SHORT,96,True,8364,5458,-0.004224676406507167,-2.5102592893058513
R2B0008,F08,derivatives.premium,PRESSURE_CONTINUATION,15m,SHORT,96,True,7422,5108,-0.004038504214922619,-3.5142007923521725
R2B0009,F01,derivatives.premium,PRESSURE_CONTINUATION,1h,LONG,4,True,8608,2584,-0.0018623035359269268,-2.941163910863294
R2B0009,F02,derivatives.premium,PRESSURE_CONTINUATION,1h,LONG,4,True,19644,4170,-0.0020539757746085244,-4.124167146820437
R2B0009,F03,derivatives.premium,PRESSURE_CONTINUATION,1h,LONG,4,True,27089,4014,-0.0012898640704847395,-1.5582314441970193
R2B0009,F04,derivatives.premium,PRESSURE_CONTINUATION,1h,LONG,4,True,24468,3839,-0.0018915227181359527,-3.3488993057254306
R2B0009,F05,derivatives.premium,PRESSURE_CONTINUATION,1h,LONG,4,True,6971,2491,-0.0038760382148095656,-5.20426619971867
R2B0009,F06,derivatives.premium,PRESSURE_CONTINUATION,1h,LONG,4,True,5282,2602,-0.003092323790182955,-5.332194122121085
R2B0009,F07,derivatives.premium,PRESSURE_CONTINUATION,1h,LONG,4,True,12423,3261,-0.0025109153295395635,-4.841297375880909
R2B0009,F08,derivatives.premium,PRESSURE_CONTINUATION,1h,LONG,4,True,16804,3634,-0.001430538889550505,-3.817396579304636
R2B0010,F01,derivatives.premium,PRESSURE_CONTINUATION,1h,LONG,12,True,3886,1946,-0.0008764909822651438,-0.5659563377934718
R2B0010,F02,derivatives.premium,PRESSURE_CONTINUATION,1h,LONG,12,True,9432,3561,-0.0015351094661639065,-1.1893957493213616
R2B0010,F03,derivatives.premium,PRESSURE_CONTINUATION,1h,LONG,12,True,12480,3645,0.000966872571493819,0.4813363279602707
R2B0010,F04,derivatives.premium,PRESSURE_CONTINUATION,1h,LONG,12,True,11555,3457,-0.0012925623315192731,-0.9177911872016772
R2B0010,F05,derivatives.premium,PRESSURE_CONTINUATION,1h,LONG,12,True,4661,2100,-0.006353375553235388,-3.4047212253519072
R2B0010,F06,derivatives.premium,PRESSURE_CONTINUATION,1h,LONG,12,True,3651,2059,-0.004354647925617989,-3.126522247289916
R2B0010,F07,derivatives.premium,PRESSURE_CONTINUATION,1h,LONG,12,True,7026,2752,-0.002523612753680756,-1.8816038538031974
R2B0010,F08,derivatives.premium,PRESSURE_CONTINUATION,1h,LONG,12,True,8412,3143,-2.3074366184669402e-05,-0.02525222230619856
R2B0011,F01,derivatives.premium,PRESSURE_CONTINUATION,1h,LONG,24,True,2160,1413,0.0011359406188765615,0.4613026870802883
R2B0011,F02,derivatives.premium,PRESSURE_CONTINUATION,1h,LONG,24,True,5433,2795,-0.0006801497079921135,-0.3061767898373239
R2B0011,F03,derivatives.premium,PRESSURE_CONTINUATION,1h,LONG,24,True,7035,2994,0.004871198274737962,1.4337248998760992
R2B0011,F04,derivatives.premium,PRESSURE_CONTINUATION,1h,LONG,24,True,6623,3036,0.0007137684069080379,0.3109343834271646
R2B0011,F05,derivatives.premium,PRESSURE_CONTINUATION,1h,LONG,24,True,3277,1703,-0.00860243435934557,-2.691259499939223
R2B0011,F06,derivatives.premium,PRESSURE_CONTINUATION,1h,LONG,24,True,2651,1677,-0.005944209990692878,-2.484691387287125
R2B0011,F07,derivatives.premium,PRESSURE_CONTINUATION,1h,LONG,24,True,4531,2245,-0.003769345845282752,-1.7081161764430883
R2B0011,F08,derivatives.premium,PRESSURE_CONTINUATION,1h,LONG,24,True,5044,2540,0.00155567144104252,1.0256792296851178
R2B0012,F01,derivatives.premium,PRESSURE_CONTINUATION,1h,SHORT,4,True,4481,2014,-0.003513662960984931,-4.708190828080545
R2B0012,F02,derivatives.premium,PRESSURE_CONTINUATION,1h,SHORT,4,True,8749,3021,-0.004481054150617731,-7.134025161299688
R2B0012,F03,derivatives.premium,PRESSURE_CONTINUATION,1h,SHORT,4,True,10182,2493,-0.00553817408005157,-4.608642769366374
R2B0012,F04,derivatives.premium,PRESSURE_CONTINUATION,1h,SHORT,4,True,15539,3255,-0.0036585877564134853,-5.291682974642914
R2B0012,F05,derivatives.premium,PRESSURE_CONTINUATION,1h,SHORT,4,True,32278,4298,-0.0010398525624600225,-1.5900168171595044
R2B0012,F06,derivatives.premium,PRESSURE_CONTINUATION,1h,SHORT,4,True,34521,4380,-0.0019667162215198817,-4.482152267481009
R2B0012,F07,derivatives.premium,PRESSURE_CONTINUATION,1h,SHORT,4,True,29263,4251,-0.0026764943664200256,-5.887098712011891
R2B0012,F08,derivatives.premium,PRESSURE_CONTINUATION,1h,SHORT,4,True,24287,3902,-0.002629534299777703,-7.1269982952506306
R2B0013,F01,derivatives.premium,PRESSURE_CONTINUATION,1h,SHORT,12,True,2449,1472,-0.00648068539820044,-3.6193200962139276
R2B0013,F02,derivatives.premium,PRESSURE_CONTINUATION,1h,SHORT,12,True,4908,2406,-0.0075054519823419645,-5.006309836357731
R2B0013,F03,derivatives.premium,PRESSURE_CONTINUATION,1h,SHORT,12,True,5391,2067,-0.010000520904782078,-3.299987095801051
R2B0013,F04,derivatives.premium,PRESSURE_CONTINUATION,1h,SHORT,12,True,7899,2714,-0.005754749460448471,-3.471340144467248
R2B0013,F05,derivatives.premium,PRESSURE_CONTINUATION,1h,SHORT,12,True,14438,3982,0.0006665265342346408,0.38866637339798
R2B0013,F06,derivatives.premium,PRESSURE_CONTINUATION,1h,SHORT,12,True,15251,4064,-0.0014879958760296822,-1.3273794070516216
R2B0013,F07,derivatives.premium,PRESSURE_CONTINUATION,1h,SHORT,12,True,13432,3823,-0.003475348752986989,-3.025295659693448
R2B0013,F08,derivatives.premium,PRESSURE_CONTINUATION,1h,SHORT,12,True,11310,3496,-0.004087269412734789,-4.678925634076219
R2B0014,F01,derivatives.premium,PRESSURE_CONTINUATION,1h,SHORT,24,True,1527,1068,-0.009520987334379474,-3.0511608857354995
R2B0014,F02,derivatives.premium,PRESSURE_CONTINUATION,1h,SHORT,24,True,3147,1851,-0.010199993804195676,-4.096460382537136
R2B0014,F03,derivatives.premium,PRESSURE_CONTINUATION,1h,SHORT,24,True,3369,1665,-0.015056269409430178,-2.8314631929752845
R2B0014,F04,derivatives.premium,PRESSURE_CONTINUATION,1h,SHORT,24,True,4775,2150,-0.007482144295956937,-2.6669324885812977
R2B0014,F05,derivatives.premium,PRESSURE_CONTINUATION,1h,SHORT,24,True,7894,3366,0.004379647448489406,1.643847295108953
R2B0014,F06,derivatives.premium,PRESSURE_CONTINUATION,1h,SHORT,24,True,8296,3370,-0.00024228212291268567,-0.1302796925285587
R2B0014,F07,derivatives.premium,PRESSURE_CONTINUATION,1h,SHORT,24,True,7521,3099,-0.004287311913207735,-2.1807991313879156
R2B0014,F08,derivatives.premium,PRESSURE_CONTINUATION,1h,SHORT,24,True,6395,2872,-0.004299243545181063,-3.172593468328725
R2B0015,F01,derivatives.premium,PRESSURE_CONTINUATION,4h,LONG,3,True,2598,658,-0.0009148925549125815,-0.49902979799819625
R2B0015,F02,derivatives.premium,PRESSURE_CONTINUATION,4h,LONG,3,True,5817,1053,-0.0022814408686756098,-1.5784078163030943
R2B0015,F03,derivatives.premium,PRESSURE_CONTINUATION,4h,LONG,3,True,8091,1017,0.0004608471054413598,0.19576173082670995
R2B0015,F04,derivatives.premium,PRESSURE_CONTINUATION,4h,LONG,3,True,7320,979,-0.0017275265545135105,-1.0375867854072116
R2B0015,F05,derivatives.premium,PRESSURE_CONTINUATION,4h,LONG,3,True,1936,642,-0.005301899704943102,-2.1040113919591943
R2B0015,F06,derivatives.premium,PRESSURE_CONTINUATION,4h,LONG,3,True,1524,698,-0.0048900707621324915,-2.5164485092934203
R2B0015,F07,derivatives.premium,PRESSURE_CONTINUATION,4h,LONG,3,True,3573,832,-0.0029064965679350043,-1.7583864305584591
R2B0015,F08,derivatives.premium,PRESSURE_CONTINUATION,4h,LONG,3,True,4945,942,-0.0006683320132433189,-0.6338331901537632
R2B0016,F01,derivatives.premium,PRESSURE_CONTINUATION,4h,LONG,6,True,1683,587,0.0006145130368181374,0.22029334358625316
R2B0016,F02,derivatives.premium,PRESSURE_CONTINUATION,4h,LONG,6,True,3914,970,-0.0005179421878161444,-0.19199225673584094
R2B0016,F03,derivatives.premium,PRESSURE_CONTINUATION,4h,LONG,6,True,5297,976,0.005696015604590687,1.2790220349475958
R2B0016,F04,derivatives.premium,PRESSURE_CONTINUATION,4h,LONG,6,True,4860,941,0.0001473882922365501,0.047912169682120136
R2B0016,F05,derivatives.premium,PRESSURE_CONTINUATION,4h,LONG,6,True,1568,603,-0.00952260522982247,-2.4033605959479476
R2B0016,F06,derivatives.premium,PRESSURE_CONTINUATION,4h,LONG,6,True,1240,642,-0.007728374679588798,-2.3269565024267833
R2B0016,F07,derivatives.premium,PRESSURE_CONTINUATION,4h,LONG,6,True,2642,781,-0.0024835495514262964,-0.8521149571388646
R2B0016,F08,derivatives.premium,PRESSURE_CONTINUATION,4h,LONG,6,True,3370,885,0.001963056754141302,1.0210376542974788
R2B0017,F01,derivatives.premium,PRESSURE_CONTINUATION,4h,SHORT,3,True,1338,543,-0.004972903263962929,-2.1933553631510514
R2B0017,F02,derivatives.premium,PRESSURE_CONTINUATION,4h,SHORT,3,True,2702,820,-0.006729654793551915,-3.7826677654446432
R2B0017,F03,derivatives.premium,PRESSURE_CONTINUATION,4h,SHORT,3,True,3105,682,-0.009884928172818195,-2.836699295549316
R2B0017,F04,derivatives.premium,PRESSURE_CONTINUATION,4h,SHORT,3,True,4584,833,-0.004518541858593144,-2.216462841943105
R2B0017,F05,derivatives.premium,PRESSURE_CONTINUATION,4h,SHORT,3,True,9573,1077,0.0009778198791332092,0.4972958727263164
R2B0017,F06,derivatives.premium,PRESSURE_CONTINUATION,4h,SHORT,3,True,10249,1097,-0.0017938536080618914,-1.3316879354891566
R2B0017,F07,derivatives.premium,PRESSURE_CONTINUATION,4h,SHORT,3,True,8703,1062,-0.002948791877417517,-2.1389452875571733
R2B0017,F08,derivatives.premium,PRESSURE_CONTINUATION,4h,SHORT,3,True,7172,988,-0.004449240168891209,-3.7813921577965903
R2B0018,F01,derivatives.premium,PRESSURE_CONTINUATION,4h,SHORT,6,True,977,473,-0.008609856699933057,-2.7939506784305395
R2B0018,F02,derivatives.premium,PRESSURE_CONTINUATION,4h,SHORT,6,True,1968,745,-0.011914045566830357,-3.9550416486165108
R2B0018,F03,derivatives.premium,PRESSURE_CONTINUATION,4h,SHORT,6,True,2213,623,-0.013943412079360411,-2.0192221985597976
R2B0018,F04,derivatives.premium,PRESSURE_CONTINUATION,4h,SHORT,6,True,3177,768,-0.009976544533847968,-2.8139705771605636
R2B0018,F05,derivatives.premium,PRESSURE_CONTINUATION,4h,SHORT,6,True,6148,1061,0.003758948091100805,1.0535071535795206
R2B0018,F06,derivatives.premium,PRESSURE_CONTINUATION,4h,SHORT,6,True,6535,1077,-0.0013971346831915558,-0.5574692224608863
R2B0018,F07,derivatives.premium,PRESSURE_CONTINUATION,4h,SHORT,6,True,5677,1031,-0.0049838086409163115,-2.0175318069760957
R2B0018,F08,derivatives.premium,PRESSURE_CONTINUATION,4h,SHORT,6,True,4709,947,-0.005819137865411446,-3.107592323247284
R2B0019,F01,derivatives.premium,CROWDING_REVERSION,15m,LONG,4,True,16500,7894,-0.0015969205667785869,-7.695785080987767
R2B0019,F02,derivatives.premium,CROWDING_REVERSION,15m,LONG,4,True,32728,11732,-0.0011727344899651892,-6.788955819379583
R2B0019,F03,derivatives.premium,CROWDING_REVERSION,15m,LONG,4,True,38583,9677,-0.0006553538087887702,-1.8435696487677788
R2B0019,F04,derivatives.premium,CROWDING_REVERSION,15m,LONG,4,True,60481,12737,-0.001465685260985999,-8.39886782774798
R2B0019,F05,derivatives.premium,CROWDING_REVERSION,15m,LONG,4,True,128639,17191,-0.002212247289176512,-13.15840400465062
R2B0019,F06,derivatives.premium,CROWDING_REVERSION,15m,LONG,4,True,137750,17605,-0.0020069254004673152,-17.284594705592234
R2B0019,F07,derivatives.premium,CROWDING_REVERSION,15m,LONG,4,True,116329,16915,-0.0017708378375561294,-15.350477771664028
R2B0019,F08,derivatives.premium,CROWDING_REVERSION,15m,LONG,4,True,96590,15663,-0.001798954227877212,-17.689570182581683
R2B0020,F01,derivatives.premium,CROWDING_REVERSION,15m,LONG,16,True,7400,4821,-0.00048319586197270134,-0.744951399991718
R2B0020,F02,derivatives.premium,CROWDING_REVERSION,15m,LONG,16,True,15088,8122,4.181338116797155e-05,0.07565718472142531
R2B0020,F03,derivatives.premium,CROWDING_REVERSION,15m,LONG,16,True,16423,7262,0.0004576248571175531,0.40585727538592214
R2B0020,F04,derivatives.premium,CROWDING_REVERSION,15m,LONG,16,True,24697,9828,-0.0007399390658452614,-1.2669198068164333
R2B0020,F05,derivatives.premium,CROWDING_REVERSION,15m,LONG,16,True,45311,15448,-0.002920061223555115,-5.235514961043113
R2B0020,F06,derivatives.premium,CROWDING_REVERSION,15m,LONG,16,True,47712,16057,-0.0022379864725491144,-5.813167394709818
R2B0020,F07,derivatives.premium,CROWDING_REVERSION,15m,LONG,16,True,42110,14571,-0.0013520204954248934,-3.4706009118183414
R2B0020,F08,derivatives.premium,CROWDING_REVERSION,15m,LONG,16,True,35567,13386,-0.0014545013132041635,-5.220613211153762
R2B0021,F01,derivatives.premium,CROWDING_REVERSION,15m,LONG,48,True,3339,2630,0.001594846866065269,1.0546503802773972
R2B0021,F02,derivatives.premium,CROWDING_REVERSION,15m,LONG,48,True,7132,5010,0.0021293474034265267,1.6660517412220894
R2B0021,F03,derivatives.premium,CROWDING_REVERSION,15m,LONG,48,True,7411,4673,0.004745093727894724,1.8624579357773932
R2B0021,F04,derivatives.premium,CROWDING_REVERSION,15m,LONG,48,True,10523,6151,0.0012637740713335212,0.9602609781556063
R2B0021,F05,derivatives.premium,CROWDING_REVERSION,15m,LONG,48,True,16685,10096,-0.005285715590423287,-4.122375442235961
R2B0021,F06,derivatives.premium,CROWDING_REVERSION,15m,LONG,48,True,17417,9944,-0.0032325488259365965,-3.6555112618017565
R2B0021,F07,derivatives.premium,CROWDING_REVERSION,15m,LONG,48,True,15970,9287,-0.0005058479197491173,-0.5647279532678895
R2B0021,F08,derivatives.premium,CROWDING_REVERSION,15m,LONG,48,True,13850,8483,-0.0008640353953316709,-1.3353623270756247
R2B0022,F01,derivatives.premium,CROWDING_REVERSION,15m,LONG,96,True,1895,1633,0.0038486391932175245,1.3952292615515658
R2B0022,F02,derivatives.premium,CROWDING_REVERSION,15m,LONG,96,True,4215,3282,0.00519999892941607,2.3621232668949497
R2B0022,F03,derivatives.premium,CROWDING_REVERSION,15m,LONG,96,True,4389,3109,0.008071266880100729,1.859164937121515
R2B0022,F04,derivatives.premium,CROWDING_REVERSION,15m,LONG,96,True,5933,3911,0.00324491337245734,1.3978636846186403
R2B0022,F05,derivatives.premium,CROWDING_REVERSION,15m,LONG,96,True,8569,5852,-0.0074541672822146165,-3.3031465212170548
R2B0022,F06,derivatives.premium,CROWDING_REVERSION,15m,LONG,96,True,8920,5705,-0.004416547847486257,-2.745981579968222
R2B0022,F07,derivatives.premium,CROWDING_REVERSION,15m,LONG,96,True,8364,5458,0.00022467640650716518,0.133500410979113
R2B0022,F08,derivatives.premium,CROWDING_REVERSION,15m,LONG,96,True,7422,5108,3.850421492261562e-05,0.033505361239928
R2B0023,F01,derivatives.premium,CROWDING_REVERSION,15m,SHORT,4,True,33664,10531,-0.0020413337112763887,-12.370978823733537
R2B0023,F02,derivatives.premium,CROWDING_REVERSION,15m,SHORT,4,True,76093,16512,-0.001891305038625079,-14.312595279620128
R2B0023,F03,derivatives.premium,CROWDING_REVERSION,15m,SHORT,4,True,106570,15938,-0.0021042291880749367,-9.429482984998176
R2B0023,F04,derivatives.premium,CROWDING_REVERSION,15m,SHORT,4,True,95668,15478,-0.001864642988500063,-12.40015615470625
R2B0023,F05,derivatives.premium,CROWDING_REVERSION,15m,SHORT,4,True,26094,9679,-0.0010780157897515555,-5.044759851412632
R2B0023,F06,derivatives.premium,CROWDING_REVERSION,15m,SHORT,4,True,20330,10034,-0.001606308285257833,-10.3376272331661
R2B0023,F07,derivatives.premium,CROWDING_REVERSION,15m,SHORT,4,True,48250,12717,-0.0016403871443064386,-11.944068951150182
R2B0023,F08,derivatives.premium,CROWDING_REVERSION,15m,SHORT,4,True,66558,14481,-0.001976808140003035,-19.754063223061316
R2B0024,F01,derivatives.premium,CROWDING_REVERSION,15m,SHORT,16,True,11980,6918,-0.00242778779840732,-4.635526300738743
R2B0024,F02,derivatives.premium,CROWDING_REVERSION,15m,SHORT,16,True,29322,13055,-0.002083879790250919,-4.667958409599005
R2B0024,F03,derivatives.premium,CROWDING_REVERSION,15m,SHORT,16,True,38892,13875,-0.0029215697583477676,-4.194009817285001
R2B0024,F04,derivatives.premium,CROWDING_REVERSION,15m,SHORT,16,True,36009,13046,-0.0020322598608397136,-4.185568386245289
R2B0024,F05,derivatives.premium,CROWDING_REVERSION,15m,SHORT,16,True,14887,7462,-0.0004989007771753247,-0.7463356660121535
R2B0024,F06,derivatives.premium,CROWDING_REVERSION,15m,SHORT,16,True,12171,7276,-0.0012906678167070988,-2.739021702236564
R2B0024,F07,derivatives.premium,CROWDING_REVERSION,15m,SHORT,16,True,22614,10051,-0.0014829556790204276,-3.1343252431471273
R2B0024,F08,derivatives.premium,CROWDING_REVERSION,15m,SHORT,16,True,27005,11737,-0.0024737243798232463,-7.395682623573873
R2B0025,F01,derivatives.premium,CROWDING_REVERSION,15m,SHORT,48,True,4523,3414,-0.0031528720453769415,-2.4186524780328353
R2B0025,F02,derivatives.premium,CROWDING_REVERSION,15m,SHORT,48,True,11650,7805,-0.0026692358236829767,-2.4659721410573976
R2B0025,F03,derivatives.premium,CROWDING_REVERSION,15m,SHORT,48,True,15033,9198,-0.004978913426196573,-3.1771559540239496
R2B0025,F04,derivatives.premium,CROWDING_REVERSION,15m,SHORT,48,True,14246,8692,-0.002792122774640682,-2.539494756293039
R2B0025,F05,derivatives.premium,CROWDING_REVERSION,15m,SHORT,48,True,8102,5105,0.0018272369792859118,1.1453954327404214
R2B0025,F06,derivatives.premium,CROWDING_REVERSION,15m,SHORT,48,True,6861,4757,-0.0005080127445798608,-0.4379685961904079
R2B0025,F07,derivatives.premium,CROWDING_REVERSION,15m,SHORT,48,True,10616,6499,-0.0011970305167282591,-1.1082904716422717
R2B0025,F08,derivatives.premium,CROWDING_REVERSION,15m,SHORT,48,True,11486,7648,-0.00425272111842551,-5.904076241659168
R2B0026,F01,derivatives.premium,CROWDING_REVERSION,15m,SHORT,96,True,2354,2016,-0.005242568647715105,-2.343883691019725
R2B0026,F02,derivatives.premium,CROWDING_REVERSION,15m,SHORT,96,True,6204,4715,-0.0038940749383017353,-1.950923533860775
R2B0026,F03,derivatives.premium,CROWDING_REVERSION,15m,SHORT,96,True,7948,5325,-0.009397208061971307,-3.16892975078198
R2B0026,F04,derivatives.premium,CROWDING_REVERSION,15m,SHORT,96,True,7633,5259,-0.004957899253828214,-2.5365227715824923
R2B0026,F05,derivatives.premium,CROWDING_REVERSION,15m,SHORT,96,True,5093,3531,0.006053380465554547,2.225079963273004
R2B0026,F06,derivatives.premium,CROWDING_REVERSION,15m,SHORT,96,True,4456,3315,0.000871715810000822,0.428104765871374
R2B0026,F07,derivatives.premium,CROWDING_REVERSION,15m,SHORT,96,True,6231,4448,-0.001634889847061236,-0.8838570931430292
R2B0026,F08,derivatives.premium,CROWDING_REVERSION,15m,SHORT,96,True,6462,4673,-0.005738103728801154,-4.662244250822691
R2B0027,F01,derivatives.premium,CROWDING_REVERSION,1h,LONG,4,True,4481,2014,-0.00048633703901507116,-0.6516753632524711
R2B0027,F02,derivatives.premium,CROWDING_REVERSION,1h,LONG,4,True,8749,3021,0.00048105415061772827,0.7658582777852458
R2B0027,F03,derivatives.premium,CROWDING_REVERSION,1h,LONG,4,True,10182,2493,0.0015381740800515676,1.280005783420665
R2B0027,F04,derivatives.premium,CROWDING_REVERSION,1h,LONG,4,True,15539,3255,-0.00034141224358651747,-0.49380949071246794
R2B0027,F05,derivatives.premium,CROWDING_REVERSION,1h,LONG,4,True,32278,4298,-0.0029601474375399797,-4.526299570609686
R2B0027,F06,derivatives.premium,CROWDING_REVERSION,1h,LONG,4,True,34521,4380,-0.0020332837784801197,-4.633859932829609
R2B0027,F07,derivatives.premium,CROWDING_REVERSION,1h,LONG,4,True,29263,4251,-0.0013235056335799762,-2.9111244949904047
R2B0027,F08,derivatives.premium,CROWDING_REVERSION,1h,LONG,4,True,24287,3902,-0.0013704657002222983,-3.7144625609217177
R2B0028,F01,derivatives.premium,CROWDING_REVERSION,1h,LONG,12,True,2449,1472,0.0024806853982004373,1.3854081725035465
R2B0028,F02,derivatives.premium,CROWDING_REVERSION,1h,LONG,12,True,4908,2406,0.0035054519823419605,2.338217442649236
R2B0028,F03,derivatives.premium,CROWDING_REVERSION,1h,LONG,12,True,5391,2067,0.006000520904782074,1.9800610130614782
R2B0028,F04,derivatives.premium,CROWDING_REVERSION,1h,LONG,12,True,7899,2714,0.0017547494604484683,1.0584878259951755
R2B0028,F05,derivatives.premium,CROWDING_REVERSION,1h,LONG,12,True,14438,3982,-0.004666526534234643,-2.7211548997206605
R2B0028,F06,derivatives.premium,CROWDING_REVERSION,1h,LONG,12,True,15251,4064,-0.00251200412397032,-2.240854694761559
R2B0028,F07,derivatives.premium,CROWDING_REVERSION,1h,LONG,12,True,13432,3823,-0.0005246512470130131,-0.4567096004615471
R2B0028,F08,derivatives.premium,CROWDING_REVERSION,1h,LONG,12,True,11310,3496,8.726941273478727e-05,0.09990217210623324
R2B0029,F01,derivatives.premium,CROWDING_REVERSION,1h,LONG,24,True,1527,1068,0.005520987334379471,1.7692934580925614
R2B0029,F02,derivatives.premium,CROWDING_REVERSION,1h,LONG,24,True,3147,1851,0.006199993804195673,2.4900043547493165
R2B0029,F03,derivatives.premium,CROWDING_REVERSION,1h,LONG,24,True,3369,1665,0.011056269409430176,2.079228196116937
R2B0029,F04,derivatives.premium,CROWDING_REVERSION,1h,LONG,24,True,4775,2150,0.0034821442959569334,1.2411741053742762
R2B0029,F05,derivatives.premium,CROWDING_REVERSION,1h,LONG,24,True,7894,3366,-0.008379647448489408,-3.145198547183763
R2B0029,F06,derivatives.premium,CROWDING_REVERSION,1h,LONG,24,True,8296,3370,-0.0037577178770873162,-2.0205961700790898
R2B0029,F07,derivatives.premium,CROWDING_REVERSION,1h,LONG,24,True,7521,3099,0.00028731191320773274,0.1461450865822424
R2B0029,F08,derivatives.premium,CROWDING_REVERSION,1h,LONG,24,True,6395,2872,0.0002992435451810607,0.2208244559546072
R2B0030,F01,derivatives.premium,CROWDING_REVERSION,1h,SHORT,4,True,8608,2584,-0.002137696464073075,-3.3760960934772677
R2B0030,F02,derivatives.premium,CROWDING_REVERSION,1h,SHORT,4,True,19644,4170,-0.0019460242253914774,-3.9074117993460153
R2B0030,F03,derivatives.premium,CROWDING_REVERSION,1h,SHORT,4,True,27089,4014,-0.0027101359295152627,-3.274003145022685
R2B0030,F04,derivatives.premium,CROWDING_REVERSION,1h,SHORT,4,True,24468,3839,-0.0021084772818640496,-3.733012581699717
R2B0030,F05,derivatives.premium,CROWDING_REVERSION,1h,SHORT,4,True,6971,2491,-0.00012396178519043683,-0.16644060067789418
R2B0030,F06,derivatives.premium,CROWDING_REVERSION,1h,SHORT,4,True,5282,2602,-0.0009076762098170471,-1.5651355029963578
R2B0030,F07,derivatives.premium,CROWDING_REVERSION,1h,SHORT,4,True,12423,3261,-0.0014890846704604392,-2.8711050598773373
R2B0030,F08,derivatives.premium,CROWDING_REVERSION,1h,SHORT,4,True,16804,3634,-0.002569461110449497,-6.8566133541243435
R2B0031,F01,derivatives.premium,CROWDING_REVERSION,1h,SHORT,12,True,3886,1946,-0.0031235090177348583,-2.0168715486080653
R2B0031,F02,derivatives.premium,CROWDING_REVERSION,1h,SHORT,12,True,9432,3561,-0.002464890533836096,-1.9097858414053241
R2B0031,F03,derivatives.premium,CROWDING_REVERSION,1h,SHORT,12,True,12480,3645,-0.0049668725714938225,-2.472648697972406
R2B0031,F04,derivatives.premium,CROWDING_REVERSION,1h,SHORT,12,True,11555,3457,-0.0027074376684807304,-1.9224314150550652
R2B0031,F05,derivatives.premium,CROWDING_REVERSION,1h,SHORT,12,True,4661,2100,0.0023533755532353855,1.2611544257358565
R2B0031,F06,derivatives.premium,CROWDING_REVERSION,1h,SHORT,12,True,3651,2059,0.0003546479256179863,0.2546278478397301
R2B0031,F07,derivatives.premium,CROWDING_REVERSION,1h,SHORT,12,True,7026,2752,-0.0014763872463192465,-1.1007932688279662
R2B0031,F08,derivatives.premium,CROWDING_REVERSION,1h,SHORT,12,True,8412,3143,-0.003976925633815333,-4.352284669342186
R2B0032,F01,derivatives.premium,CROWDING_REVERSION,1h,SHORT,24,True,2160,1413,-0.005135940618876563,-2.085692833588172
R2B0032,F02,derivatives.premium,CROWDING_REVERSION,1h,SHORT,24,True,5433,2795,-0.0033198502920078897,-1.494466722845765
R2B0032,F03,derivatives.premium,CROWDING_REVERSION,1h,SHORT,24,True,7035,2994,-0.008871198274737967,-2.6110326742784675
R2B0032,F04,derivatives.premium,CROWDING_REVERSION,1h,SHORT,24,True,6623,3036,-0.00471376840690804,-2.0534288979944124
R2B0032,F05,derivatives.premium,CROWDING_REVERSION,1h,SHORT,24,True,3277,1703,0.004602434359345565,1.4398651213163962
R2B0032,F06,derivatives.premium,CROWDING_REVERSION,1h,SHORT,24,True,2651,1677,0.0019442099906928749,0.8126835738501689
R2B0032,F07,derivatives.premium,CROWDING_REVERSION,1h,SHORT,24,True,4531,2245,-0.00023065415471725125,-0.10452320084382957
R2B0032,F08,derivatives.premium,CROWDING_REVERSION,1h,SHORT,24,True,5044,2540,-0.005555671441042523,-3.662943635587609
R2B0033,F01,derivatives.premium,CROWDING_REVERSION,4h,LONG,3,True,1338,543,0.0009729032639629272,0.42911001452694997
R2B0033,F02,derivatives.premium,CROWDING_REVERSION,4h,LONG,3,True,2702,820,0.0027296547935519127,1.5343100820347626
R2B0033,F03,derivatives.premium,CROWDING_REVERSION,4h,LONG,3,True,3105,682,0.005884928172818191,1.688810612513767
R2B0033,F04,derivatives.premium,CROWDING_REVERSION,4h,LONG,3,True,4584,833,0.0005185418585931407,0.25435833008342607
R2B0033,F05,derivatives.premium,CROWDING_REVERSION,4h,LONG,3,True,9573,1077,-0.004977819879133211,-2.531600485830095
R2B0033,F06,derivatives.premium,CROWDING_REVERSION,4h,LONG,3,True,10249,1097,-0.002206146391938111,-1.6377582434059754
R2B0033,F07,derivatives.premium,CROWDING_REVERSION,4h,LONG,3,True,8703,1062,-0.0010512081225824842,-0.7625077501260588
R2B0033,F08,derivatives.premium,CROWDING_REVERSION,4h,LONG,3,True,7172,988,0.0004492401688912066,0.38180749681484805
R2B0034,F01,derivatives.premium,CROWDING_REVERSION,4h,LONG,6,True,977,473,0.004609856699933054,1.4959264367716676
R2B0034,F02,derivatives.premium,CROWDING_REVERSION,4h,LONG,6,True,1968,745,0.007914045566830355,2.627183155401524
R2B0034,F03,derivatives.premium,CROWDING_REVERSION,4h,LONG,6,True,2213,623,0.009943412079360408,1.439960196671829
R2B0034,F04,derivatives.premium,CROWDING_REVERSION,4h,LONG,6,True,3177,768,0.0059765445338479635,1.6857360195485749
R2B0034,F05,derivatives.premium,CROWDING_REVERSION,4h,LONG,6,True,6148,1061,-0.007758948091100808,-2.174573077393332
R2B0034,F06,derivatives.premium,CROWDING_REVERSION,4h,LONG,6,True,6535,1077,-0.002602865316808447,-1.038566518882038
R2B0034,F07,derivatives.premium,CROWDING_REVERSION,4h,LONG,6,True,5677,1031,0.0009838086409163084,0.39826272797296725
R2B0034,F08,derivatives.premium,CROWDING_REVERSION,4h,LONG,6,True,4709,947,0.0018191378654114434,0.971473609361091
R2B0035,F01,derivatives.premium,CROWDING_REVERSION,4h,SHORT,3,True,2598,658,-0.0030851074450874206,-1.6827774331072272
R2B0035,F02,derivatives.premium,CROWDING_REVERSION,4h,SHORT,3,True,5817,1053,-0.001718559131324393,-1.1889798253838377
R2B0035,F03,derivatives.premium,CROWDING_REVERSION,4h,SHORT,3,True,8091,1017,-0.004460847105441363,-1.8949086150344454
R2B0035,F04,derivatives.premium,CROWDING_REVERSION,4h,SHORT,3,True,7320,979,-0.002272473445486492,-1.3648927196314997
R2B0035,F05,derivatives.premium,CROWDING_REVERSION,4h,SHORT,3,True,1936,642,0.0013018997049430983,0.5166472326579005
R2B0035,F06,derivatives.premium,CROWDING_REVERSION,4h,SHORT,3,True,1524,698,0.0008900707621324889,0.4580337077897841
R2B0035,F07,derivatives.premium,CROWDING_REVERSION,4h,SHORT,3,True,3573,832,-0.0010935034320649975,-0.6615530250146828
R2B0035,F08,derivatives.premium,CROWDING_REVERSION,4h,SHORT,3,True,4945,942,-0.0033316679867566837,-3.1596896553425196
R2B0036,F01,derivatives.premium,CROWDING_REVERSION,4h,SHORT,6,True,1683,587,-0.00461451303681814,-1.6542309845313594
R2B0036,F02,derivatives.premium,CROWDING_REVERSION,4h,SHORT,6,True,3914,970,-0.0034820578121838586,-1.2907389148287598
R2B0036,F03,derivatives.premium,CROWDING_REVERSION,4h,SHORT,6,True,5297,976,-0.00969601560459069,-2.177209205584399
R2B0036,F04,derivatives.premium,CROWDING_REVERSION,4h,SHORT,6,True,4860,941,-0.004147388292236553,-1.3482100143772409
R2B0036,F05,derivatives.premium,CROWDING_REVERSION,4h,SHORT,6,True,1568,603,0.005522605229822468,1.3938214885527525
R2B0036,F06,derivatives.premium,CROWDING_REVERSION,4h,SHORT,6,True,1240,642,0.0037283746795887963,1.1225860628970092
R2B0036,F07,derivatives.premium,CROWDING_REVERSION,4h,SHORT,6,True,2642,781,-0.0015164504485737059,-0.5202997090384179
R2B0036,F08,derivatives.premium,CROWDING_REVERSION,4h,SHORT,6,True,3370,885,-0.005963056754141306,-3.1015432782810533
R2B0037,F01,derivatives.premium_zscore,PRESSURE_CONTINUATION,15m,LONG,4,True,29511,10147,-0.0019813123146438343,-11.440698485548292
R2B0037,F02,derivatives.premium_zscore,PRESSURE_CONTINUATION,15m,LONG,4,True,82911,16762,-0.0019842859362725618,-14.65538496061323
R2B0037,F03,derivatives.premium_zscore,PRESSURE_CONTINUATION,15m,LONG,4,True,110426,16780,-0.0019567522029715336,-8.654549299346748
R2B0037,F04,derivatives.premium_zscore,PRESSURE_CONTINUATION,15m,LONG,4,True,117292,16994,-0.00196991520050388,-13.510962144766633
R2B0037,F05,derivatives.premium_zscore,PRESSURE_CONTINUATION,15m,LONG,4,True,121273,16953,-0.002488104926586318,-14.792512907939976
R2B0037,F06,derivatives.premium_zscore,PRESSURE_CONTINUATION,15m,LONG,4,True,123328,17364,-0.0021858194581173425,-18.20145539841679
R2B0037,F07,derivatives.premium_zscore,PRESSURE_CONTINUATION,15m,LONG,4,True,119349,17052,-0.0020805289893900095,-18.140774683685404
R2B0037,F08,derivatives.premium_zscore,PRESSURE_CONTINUATION,15m,LONG,4,True,122134,17413,-0.001960061756098656,-22.53350827859952
R2B0038,F01,derivatives.premium_zscore,PRESSURE_CONTINUATION,15m,LONG,16,True,11616,6886,-0.0014933547253877764,-2.6867169518151663
R2B0038,F02,derivatives.premium_zscore,PRESSURE_CONTINUATION,15m,LONG,16,True,32805,13518,-0.0017751250700002664,-3.9421619793762526
R2B0038,F03,derivatives.premium_zscore,PRESSURE_CONTINUATION,15m,LONG,16,True,42384,14491,-0.000968052738817929,-1.3134323821011233
R2B0038,F04,derivatives.premium_zscore,PRESSURE_CONTINUATION,15m,LONG,16,True,44207,14744,-0.001580629692114832,-3.2645130272298597
R2B0038,F05,derivatives.premium_zscore,PRESSURE_CONTINUATION,15m,LONG,16,True,44613,14657,-0.0032292772965447814,-5.6631490905752795
R2B0038,F06,derivatives.premium_zscore,PRESSURE_CONTINUATION,15m,LONG,16,True,45462,15210,-0.0023904494899843628,-6.025314365777861
R2B0038,F07,derivatives.premium_zscore,PRESSURE_CONTINUATION,15m,LONG,16,True,44342,14864,-0.0019107741015293245,-4.887962427691577
R2B0038,F08,derivatives.premium_zscore,PRESSURE_CONTINUATION,15m,LONG,16,True,45451,15431,-0.001716009828660134,-5.951314511672606
R2B0039,F01,derivatives.premium_zscore,PRESSURE_CONTINUATION,15m,LONG,48,True,4552,3598,-0.0007460837884773932,-0.5246965249789843
R2B0039,F02,derivatives.premium_zscore,PRESSURE_CONTINUATION,15m,LONG,48,True,12825,8232,-0.0003769585028847066,-0.36463183845862474
R2B0039,F03,derivatives.premium_zscore,PRESSURE_CONTINUATION,15m,LONG,48,True,16388,9289,0.000935367211968425,0.5739888105058504
R2B0039,F04,derivatives.premium_zscore,PRESSURE_CONTINUATION,15m,LONG,48,True,16764,9424,-0.00025882766140036763,-0.2383798282418982
R2B0039,F05,derivatives.premium_zscore,PRESSURE_CONTINUATION,15m,LONG,48,True,16644,9210,-0.005412758307339363,-4.099431844315438
R2B0039,F06,derivatives.premium_zscore,PRESSURE_CONTINUATION,15m,LONG,48,True,17007,9557,-0.0029480591876829155,-3.348760536849665
R2B0039,F07,derivatives.premium_zscore,PRESSURE_CONTINUATION,15m,LONG,48,True,16699,9320,-0.0017043007962341547,-1.9062396059374234
R2B0039,F08,derivatives.premium_zscore,PRESSURE_CONTINUATION,15m,LONG,48,True,17088,9758,-0.0005230083614827115,-0.8150081778920399
R2B0040,F01,derivatives.premium_zscore,PRESSURE_CONTINUATION,15m,LONG,96,True,2383,2017,0.0008706423503781552,0.3829419001699734
R2B0040,F02,derivatives.premium_zscore,PRESSURE_CONTINUATION,15m,LONG,96,True,6729,5026,0.0014202321087817859,0.7583114987353308
R2B0040,F03,derivatives.premium_zscore,PRESSURE_CONTINUATION,15m,LONG,96,True,8564,5973,0.003963455725174756,1.3889097169207651
R2B0040,F04,derivatives.premium_zscore,PRESSURE_CONTINUATION,15m,LONG,96,True,8703,5497,0.0005601304506686677,0.28165947987294393
R2B0040,F05,derivatives.premium_zscore,PRESSURE_CONTINUATION,15m,LONG,96,True,8587,5075,-0.008321580009957585,-3.4815162263683153
R2B0040,F06,derivatives.premium_zscore,PRESSURE_CONTINUATION,15m,LONG,96,True,8801,5530,-0.004670847050850219,-2.9525524750307497
R2B0040,F07,derivatives.premium_zscore,PRESSURE_CONTINUATION,15m,LONG,96,True,8622,5664,-0.0010250483528541027,-0.6579873985331571
R2B0040,F08,derivatives.premium_zscore,PRESSURE_CONTINUATION,15m,LONG,96,True,8808,5744,0.001231165825892122,1.1223290701349335
R2B0041,F01,derivatives.premium_zscore,PRESSURE_CONTINUATION,15m,SHORT,4,True,30351,10219,-0.002204693756987077,-11.756432946375254
R2B0041,F02,derivatives.premium_zscore,PRESSURE_CONTINUATION,15m,SHORT,4,True,88333,17002,-0.002364926841777931,-17.823159046330876
R2B0041,F03,derivatives.premium_zscore,PRESSURE_CONTINUATION,15m,SHORT,4,True,108403,16915,-0.0025994387294914116,-11.027422072516423
R2B0041,F04,derivatives.premium_zscore,PRESSURE_CONTINUATION,15m,SHORT,4,True,110335,16676,-0.0023906493383457784,-16.19122414256846
R2B0041,F05,derivatives.premium_zscore,PRESSURE_CONTINUATION,15m,SHORT,4,True,111897,16760,-0.0018763875178737243,-11.04743713813897
R2B0041,F06,derivatives.premium_zscore,PRESSURE_CONTINUATION,15m,SHORT,4,True,114724,17254,-0.0021343791568723086,-18.10619161185452
R2B0041,F07,derivatives.premium_zscore,PRESSURE_CONTINUATION,15m,SHORT,4,True,113589,16891,-0.002327064032910603,-19.96380337053338
R2B0041,F08,derivatives.premium_zscore,PRESSURE_CONTINUATION,15m,SHORT,4,True,117596,17441,-0.002246368233030988,-24.926569578283175
R2B0042,F01,derivatives.premium_zscore,PRESSURE_CONTINUATION,15m,SHORT,16,True,11724,6985,-0.002439242783796978,-4.125668565898295
R2B0042,F02,derivatives.premium_zscore,PRESSURE_CONTINUATION,15m,SHORT,16,True,33576,13811,-0.0029861489015135783,-6.665271190201217
R2B0042,F03,derivatives.premium_zscore,PRESSURE_CONTINUATION,15m,SHORT,16,True,42072,14494,-0.0037810916632461038,-5.021489393876433
R2B0042,F04,derivatives.premium_zscore,PRESSURE_CONTINUATION,15m,SHORT,16,True,42526,14337,-0.0026879530884738687,-5.488025724089491
R2B0042,F05,derivatives.premium_zscore,PRESSURE_CONTINUATION,15m,SHORT,16,True,43110,14337,-0.0012789320977292112,-2.2095923832661186
R2B0042,F06,derivatives.premium_zscore,PRESSURE_CONTINUATION,15m,SHORT,16,True,44047,14986,-0.0020763215366528007,-5.329830761881899
R2B0042,F07,derivatives.premium_zscore,PRESSURE_CONTINUATION,15m,SHORT,16,True,43448,14723,-0.0026254071270447768,-6.785157119703027
R2B0042,F08,derivatives.premium_zscore,PRESSURE_CONTINUATION,15m,SHORT,16,True,44794,15397,-0.0027064940540634723,-9.359106728276195
R2B0043,F01,derivatives.premium_zscore,PRESSURE_CONTINUATION,15m,SHORT,48,True,4550,3591,-0.0037610771156833095,-2.864206329847158
R2B0043,F02,derivatives.premium_zscore,PRESSURE_CONTINUATION,15m,SHORT,48,True,12927,8253,-0.004023879274246053,-3.8116569220661227
R2B0043,F03,derivatives.premium_zscore,PRESSURE_CONTINUATION,15m,SHORT,48,True,16383,9399,-0.006004385979416512,-3.6921383562295964
R2B0043,F04,derivatives.premium_zscore,PRESSURE_CONTINUATION,15m,SHORT,48,True,16283,9337,-0.00325482938424431,-2.959313413955173
R2B0043,F05,derivatives.premium_zscore,PRESSURE_CONTINUATION,15m,SHORT,48,True,16424,9213,0.0009344168350922785,0.7324508172623861
R2B0043,F06,derivatives.premium_zscore,PRESSURE_CONTINUATION,15m,SHORT,48,True,16776,9652,-0.0013130627369117326,-1.4673501931567365
R2B0043,F07,derivatives.premium_zscore,PRESSURE_CONTINUATION,15m,SHORT,48,True,16545,9578,-0.003216057466431889,-3.5639748133573654
R2B0043,F08,derivatives.premium_zscore,PRESSURE_CONTINUATION,15m,SHORT,48,True,16995,10056,-0.003428210214600492,-5.423474508139946
R2B0044,F01,derivatives.premium_zscore,PRESSURE_CONTINUATION,15m,SHORT,96,True,2378,2084,-0.00550815470687232,-2.3308630369917034
R2B0044,F02,derivatives.premium_zscore,PRESSURE_CONTINUATION,15m,SHORT,96,True,6757,4996,-0.005907328228316867,-3.165549850330298
R2B0044,F03,derivatives.premium_zscore,PRESSURE_CONTINUATION,15m,SHORT,96,True,8559,5908,-0.008958734374557227,-3.0955099423550654
R2B0044,F04,derivatives.premium_zscore,PRESSURE_CONTINUATION,15m,SHORT,96,True,8481,5548,-0.005083260579463685,-2.6389328329217085
R2B0044,F05,derivatives.premium_zscore,PRESSURE_CONTINUATION,15m,SHORT,96,True,8486,5643,0.0036014495479056085,1.6138243074626508
R2B0044,F06,derivatives.premium_zscore,PRESSURE_CONTINUATION,15m,SHORT,96,True,8711,5651,0.0006953110935512289,0.4477709127348804
R2B0044,F07,derivatives.premium_zscore,PRESSURE_CONTINUATION,15m,SHORT,96,True,8583,5799,-0.0036351137749355174,-2.3284468296642755
R2B0044,F08,derivatives.premium_zscore,PRESSURE_CONTINUATION,15m,SHORT,96,True,8775,5925,-0.006094817311489317,-5.458642381552481
R2B0045,F01,derivatives.premium_zscore,PRESSURE_CONTINUATION,1h,LONG,4,True,7519,2551,-0.001908989295174434,-2.7888495249827034
R2B0045,F02,derivatives.premium_zscore,PRESSURE_CONTINUATION,1h,LONG,4,True,20596,4093,-0.0017679112956869684,-3.5478127933575143
R2B0045,F03,derivatives.premium_zscore,PRESSURE_CONTINUATION,1h,LONG,4,True,27424,4125,-0.0010878360918355554,-1.3189384175159338
R2B0045,F04,derivatives.premium_zscore,PRESSURE_CONTINUATION,1h,LONG,4,True,28002,4050,-0.0016320199832860498,-2.8412787499533856
R2B0045,F05,derivatives.premium_zscore,PRESSURE_CONTINUATION,1h,LONG,4,True,30448,4227,-0.003197514161726306,-4.719667596026101
R2B0045,F06,derivatives.premium_zscore,PRESSURE_CONTINUATION,1h,LONG,4,True,30266,4255,-0.002443439996938615,-5.361742404256207
R2B0045,F07,derivatives.premium_zscore,PRESSURE_CONTINUATION,1h,LONG,4,True,28931,4224,-0.0019438190542199576,-4.35865442442772
R2B0045,F08,derivatives.premium_zscore,PRESSURE_CONTINUATION,1h,LONG,4,True,30782,4366,-0.001497269614044313,-4.779044240953231
R2B0046,F01,derivatives.premium_zscore,PRESSURE_CONTINUATION,1h,LONG,12,True,3667,1955,-0.0011841734840084953,-0.6938726837130982
R2B0046,F02,derivatives.premium_zscore,PRESSURE_CONTINUATION,1h,LONG,12,True,10043,3581,-0.0006956060759225802,-0.5331486351145828
R2B0046,F03,derivatives.premium_zscore,PRESSURE_CONTINUATION,1h,LONG,12,True,13144,3730,0.0011805938850840234,0.5610875289418312
R2B0046,F04,derivatives.premium_zscore,PRESSURE_CONTINUATION,1h,LONG,12,True,13298,3649,-0.000647295044381412,-0.47056759328423586
R2B0046,F05,derivatives.premium_zscore,PRESSURE_CONTINUATION,1h,LONG,12,True,14108,3848,-0.0052645626101384966,-3.038821137355136
R2B0046,F06,derivatives.premium_zscore,PRESSURE_CONTINUATION,1h,LONG,12,True,14072,3905,-0.003371235065747666,-2.9412162222536558
R2B0046,F07,derivatives.premium_zscore,PRESSURE_CONTINUATION,1h,LONG,12,True,13574,3828,-0.001831358249444005,-1.5973736749906873
R2B0046,F08,derivatives.premium_zscore,PRESSURE_CONTINUATION,1h,LONG,12,True,14388,4060,-0.0002823546018030329,-0.3446287185285459
R2B0047,F01,derivatives.premium_zscore,PRESSURE_CONTINUATION,1h,LONG,24,True,2105,1403,-0.0002899229566680918,-0.09773847296255495
R2B0047,F02,derivatives.premium_zscore,PRESSURE_CONTINUATION,1h,LONG,24,True,5755,2810,0.0022514798972080403,1.0832654296441022
R2B0047,F03,derivatives.premium_zscore,PRESSURE_CONTINUATION,1h,LONG,24,True,7481,3133,0.004016472902303654,1.146037719323049
R2B0047,F04,derivatives.premium_zscore,PRESSURE_CONTINUATION,1h,LONG,24,True,7507,2990,0.00122722450479826,0.505577990382974
R2B0047,F05,derivatives.premium_zscore,PRESSURE_CONTINUATION,1h,LONG,24,True,7825,3106,-0.00797342337272473,-2.849612520148636
R2B0047,F06,derivatives.premium_zscore,PRESSURE_CONTINUATION,1h,LONG,24,True,7819,3127,-0.005657051009921371,-3.0081451513237893
R2B0047,F07,derivatives.premium_zscore,PRESSURE_CONTINUATION,1h,LONG,24,True,7614,3077,-0.0014603706678315079,-0.7675260789559372
R2B0047,F08,derivatives.premium_zscore,PRESSURE_CONTINUATION,1h,LONG,24,True,8017,3322,0.0007594201629718669,0.5859122234313606
R2B0048,F01,derivatives.premium_zscore,PRESSURE_CONTINUATION,1h,SHORT,4,True,7798,2550,-0.002232321195068176,-3.181481624126589
R2B0048,F02,derivatives.premium_zscore,PRESSURE_CONTINUATION,1h,SHORT,4,True,21737,4170,-0.0029191001189484644,-5.709577242731817
R2B0048,F03,derivatives.premium_zscore,PRESSURE_CONTINUATION,1h,SHORT,4,True,27649,4158,-0.0037074375958902513,-4.328107725705201
R2B0048,F04,derivatives.premium_zscore,PRESSURE_CONTINUATION,1h,SHORT,4,True,26883,4008,-0.002629175342912835,-4.5823294065907545
R2B0048,F05,derivatives.premium_zscore,PRESSURE_CONTINUATION,1h,SHORT,4,True,28024,4174,-0.0013518834244233993,-2.0290239857675303
R2B0048,F06,derivatives.premium_zscore,PRESSURE_CONTINUATION,1h,SHORT,4,True,27936,4222,-0.0018312275694259165,-4.132497919310966
R2B0048,F07,derivatives.premium_zscore,PRESSURE_CONTINUATION,1h,SHORT,4,True,27626,4199,-0.002814240068869459,-6.248396876253115
R2B0048,F08,derivatives.premium_zscore,PRESSURE_CONTINUATION,1h,SHORT,4,True,28878,4352,-0.002624852545879546,-8.049377486036422
R2B0049,F01,derivatives.premium_zscore,PRESSURE_CONTINUATION,1h,SHORT,12,True,3723,1972,-0.004525738789877483,-2.7539492906556373
R2B0049,F02,derivatives.premium_zscore,PRESSURE_CONTINUATION,1h,SHORT,12,True,10343,3616,-0.004639269297933997,-3.6515466475130087
R2B0049,F03,derivatives.premium_zscore,PRESSURE_CONTINUATION,1h,SHORT,12,True,13377,3701,-0.005443134521984268,-2.502661880411258
R2B0049,F04,derivatives.premium_zscore,PRESSURE_CONTINUATION,1h,SHORT,12,True,12945,3624,-0.0035449711474104515,-2.471582173022373
R2B0049,F05,derivatives.premium_zscore,PRESSURE_CONTINUATION,1h,SHORT,12,True,13492,3715,0.0006948629763028233,0.42583034021887595
R2B0049,F06,derivatives.premium_zscore,PRESSURE_CONTINUATION,1h,SHORT,12,True,13489,3842,-0.0010217112050609916,-0.895942494509629
R2B0049,F07,derivatives.premium_zscore,PRESSURE_CONTINUATION,1h,SHORT,12,True,13281,3849,-0.0035193185760865244,-2.985089386809139
R2B0049,F08,derivatives.premium_zscore,PRESSURE_CONTINUATION,1h,SHORT,12,True,13872,3994,-0.004293610029526157,-5.1530662138701455
R2B0050,F01,derivatives.premium_zscore,PRESSURE_CONTINUATION,1h,SHORT,24,True,2117,1395,-0.0051223730151395115,-1.713434954914277
R2B0050,F02,derivatives.premium_zscore,PRESSURE_CONTINUATION,1h,SHORT,24,True,5854,2853,-0.007286509444606306,-3.3114443115713725
R2B0050,F03,derivatives.premium_zscore,PRESSURE_CONTINUATION,1h,SHORT,24,True,7601,3019,-0.009568678413912523,-2.6273717524169937
R2B0050,F04,derivatives.premium_zscore,PRESSURE_CONTINUATION,1h,SHORT,24,True,7330,3001,-0.005177759697763447,-2.0788570489728273
R2B0050,F05,derivatives.premium_zscore,PRESSURE_CONTINUATION,1h,SHORT,24,True,7629,3129,0.0038096267002234382,1.3665620918857488
R2B0050,F06,derivatives.premium_zscore,PRESSURE_CONTINUATION,1h,SHORT,24,True,7625,3164,1.9349716762550856e-05,0.009783154189878168
R2B0050,F07,derivatives.premium_zscore,PRESSURE_CONTINUATION,1h,SHORT,24,True,7536,3136,-0.003953786644563868,-2.097444712123377
R2B0050,F08,derivatives.premium_zscore,PRESSURE_CONTINUATION,1h,SHORT,24,True,7836,3356,-0.00528092645567152,-4.0691081394636
R2B0051,F01,derivatives.premium_zscore,PRESSURE_CONTINUATION,4h,LONG,3,True,2151,648,-0.0018236418869205205,-0.9359344323426713
R2B0051,F02,derivatives.premium_zscore,PRESSURE_CONTINUATION,4h,LONG,3,True,5553,980,-0.0009884299934457938,-0.6508433553261971
R2B0051,F03,derivatives.premium_zscore,PRESSURE_CONTINUATION,4h,LONG,3,True,7619,1003,0.0010594612486667277,0.46266096042591665
R2B0051,F04,derivatives.premium_zscore,PRESSURE_CONTINUATION,4h,LONG,3,True,6644,866,0.0003030748082281847,0.16714370383547714
R2B0051,F05,derivatives.premium_zscore,PRESSURE_CONTINUATION,4h,LONG,3,True,8885,1066,-0.005039594577797761,-2.4464377147213234
R2B0051,F06,derivatives.premium_zscore,PRESSURE_CONTINUATION,4h,LONG,3,True,8034,995,-0.0037200508718363626,-2.7309415293869748
R2B0051,F07,derivatives.premium_zscore,PRESSURE_CONTINUATION,4h,LONG,3,True,7773,1045,-0.0011367513232578318,-0.8688667599638741
R2B0051,F08,derivatives.premium_zscore,PRESSURE_CONTINUATION,4h,LONG,3,True,9191,1090,-0.0007824644995599634,-0.8653320346646174
R2B0052,F01,derivatives.premium_zscore,PRESSURE_CONTINUATION,4h,LONG,6,True,1461,589,-0.0017225680003923975,-0.4995269724689343
R2B0052,F02,derivatives.premium_zscore,PRESSURE_CONTINUATION,4h,LONG,6,True,3784,923,0.00043231628382921894,0.1508144812196616
R2B0052,F03,derivatives.premium_zscore,PRESSURE_CONTINUATION,4h,LONG,6,True,5192,939,0.0057803429545495635,1.4654261132635673
R2B0052,F04,derivatives.premium_zscore,PRESSURE_CONTINUATION,4h,LONG,6,True,4508,825,0.001480723693958212,0.44262225327248944
R2B0052,F05,derivatives.premium_zscore,PRESSURE_CONTINUATION,4h,LONG,6,True,5834,1031,-0.008549197087508462,-2.3594074312024107
R2B0052,F06,derivatives.premium_zscore,PRESSURE_CONTINUATION,4h,LONG,6,True,5328,944,-0.00590682113535886,-2.2864404541640333
R2B0052,F07,derivatives.premium_zscore,PRESSURE_CONTINUATION,4h,LONG,6,True,5192,1006,-0.0009622595471320807,-0.3718452044981561
R2B0052,F08,derivatives.premium_zscore,PRESSURE_CONTINUATION,4h,LONG,6,True,6041,1069,0.0008821273227813423,0.5401902146699681
R2B0053,F01,derivatives.premium_zscore,PRESSURE_CONTINUATION,4h,SHORT,3,True,2296,665,-0.003392556105926838,-1.5589891980382278
R2B0053,F02,derivatives.premium_zscore,PRESSURE_CONTINUATION,4h,SHORT,3,True,5840,983,-0.0047797518049695,-3.057936229158484
R2B0053,F03,derivatives.premium_zscore,PRESSURE_CONTINUATION,4h,SHORT,3,True,8416,1027,-0.006598923155195856,-2.6306013535267967
R2B0053,F04,derivatives.premium_zscore,PRESSURE_CONTINUATION,4h,SHORT,3,True,6923,887,-0.0033257954673460845,-1.7029882959527665
R2B0053,F05,derivatives.premium_zscore,PRESSURE_CONTINUATION,4h,SHORT,3,True,8138,1049,0.0013774832963947834,0.6927491117035057
R2B0053,F06,derivatives.premium_zscore,PRESSURE_CONTINUATION,4h,SHORT,3,True,7273,986,-0.0014250567790499464,-1.0104897799411596
R2B0053,F07,derivatives.premium_zscore,PRESSURE_CONTINUATION,4h,SHORT,3,True,7405,1025,-0.004464916337998094,-3.0949087977926593
R2B0053,F08,derivatives.premium_zscore,PRESSURE_CONTINUATION,4h,SHORT,3,True,7878,1082,-0.004406722043603804,-4.530025781506578
R2B0054,F01,derivatives.premium_zscore,PRESSURE_CONTINUATION,4h,SHORT,6,True,1530,591,-0.005325370824142487,-1.4714709096719407
R2B0054,F02,derivatives.premium_zscore,PRESSURE_CONTINUATION,4h,SHORT,6,True,3886,934,-0.007070361133461301,-2.4807421717877824
R2B0054,F03,derivatives.premium_zscore,PRESSURE_CONTINUATION,4h,SHORT,6,True,5700,962,-0.010296472999896973,-2.136681908427182
R2B0054,F04,derivatives.premium_zscore,PRESSURE_CONTINUATION,4h,SHORT,6,True,4613,852,-0.003105298431357486,-0.8952466550417141
R2B0054,F05,derivatives.premium_zscore,PRESSURE_CONTINUATION,4h,SHORT,6,True,5481,1033,0.0038654477196930735,1.0935043468114352
R2B0054,F06,derivatives.premium_zscore,PRESSURE_CONTINUATION,4h,SHORT,6,True,4936,950,0.000444477771088676,0.17340048686128728
R2B0054,F07,derivatives.premium_zscore,PRESSURE_CONTINUATION,4h,SHORT,6,True,5005,988,-0.004310707077568919,-1.6445033452100852
R2B0054,F08,derivatives.premium_zscore,PRESSURE_CONTINUATION,4h,SHORT,6,True,5377,1051,-0.006031465873378137,-3.5501412965577033
R2B0055,F01,derivatives.premium_zscore,CROWDING_REVERSION,15m,LONG,4,True,30351,10219,-0.0017953062430129236,-9.57339194947157
R2B0055,F02,derivatives.premium_zscore,CROWDING_REVERSION,15m,LONG,4,True,88333,17002,-0.00163507315822207,-12.322651355028663
R2B0055,F03,derivatives.premium_zscore,CROWDING_REVERSION,15m,LONG,4,True,108403,16915,-0.00140056127050859,-5.941505792421524
R2B0055,F04,derivatives.premium_zscore,CROWDING_REVERSION,15m,LONG,4,True,110335,16676,-0.0016093506616542228,-10.899698616972785
R2B0055,F05,derivatives.premium_zscore,CROWDING_REVERSION,15m,LONG,4,True,111897,16760,-0.0021236124821262764,-12.50300120768344
R2B0055,F06,derivatives.premium_zscore,CROWDING_REVERSION,15m,LONG,4,True,114724,17254,-0.0018656208431276917,-15.826282950700893
R2B0055,F07,derivatives.premium_zscore,CROWDING_REVERSION,15m,LONG,4,True,113589,16891,-0.0016729359670893979,-14.352060891376802
R2B0055,F08,derivatives.premium_zscore,CROWDING_REVERSION,15m,LONG,4,True,117596,17441,-0.0017536317669690125,-19.458975430337542
R2B0056,F01,derivatives.premium_zscore,CROWDING_REVERSION,15m,LONG,16,True,11724,6985,-0.0015607572162030239,-2.6398220909623427
R2B0056,F02,derivatives.premium_zscore,CROWDING_REVERSION,15m,LONG,16,True,33576,13811,-0.001013851098486424,-2.2629790880388527
R2B0056,F03,derivatives.premium_zscore,CROWDING_REVERSION,15m,LONG,16,True,42072,14494,-0.00021890833675389877,-0.2907218309267647
R2B0056,F04,derivatives.premium_zscore,CROWDING_REVERSION,15m,LONG,16,True,42526,14337,-0.0013120469115261344,-2.678821751965853
R2B0056,F05,derivatives.premium_zscore,CROWDING_REVERSION,15m,LONG,16,True,43110,14337,-0.0027210679022707917,-4.701149437005119
R2B0056,F06,derivatives.premium_zscore,CROWDING_REVERSION,15m,LONG,16,True,44047,14986,-0.0019236784633472014,-4.938002360870414
R2B0056,F07,derivatives.premium_zscore,CROWDING_REVERSION,15m,LONG,16,True,43448,14723,-0.0013745928729552248,-3.5525265862760462
R2B0056,F08,derivatives.premium_zscore,CROWDING_REVERSION,15m,LONG,16,True,44794,15397,-0.0012935059459365298,-4.472967595662759
R2B0057,F01,derivatives.premium_zscore,CROWDING_REVERSION,15m,LONG,48,True,4550,3591,-0.00023892288431669255,-0.1819490578248576
R2B0057,F02,derivatives.premium_zscore,CROWDING_REVERSION,15m,LONG,48,True,12927,8253,2.3879274246050575e-05,0.022619863760929594
R2B0057,F03,derivatives.premium_zscore,CROWDING_REVERSION,15m,LONG,48,True,16383,9399,0.0020043859794165084,1.2325107647412885
R2B0057,F04,derivatives.premium_zscore,CROWDING_REVERSION,15m,LONG,48,True,16283,9337,-0.0007451706157556927,-0.6775142837181459
R2B0057,F05,derivatives.premium_zscore,CROWDING_REVERSION,15m,LONG,48,True,16424,9213,-0.004934416835092281,-3.867885838357884
R2B0057,F06,derivatives.premium_zscore,CROWDING_REVERSION,15m,LONG,48,True,16776,9652,-0.00268693726308827,-3.0026576805199845
R2B0057,F07,derivatives.premium_zscore,CROWDING_REVERSION,15m,LONG,48,True,16545,9578,-0.0007839425335681146,-0.868750472875138
R2B0057,F08,derivatives.premium_zscore,CROWDING_REVERSION,15m,LONG,48,True,16995,10056,-0.0005717897853995112,-0.9045791042573059
R2B0058,F01,derivatives.premium_zscore,CROWDING_REVERSION,15m,LONG,96,True,2378,2084,0.001508154706872317,0.6381995872279748
R2B0058,F02,derivatives.premium_zscore,CROWDING_REVERSION,15m,LONG,96,True,6757,4996,0.0019073282283168646,1.0220767078316715
R2B0058,F03,derivatives.premium_zscore,CROWDING_REVERSION,15m,LONG,96,True,8559,5908,0.004958734374557224,1.7133906326694006
R2B0058,F04,derivatives.premium_zscore,CROWDING_REVERSION,15m,LONG,96,True,8481,5548,0.0010832605794636819,0.56236580145142
R2B0058,F05,derivatives.premium_zscore,CROWDING_REVERSION,15m,LONG,96,True,8486,5643,-0.007601449547905613,-3.406240706466389
R2B0058,F06,derivatives.premium_zscore,CROWDING_REVERSION,15m,LONG,96,True,8711,5651,-0.004695311093551232,-3.023716654937482
R2B0058,F07,derivatives.premium_zscore,CROWDING_REVERSION,15m,LONG,96,True,8583,5799,-0.000364886225064485,-0.2337253320096251
R2B0058,F08,derivatives.premium_zscore,CROWDING_REVERSION,15m,LONG,96,True,8775,5925,0.0020948173114893145,1.876161002652137
R2B0059,F01,derivatives.premium_zscore,CROWDING_REVERSION,15m,SHORT,4,True,29511,10147,-0.0020186876853561663,-11.656515216684015
R2B0059,F02,derivatives.premium_zscore,CROWDING_REVERSION,15m,SHORT,4,True,82911,16762,-0.0020157140637274396,-14.887504383536555
R2B0059,F03,derivatives.premium_zscore,CROWDING_REVERSION,15m,SHORT,4,True,110426,16780,-0.0020432477970284677,-9.03711198756308
R2B0059,F04,derivatives.premium_zscore,CROWDING_REVERSION,15m,SHORT,4,True,117292,16994,-0.0020300847994961214,-13.92364446431116
R2B0059,F05,derivatives.premium_zscore,CROWDING_REVERSION,15m,SHORT,4,True,121273,16953,-0.0015118950734136832,-8.988659260285774
R2B0059,F06,derivatives.premium_zscore,CROWDING_REVERSION,15m,SHORT,4,True,123328,17364,-0.001814180541882658,-15.106794888811962
R2B0059,F07,derivatives.premium_zscore,CROWDING_REVERSION,15m,SHORT,4,True,119349,17052,-0.0019194710106099917,-16.73646043526212
R2B0059,F08,derivatives.premium_zscore,CROWDING_REVERSION,15m,SHORT,4,True,122134,17413,-0.0020399382439013447,-23.451794395639983
R2B0060,F01,derivatives.premium_zscore,CROWDING_REVERSION,15m,SHORT,16,True,11616,6886,-0.002506645274612226,-4.509743222421101
R2B0060,F02,derivatives.premium_zscore,CROWDING_REVERSION,15m,SHORT,16,True,32805,13518,-0.0022248749299997356,-4.940957404151271
R2B0060,F03,derivatives.premium_zscore,CROWDING_REVERSION,15m,SHORT,16,True,42384,14491,-0.003031947261182074,-4.11367847429677
R2B0060,F04,derivatives.premium_zscore,CROWDING_REVERSION,15m,SHORT,16,True,44207,14744,-0.00241937030788517,-4.99678446329633
R2B0060,F05,derivatives.premium_zscore,CROWDING_REVERSION,15m,SHORT,16,True,44613,14657,-0.000770722703455221,-1.3516081699853577
R2B0060,F06,derivatives.premium_zscore,CROWDING_REVERSION,15m,SHORT,16,True,45462,15210,-0.0016095505100156384,-4.056997586050541
R2B0060,F07,derivatives.premium_zscore,CROWDING_REVERSION,15m,SHORT,16,True,44342,14864,-0.0020892258984706773,-5.34446101530863
R2B0060,F08,derivatives.premium_zscore,CROWDING_REVERSION,15m,SHORT,16,True,45451,15431,-0.002283990171339868,-7.921134030931406
R2B0061,F01,derivatives.premium_zscore,CROWDING_REVERSION,15m,SHORT,48,True,4552,3598,-0.003253916211522609,-2.288373712345349
R2B0061,F02,derivatives.premium_zscore,CROWDING_REVERSION,15m,SHORT,48,True,12825,8232,-0.003623041497115295,-3.504566873529556
R2B0061,F03,derivatives.premium_zscore,CROWDING_REVERSION,15m,SHORT,48,True,16388,9289,-0.004935367211968428,-3.028591893279835
R2B0061,F04,derivatives.premium_zscore,CROWDING_REVERSION,15m,SHORT,48,True,16764,9424,-0.0037411723385996354,-3.445613249656533
R2B0061,F05,derivatives.premium_zscore,CROWDING_REVERSION,15m,SHORT,48,True,16644,9210,0.0014127583073393608,1.0699732122853574
R2B0061,F06,derivatives.premium_zscore,CROWDING_REVERSION,15m,SHORT,48,True,17007,9557,-0.0010519408123170868,-1.19492101586935
R2B0061,F07,derivatives.premium_zscore,CROWDING_REVERSION,15m,SHORT,48,True,16699,9320,-0.002295699203765848,-2.5677114950641755
R2B0061,F08,derivatives.premium_zscore,CROWDING_REVERSION,15m,SHORT,48,True,17088,9758,-0.003476991638517291,-5.418224312552428
R2B0062,F01,derivatives.premium_zscore,CROWDING_REVERSION,15m,SHORT,96,True,2383,2017,-0.004870642350378156,-2.142295324701396
R2B0062,F02,derivatives.premium_zscore,CROWDING_REVERSION,15m,SHORT,96,True,6729,5026,-0.005420232108781789,-2.894051126212922
R2B0062,F03,derivatives.premium_zscore,CROWDING_REVERSION,15m,SHORT,96,True,8564,5973,-0.00796345572517476,-2.7906256065155985
R2B0062,F04,derivatives.premium_zscore,CROWDING_REVERSION,15m,SHORT,96,True,8703,5497,-0.0045601304506686716,-2.293044360210781
R2B0062,F05,derivatives.premium_zscore,CROWDING_REVERSION,15m,SHORT,96,True,8587,5075,0.00432158000995758,1.808028152131286
R2B0062,F06,derivatives.premium_zscore,CROWDING_REVERSION,15m,SHORT,96,True,8801,5530,0.0006708470508502154,0.4240582272961262
R2B0062,F07,derivatives.premium_zscore,CROWDING_REVERSION,15m,SHORT,96,True,8622,5664,-0.0029749516471459002,-1.9096471787083338
R2B0062,F08,derivatives.premium_zscore,CROWDING_REVERSION,15m,SHORT,96,True,8808,5744,-0.005231165825892125,-4.768723557479244
R2B0063,F01,derivatives.premium_zscore,CROWDING_REVERSION,1h,LONG,4,True,7798,2550,-0.0017676788049318258,-2.519277981893147
R2B0063,F02,derivatives.premium_zscore,CROWDING_REVERSION,1h,LONG,4,True,21737,4170,-0.0010808998810515375,-2.1141725569681777
R2B0063,F03,derivatives.premium_zscore,CROWDING_REVERSION,1h,LONG,4,True,27649,4158,-0.00029256240410975164,-0.3415409076290186
R2B0063,F04,derivatives.premium_zscore,CROWDING_REVERSION,1h,LONG,4,True,26883,4008,-0.001370824657087167,-2.3891788557894085
R2B0063,F05,derivatives.premium_zscore,CROWDING_REVERSION,1h,LONG,4,True,28024,4174,-0.0026481165755766023,-3.974523211012232
R2B0063,F06,derivatives.premium_zscore,CROWDING_REVERSION,1h,LONG,4,True,27936,4222,-0.0021687724305740853,-4.894229262623044
R2B0063,F07,derivatives.premium_zscore,CROWDING_REVERSION,1h,LONG,4,True,27626,4199,-0.0011857599311305422,-2.6327173476136965
R2B0063,F08,derivatives.premium_zscore,CROWDING_REVERSION,1h,LONG,4,True,28878,4352,-0.0013751474541204554,-4.2170296287894615
R2B0064,F01,derivatives.premium_zscore,CROWDING_REVERSION,1h,LONG,12,True,3723,1972,0.0005257387898774816,0.3199163793305089
R2B0064,F02,derivatives.premium_zscore,CROWDING_REVERSION,1h,LONG,12,True,10343,3616,0.0006392692979339938,0.5031658030216983
R2B0064,F03,derivatives.premium_zscore,CROWDING_REVERSION,1h,LONG,12,True,13377,3701,0.0014431345219842664,0.6635290276013474
R2B0064,F04,derivatives.premium_zscore,CROWDING_REVERSION,1h,LONG,12,True,12945,3624,-0.00045502885258955083,-0.3172497471785328
R2B0064,F05,derivatives.premium_zscore,CROWDING_REVERSION,1h,LONG,12,True,13492,3715,-0.004694862976302826,-2.8771357327416065
R2B0064,F06,derivatives.premium_zscore,CROWDING_REVERSION,1h,LONG,12,True,13489,3842,-0.0029782887949390104,-2.6116729258621025
R2B0064,F07,derivatives.premium_zscore,CROWDING_REVERSION,1h,LONG,12,True,13281,3849,-0.000480681423913478,-0.4077144441285586
R2B0064,F08,derivatives.premium_zscore,CROWDING_REVERSION,1h,LONG,12,True,13872,3994,0.00029361002952615596,0.352382240771788
R2B0065,F01,derivatives.premium_zscore,CROWDING_REVERSION,1h,LONG,24,True,2117,1395,0.0011223730151395108,0.3754340324120639
R2B0065,F02,derivatives.premium_zscore,CROWDING_REVERSION,1h,LONG,24,True,5854,2853,0.0032865094446063023,1.493594853338607
R2B0065,F03,derivatives.premium_zscore,CROWDING_REVERSION,1h,LONG,24,True,7601,3019,0.00556867841391252,1.5290500662803215
R2B0065,F04,derivatives.premium_zscore,CROWDING_REVERSION,1h,LONG,24,True,7330,3001,0.0011777596977634436,0.47286745476991415
R2B0065,F05,derivatives.premium_zscore,CROWDING_REVERSION,1h,LONG,24,True,7629,3129,-0.007809626700223441,-2.8014135347377214
R2B0065,F06,derivatives.premium_zscore,CROWDING_REVERSION,1h,LONG,24,True,7625,3164,-0.004019349716762553,-2.0321702123430683
R2B0065,F07,derivatives.premium_zscore,CROWDING_REVERSION,1h,LONG,24,True,7536,3136,-4.6213355436134206e-05,-0.024515728010328666
R2B0065,F08,derivatives.premium_zscore,CROWDING_REVERSION,1h,LONG,24,True,7836,3356,0.0012809264556715178,0.9869912619649329
R2B0066,F01,derivatives.premium_zscore,CROWDING_REVERSION,1h,SHORT,4,True,7519,2551,-0.002091010704825568,-3.0547652758595896
R2B0066,F02,derivatives.premium_zscore,CROWDING_REVERSION,1h,SHORT,4,True,20596,4093,-0.0022320887043130334,-4.4793157215466675
R2B0066,F03,derivatives.premium_zscore,CROWDING_REVERSION,1h,SHORT,4,True,27424,4125,-0.0029121639081644475,-3.530830504162073
R2B0066,F04,derivatives.premium_zscore,CROWDING_REVERSION,1h,SHORT,4,True,28002,4050,-0.0023679800167139523,-4.122554485060101
R2B0066,F05,derivatives.premium_zscore,CROWDING_REVERSION,1h,SHORT,4,True,30448,4227,-0.000802485838273696,-1.1845034034580757
R2B0066,F06,derivatives.premium_zscore,CROWDING_REVERSION,1h,SHORT,4,True,30266,4255,-0.0015565600030613864,-3.4156246045083773
R2B0066,F07,derivatives.premium_zscore,CROWDING_REVERSION,1h,SHORT,4,True,28931,4224,-0.0020561809457800436,-4.610605167848109
R2B0066,F08,derivatives.premium_zscore,CROWDING_REVERSION,1h,SHORT,4,True,30782,4366,-0.0025027303859556883,-7.988313611302745
R2B0067,F01,derivatives.premium_zscore,CROWDING_REVERSION,1h,SHORT,12,True,3667,1955,-0.0028158265159915073,-1.6499483630622434
R2B0067,F02,derivatives.premium_zscore,CROWDING_REVERSION,1h,SHORT,12,True,10043,3581,-0.003304393924077422,-2.5326591751893726
R2B0067,F03,derivatives.premium_zscore,CROWDING_REVERSION,1h,SHORT,12,True,13144,3730,-0.005180593885084026,-2.4621223759989923
R2B0067,F04,derivatives.premium_zscore,CROWDING_REVERSION,1h,SHORT,12,True,13298,3649,-0.0033527049556185914,-2.4373341270753537
R2B0067,F05,derivatives.premium_zscore,CROWDING_REVERSION,1h,SHORT,12,True,14108,3848,0.001264562610138494,0.7299333057218109
R2B0067,F06,derivatives.premium_zscore,CROWDING_REVERSION,1h,SHORT,12,True,14072,3905,-0.0006287649342523356,-0.5485626450070995
R2B0067,F07,derivatives.premium_zscore,CROWDING_REVERSION,1h,SHORT,12,True,13574,3828,-0.002168641750555998,-1.8915639492576464
R2B0067,F08,derivatives.premium_zscore,CROWDING_REVERSION,1h,SHORT,12,True,14388,4060,-0.0037176453981969696,-4.537582746456961
R2B0068,F01,derivatives.premium_zscore,CROWDING_REVERSION,1h,SHORT,24,True,2105,1403,-0.00371007704333191,-1.250736640368294
R2B0068,F02,derivatives.premium_zscore,CROWDING_REVERSION,1h,SHORT,24,True,5755,2810,-0.006251479897208043,-3.007804806588861
R2B0068,F03,derivatives.premium_zscore,CROWDING_REVERSION,1h,SHORT,24,True,7481,3133,-0.008016472902303657,-2.287375153633375
R2B0068,F04,derivatives.premium_zscore,CROWDING_REVERSION,1h,SHORT,24,True,7507,2990,-0.005227224504798263,-2.153452485738117
R2B0068,F05,derivatives.premium_zscore,CROWDING_REVERSION,1h,SHORT,24,True,7825,3106,0.003973423372724727,1.4200571650942362
R2B0068,F06,derivatives.premium_zscore,CROWDING_REVERSION,1h,SHORT,24,True,7819,3127,0.0016570510099213687,0.881139298947286
R2B0068,F07,derivatives.premium_zscore,CROWDING_REVERSION,1h,SHORT,24,True,7614,3077,-0.0025396293321684957,-1.3347513657030434
R2B0068,F08,derivatives.premium_zscore,CROWDING_REVERSION,1h,SHORT,24,True,8017,3322,-0.00475942016297187,-3.6720152899524763
R2B0069,F01,derivatives.premium_zscore,CROWDING_REVERSION,4h,LONG,3,True,2296,665,-0.0006074438940731633,-0.27914010548563095
R2B0069,F02,derivatives.premium_zscore,CROWDING_REVERSION,4h,LONG,3,True,5840,983,0.000779751804969497,0.4988609014570287
R2B0069,F03,derivatives.premium_zscore,CROWDING_REVERSION,4h,LONG,3,True,8416,1027,0.002598923155195853,1.0360373365444093
R2B0069,F04,derivatives.premium_zscore,CROWDING_REVERSION,4h,LONG,3,True,6923,887,-0.0006742045326539182,-0.34522941637903465
R2B0069,F05,derivatives.premium_zscore,CROWDING_REVERSION,4h,LONG,3,True,8138,1049,-0.005377483296394787,-2.704386170436931
R2B0069,F06,derivatives.premium_zscore,CROWDING_REVERSION,4h,LONG,3,True,7273,986,-0.0025749432209500557,-1.8258597460470782
R2B0069,F07,derivatives.premium_zscore,CROWDING_REVERSION,4h,LONG,3,True,7405,1025,0.0004649163379980916,0.322262178232208
R2B0069,F08,derivatives.premium_zscore,CROWDING_REVERSION,4h,LONG,3,True,7878,1082,0.00040672204360380236,0.41810246373640303
R2B0070,F01,derivatives.premium_zscore,CROWDING_REVERSION,4h,LONG,6,True,1530,591,0.0013253708241424836,0.36621761688635573
R2B0070,F02,derivatives.premium_zscore,CROWDING_REVERSION,4h,LONG,6,True,3886,934,0.003070361133461298,1.0772822211793842
R2B0070,F03,derivatives.premium_zscore,CROWDING_REVERSION,4h,LONG,6,True,5700,962,0.00629647299989697,1.3066182901576782
R2B0070,F04,derivatives.premium_zscore,CROWDING_REVERSION,4h,LONG,6,True,4613,852,-0.0008947015686425175,-0.2579393267002809
R2B0070,F05,derivatives.premium_zscore,CROWDING_REVERSION,4h,LONG,6,True,5481,1033,-0.007865447719693075,-2.2250724611495722
R2B0070,F06,derivatives.premium_zscore,CROWDING_REVERSION,4h,LONG,6,True,4936,950,-0.004444477771088679,-1.7338878555463046
R2B0070,F07,derivatives.premium_zscore,CROWDING_REVERSION,4h,LONG,6,True,5005,988,0.0003107070775689165,0.11853248649191322
R2B0070,F08,derivatives.premium_zscore,CROWDING_REVERSION,4h,LONG,6,True,5377,1051,0.002031465873378135,1.1957277121404069
R2B0071,F01,derivatives.premium_zscore,CROWDING_REVERSION,4h,SHORT,3,True,2151,648,-0.002176358113079482,-1.1169564099994747
R2B0071,F02,derivatives.premium_zscore,CROWDING_REVERSION,4h,SHORT,3,True,5553,980,-0.0030115700065542084,-1.9830036935974156
R2B0071,F03,derivatives.premium_zscore,CROWDING_REVERSION,4h,SHORT,3,True,7619,1003,-0.00505946124866673,-2.209439187598075
R2B0071,F04,derivatives.premium_zscore,CROWDING_REVERSION,4h,SHORT,3,True,6644,866,-0.004303074808228187,-2.373116609503505
R2B0071,F05,derivatives.premium_zscore,CROWDING_REVERSION,4h,SHORT,3,True,8885,1066,0.001039594577797758,0.5046642827875288
R2B0071,F06,derivatives.premium_zscore,CROWDING_REVERSION,4h,SHORT,3,True,8034,995,-0.00027994912816363914,-0.2055145820735402
R2B0071,F07,derivatives.premium_zscore,CROWDING_REVERSION,4h,SHORT,3,True,7773,1045,-0.0028632486767421698,-2.1885011698091104
R2B0071,F08,derivatives.premium_zscore,CROWDING_REVERSION,4h,SHORT,3,True,9191,1090,-0.003217535500440039,-3.5582911975779035
R2B0072,F01,derivatives.premium_zscore,CROWDING_REVERSION,4h,SHORT,6,True,1461,589,-0.002277431999607605,-0.660431815468943
R2B0072,F02,derivatives.premium_zscore,CROWDING_REVERSION,4h,SHORT,6,True,3784,923,-0.004432316283829222,-1.54622323042365
R2B0072,F03,derivatives.premium_zscore,CROWDING_REVERSION,4h,SHORT,6,True,5192,939,-0.009780342954549565,-2.4795016619194947
R2B0072,F04,derivatives.premium_zscore,CROWDING_REVERSION,4h,SHORT,6,True,4508,825,-0.005480723693958216,-1.6383139412721317
R2B0072,F05,derivatives.premium_zscore,CROWDING_REVERSION,4h,SHORT,6,True,5834,1031,0.004549197087508459,1.2554874223165111
R2B0072,F06,derivatives.premium_zscore,CROWDING_REVERSION,4h,SHORT,6,True,5328,944,0.001906821135358857,0.7381014056174916
R2B0072,F07,derivatives.premium_zscore,CROWDING_REVERSION,4h,SHORT,6,True,5192,1006,-0.0030377404528679226,-1.1738716682786503
R2B0072,F08,derivatives.premium_zscore,CROWDING_REVERSION,4h,SHORT,6,True,6041,1069,-0.004882127322781345,-2.989678857496502
