trial_id,fold_id,scope,symbols_traded,top_symbol,top_symbol_share_abs
R2B0001,F01,fold_diagnostic,24,ETCUSDT,0.06369817370902703
R2B0001,F02,fold_diagnostic,62,XTZUSDT,0.03499435579788968
R2B0001,F03,fold_diagnostic,80,SXPUSDT,0.026506036530539907
R2B0001,F04,fold_diagnostic,93,ICPUSDT,0.02849184005357608
R2B0001,F05,fold_diagnostic,98,1000SHIBUSDT,0.05767919027354488
R2B0001,F06,fold_diagnostic,85,1000SHIBUSDT,0.07528887795107062
R2B0001,F07,fold_diagnostic,97,1000SHIBUSDT,0.039000416982121866
R2B0001,F08,fold_diagnostic,99,1000PEPEUSDT,0.048004308042704634
R2B0001,ALL_VALID,aggregate_valid_gate,183,LTCUSDT,0.023441851658398787
R2B0002,F01,fold_diagnostic,24,XRPUSDT,0.08027940074297428
R2B0002,F02,fold_diagnostic,62,EOSUSDT,0.04164642787578996
R2B0002,F03,fold_diagnostic,80,DOGEUSDT,0.05117225977781487
R2B0002,F04,fold_diagnostic,93,ICPUSDT,0.041447561085857454
R2B0002,F05,fold_diagnostic,98,1000SHIBUSDT,0.046286673140030196
R2B0002,F06,fold_diagnostic,85,GALAUSDT,0.04953269237099943
R2B0002,F07,fold_diagnostic,97,1000SHIBUSDT,0.033449935052039796
R2B0002,F08,fold_diagnostic,99,1000PEPEUSDT,0.0473214359873113
R2B0002,ALL_VALID,aggregate_valid_gate,183,EOSUSDT,0.026041764333894518
R2B0003,F01,fold_diagnostic,24,VETUSDT,0.11409192538207585
R2B0003,F02,fold_diagnostic,62,KAVAUSDT,0.06760139255464574
R2B0003,F03,fold_diagnostic,80,DOGEUSDT,0.10911389118872152
R2B0003,F04,fold_diagnostic,93,LUNAUSDT,0.04582951251632728
R2B0003,F05,fold_diagnostic,98,1000SHIBUSDT,0.03736559149653927
R2B0003,F06,fold_diagnostic,85,GALAUSDT,0.05287233554793233
R2B0003,F07,fold_diagnostic,97,CTSIUSDT,0.032365342929499254
R2B0003,F08,fold_diagnostic,99,TRBUSDT,0.08065754857525466
R2B0003,ALL_VALID,aggregate_valid_gate,183,BCHUSDT,0.025370415713590656
R2B0004,F01,fold_diagnostic,24,LINKUSDT,0.0989437125621994
R2B0004,F02,fold_diagnostic,62,SUSHIUSDT,0.06322413615133003
R2B0004,F03,fold_diagnostic,80,DOGEUSDT,0.1271567014096268
R2B0004,F04,fold_diagnostic,93,SANDUSDT,0.06470894626525864
R2B0004,F05,fold_diagnostic,98,SUSHIUSDT,0.0308202991914057
R2B0004,F06,fold_diagnostic,85,SOLUSDT,0.03886337477693386
R2B0004,F07,fold_diagnostic,97,APTUSDT,0.0383665673635974
R2B0004,F08,fold_diagnostic,99,TRBUSDT,0.09913286852405637
R2B0004,ALL_VALID,aggregate_valid_gate,183,DOGEUSDT,0.044262268670796474
R2B0005,F01,fold_diagnostic,24,BTCUSDT,0.08034531806705306
R2B0005,F02,fold_diagnostic,62,LINKUSDT,0.049653761961850056
R2B0005,F03,fold_diagnostic,80,SXPUSDT,0.03938938787709069
R2B0005,F04,fold_diagnostic,93,AXSUSDT,0.033360032353843196
R2B0005,F05,fold_diagnostic,98,AXSUSDT,0.02420091712166268
R2B0005,F06,fold_diagnostic,86,MATICUSDT,0.02485149073561026
R2B0005,F07,fold_diagnostic,97,ETHUSDT,0.02370745442715004
R2B0005,F08,fold_diagnostic,99,BCHUSDT,0.025084212439049163
R2B0005,ALL_VALID,aggregate_valid_gate,184,BTCUSDT,0.024094600776919946
R2B0006,F01,fold_diagnostic,24,BTCUSDT,0.06591160290520556
R2B0006,F02,fold_diagnostic,62,THETAUSDT,0.04516963139767368
R2B0006,F03,fold_diagnostic,80,DOGEUSDT,0.041440685640329024
R2B0006,F04,fold_diagnostic,93,LUNAUSDT,0.045769983142506285
R2B0006,F05,fold_diagnostic,98,ANCUSDT,0.026810789487337266
R2B0006,F06,fold_diagnostic,86,ATOMUSDT,0.030311359072342493
R2B0006,F07,fold_diagnostic,97,MASKUSDT,0.030364364604540086
R2B0006,F08,fold_diagnostic,99,TRBUSDT,0.05171618559258262
R2B0006,ALL_VALID,aggregate_valid_gate,184,LINKUSDT,0.024791879312392788
R2B0007,F01,fold_diagnostic,24,VETUSDT,0.0709839659195025
R2B0007,F02,fold_diagnostic,62,ZILUSDT,0.054636685531214715
R2B0007,F03,fold_diagnostic,80,DOGEUSDT,0.059474819536918744
R2B0007,F04,fold_diagnostic,93,ALICEUSDT,0.050961141869279
R2B0007,F05,fold_diagnostic,98,ANCUSDT,0.0692720697937457
R2B0007,F06,fold_diagnostic,86,MATICUSDT,0.04717792130631153
R2B0007,F07,fold_diagnostic,97,BCHUSDT,0.034853309330073655
R2B0007,F08,fold_diagnostic,99,TRBUSDT,0.0778919302798788
R2B0007,ALL_VALID,aggregate_valid_gate,184,ADAUSDT,0.027140480035781258
R2B0008,F01,fold_diagnostic,24,VETUSDT,0.07034153418324256
R2B0008,F02,fold_diagnostic,62,THETAUSDT,0.06315575185912949
R2B0008,F03,fold_diagnostic,80,DOGEUSDT,0.07284583156378649
R2B0008,F04,fold_diagnostic,93,SANDUSDT,0.06082337306036857
R2B0008,F05,fold_diagnostic,98,SUSHIUSDT,0.03929325788713785
R2B0008,F06,fold_diagnostic,86,MATICUSDT,0.03978380186221127
R2B0008,F07,fold_diagnostic,97,GRTUSDT,0.03787764110981141
R2B0008,F08,fold_diagnostic,99,TRBUSDT,0.10822310499421081
R2B0008,ALL_VALID,aggregate_valid_gate,184,SOLUSDT,0.029658517052630666
R2B0009,F01,fold_diagnostic,24,EOSUSDT,0.07223896222242529
R2B0009,F02,fold_diagnostic,62,ATOMUSDT,0.044405048692755
R2B0009,F03,fold_diagnostic,80,THETAUSDT,0.04394773867145957
R2B0009,F04,fold_diagnostic,93,DOGEUSDT,0.03910687519706798
R2B0009,F05,fold_diagnostic,98,GALAUSDT,0.06767671443409744
R2B0009,F06,fold_diagnostic,84,HNTUSDT,0.0615512269155551
R2B0009,F07,fold_diagnostic,97,GALAUSDT,0.045366300227479124
R2B0009,F08,fold_diagnostic,99,1000PEPEUSDT,0.057380530147631094
R2B0009,ALL_VALID,aggregate_valid_gate,183,EOSUSDT,0.026460954926094966
R2B0010,F01,fold_diagnostic,24,XLMUSDT,0.092276961943064
R2B0010,F02,fold_diagnostic,62,KAVAUSDT,0.0706709098795048
R2B0010,F03,fold_diagnostic,80,DOGEUSDT,0.08375528213012388
R2B0010,F04,fold_diagnostic,93,LUNAUSDT,0.046811295370385676
R2B0010,F05,fold_diagnostic,98,GALAUSDT,0.0437432080563617
R2B0010,F06,fold_diagnostic,84,GALAUSDT,0.04901835917348962
R2B0010,F07,fold_diagnostic,97,GALAUSDT,0.04502780570120816
R2B0010,F08,fold_diagnostic,99,TRBUSDT,0.07993088196482695
R2B0010,ALL_VALID,aggregate_valid_gate,183,LTCUSDT,0.0261156545033401
R2B0011,F01,fold_diagnostic,24,VETUSDT,0.15359945358880678
R2B0011,F02,fold_diagnostic,62,SXPUSDT,0.06786035845221221
R2B0011,F03,fold_diagnostic,80,DOGEUSDT,0.1221649381953854
R2B0011,F04,fold_diagnostic,93,1000SHIBUSDT,0.061219695472558455
R2B0011,F05,fold_diagnostic,98,1000SHIBUSDT,0.04257275651453585
R2B0011,F06,fold_diagnostic,84,GALAUSDT,0.04609190694402664
R2B0011,F07,fold_diagnostic,97,LDOUSDT,0.036700514741553586
R2B0011,F08,fold_diagnostic,99,TRBUSDT,0.07755471550355336
R2B0011,ALL_VALID,aggregate_valid_gate,183,DOGEUSDT,0.03777542224861597
R2B0012,F01,fold_diagnostic,24,LINKUSDT,0.10494431218470927
R2B0012,F02,fold_diagnostic,62,THETAUSDT,0.06343878561699558
R2B0012,F03,fold_diagnostic,80,AVAXUSDT,0.04676557806238617
R2B0012,F04,fold_diagnostic,93,LUNAUSDT,0.048236155734942984
R2B0012,F05,fold_diagnostic,98,THETAUSDT,0.03371325895558701
R2B0012,F06,fold_diagnostic,86,DOGEUSDT,0.03297782023248704
R2B0012,F07,fold_diagnostic,97,GALAUSDT,0.030468352693545097
R2B0012,F08,fold_diagnostic,99,TRBUSDT,0.04986013336738696
R2B0012,ALL_VALID,aggregate_valid_gate,184,LINKUSDT,0.030169996188651203
R2B0013,F01,fold_diagnostic,24,ETHUSDT,0.08494447726161578
R2B0013,F02,fold_diagnostic,62,THETAUSDT,0.06932908953347824
R2B0013,F03,fold_diagnostic,80,DOGEUSDT,0.06978495327880711
R2B0013,F04,fold_diagnostic,93,LUNAUSDT,0.06467653874739958
R2B0013,F05,fold_diagnostic,98,ANCUSDT,0.06649226482820757
R2B0013,F06,fold_diagnostic,86,DOGEUSDT,0.04531159817443297
R2B0013,F07,fold_diagnostic,97,APTUSDT,0.030768727054703737
R2B0013,F08,fold_diagnostic,99,TRBUSDT,0.08662939492314314
R2B0013,ALL_VALID,aggregate_valid_gate,184,BNBUSDT,0.0272973491435136
R2B0014,F01,fold_diagnostic,24,ETHUSDT,0.07976821384030754
R2B0014,F02,fold_diagnostic,62,ZILUSDT,0.05349605559386071
R2B0014,F03,fold_diagnostic,80,DOGEUSDT,0.07172119346016198
R2B0014,F04,fold_diagnostic,93,GALAUSDT,0.06112837543050018
R2B0014,F05,fold_diagnostic,98,ANCUSDT,0.03794546607576257
R2B0014,F06,fold_diagnostic,86,MASKUSDT,0.044143280900842526
R2B0014,F07,fold_diagnostic,97,BCHUSDT,0.0380233746302627
R2B0014,F08,fold_diagnostic,99,TRBUSDT,0.11034011651138975
R2B0014,ALL_VALID,aggregate_valid_gate,184,SOLUSDT,0.031686905358623015
R2B0015,F01,fold_diagnostic,24,XRPUSDT,0.13658968427656426
R2B0015,F02,fold_diagnostic,62,RLCUSDT,0.06355713487454724
R2B0015,F03,fold_diagnostic,80,DOGEUSDT,0.0576644530989686
R2B0015,F04,fold_diagnostic,92,ICPUSDT,0.04203041772068017
R2B0015,F05,fold_diagnostic,97,GALAUSDT,0.06416009684548911
R2B0015,F06,fold_diagnostic,83,HNTUSDT,0.08786974357396178
R2B0015,F07,fold_diagnostic,97,ETCUSDT,0.041859954231575396
R2B0015,F08,fold_diagnostic,99,TRBUSDT,0.08806034896892731
R2B0015,ALL_VALID,aggregate_valid_gate,183,SOLUSDT,0.02880456154523164
R2B0016,F01,fold_diagnostic,24,VETUSDT,0.10678711356700886
R2B0016,F02,fold_diagnostic,62,KAVAUSDT,0.06187882477210935
R2B0016,F03,fold_diagnostic,80,DOGEUSDT,0.15883729628259818
R2B0016,F04,fold_diagnostic,92,1000SHIBUSDT,0.06157472396127596
R2B0016,F05,fold_diagnostic,97,GALAUSDT,0.0587746683720895
R2B0016,F06,fold_diagnostic,83,FILUSDT,0.058706700175877174
R2B0016,F07,fold_diagnostic,97,CRVUSDT,0.03870953097273522
R2B0016,F08,fold_diagnostic,99,TRBUSDT,0.05978787448814222
R2B0016,ALL_VALID,aggregate_valid_gate,183,DOGEUSDT,0.05606771057664892
R2B0017,F01,fold_diagnostic,24,XLMUSDT,0.0964899600333293
R2B0017,F02,fold_diagnostic,62,THETAUSDT,0.06685137287748799
R2B0017,F03,fold_diagnostic,76,RSRUSDT,0.06459604639685981
R2B0017,F04,fold_diagnostic,92,LUNAUSDT,0.053108790982210226
R2B0017,F05,fold_diagnostic,98,ANCUSDT,0.06053536173840729
R2B0017,F06,fold_diagnostic,86,MATICUSDT,0.039640495516122524
R2B0017,F07,fold_diagnostic,97,BCHUSDT,0.03707897032260691
R2B0017,F08,fold_diagnostic,98,TRBUSDT,0.09562379010262245
R2B0017,ALL_VALID,aggregate_valid_gate,183,BCHUSDT,0.025619395771703652
R2B0018,F01,fold_diagnostic,24,ETHUSDT,0.08213853247447354
R2B0018,F02,fold_diagnostic,62,WAVESUSDT,0.058718840915355563
R2B0018,F03,fold_diagnostic,75,DOGEUSDT,0.11922120223780812
R2B0018,F04,fold_diagnostic,92,LUNAUSDT,0.05538000456724687
R2B0018,F05,fold_diagnostic,98,AXSUSDT,0.03816540059440971
R2B0018,F06,fold_diagnostic,86,WAVESUSDT,0.03330518440301983
R2B0018,F07,fold_diagnostic,97,GMTUSDT,0.039838738314991504
R2B0018,F08,fold_diagnostic,98,TRBUSDT,0.08272464442084827
R2B0018,ALL_VALID,aggregate_valid_gate,183,DOGEUSDT,0.040506673202866314
R2B0019,F01,fold_diagnostic,24,BTCUSDT,0.11350967742114282
R2B0019,F02,fold_diagnostic,62,BTCUSDT,0.05978234031470829
R2B0019,F03,fold_diagnostic,80,SXPUSDT,0.06577475474299437
R2B0019,F04,fold_diagnostic,93,ETCUSDT,0.032241259696338516
R2B0019,F05,fold_diagnostic,98,DYDXUSDT,0.022669328941773235
R2B0019,F06,fold_diagnostic,86,GMTUSDT,0.024391925974829674
R2B0019,F07,fold_diagnostic,97,APEUSDT,0.027714193581430444
R2B0019,F08,fold_diagnostic,99,BCHUSDT,0.027032011664528913
R2B0019,ALL_VALID,aggregate_valid_gate,184,BTCUSDT,0.026416974400323704
R2B0020,F01,fold_diagnostic,24,TRXUSDT,0.16064979639002058
R2B0020,F02,fold_diagnostic,62,SUSHIUSDT,0.08293682191860352
R2B0020,F03,fold_diagnostic,80,SXPUSDT,0.04733998120476152
R2B0020,F04,fold_diagnostic,93,LUNAUSDT,0.047315393968849415
R2B0020,F05,fold_diagnostic,98,AVAXUSDT,0.02418766037595192
R2B0020,F06,fold_diagnostic,86,GMTUSDT,0.027256608635332753
R2B0020,F07,fold_diagnostic,97,APEUSDT,0.03291149910186319
R2B0020,F08,fold_diagnostic,99,TRBUSDT,0.04169293795739771
R2B0020,ALL_VALID,aggregate_valid_gate,184,BTCUSDT,0.024476927583404234
R2B0021,F01,fold_diagnostic,24,VETUSDT,0.11874418399926563
R2B0021,F02,fold_diagnostic,62,ZILUSDT,0.07229199585038097
R2B0021,F03,fold_diagnostic,80,DOGEUSDT,0.06311661661972112
R2B0021,F04,fold_diagnostic,93,ALICEUSDT,0.05018828662110804
R2B0021,F05,fold_diagnostic,98,ANCUSDT,0.029890527685973764
R2B0021,F06,fold_diagnostic,86,WAVESUSDT,0.03972571046960807
R2B0021,F07,fold_diagnostic,97,DOGEUSDT,0.03440005838139419
R2B0021,F08,fold_diagnostic,99,TRBUSDT,0.09876266569996485
R2B0021,ALL_VALID,aggregate_valid_gate,184,EOSUSDT,0.032640970603841676
R2B0022,F01,fold_diagnostic,24,VETUSDT,0.09541201319752408
R2B0022,F02,fold_diagnostic,62,THETAUSDT,0.0722115015606253
R2B0022,F03,fold_diagnostic,80,DOGEUSDT,0.07739784092428065
R2B0022,F04,fold_diagnostic,93,SANDUSDT,0.06314123386707203
R2B0022,F05,fold_diagnostic,98,SUSHIUSDT,0.029385197545056006
R2B0022,F06,fold_diagnostic,86,GMTUSDT,0.03635817174525515
R2B0022,F07,fold_diagnostic,97,GRTUSDT,0.048360958436967916
R2B0022,F08,fold_diagnostic,99,TRBUSDT,0.1361784149951342
R2B0022,ALL_VALID,aggregate_valid_gate,184,TRBUSDT,0.033710116252861494
R2B0023,F01,fold_diagnostic,24,EOSUSDT,0.05356326653502689
R2B0023,F02,fold_diagnostic,62,LTCUSDT,0.03933204618059117
R2B0023,F03,fold_diagnostic,80,DOGEUSDT,0.03176619763762517
R2B0023,F04,fold_diagnostic,93,SOLUSDT,0.033128704666327925
R2B0023,F05,fold_diagnostic,98,1000SHIBUSDT,0.05092082866378961
R2B0023,F06,fold_diagnostic,85,FILUSDT,0.08314765490468112
R2B0023,F07,fold_diagnostic,97,1000SHIBUSDT,0.04301226546104716
R2B0023,F08,fold_diagnostic,99,GALAUSDT,0.0302192858391358
R2B0023,ALL_VALID,aggregate_valid_gate,183,ETHUSDT,0.02655596960526092
R2B0024,F01,fold_diagnostic,24,NEOUSDT,0.061110295106021395
R2B0024,F02,fold_diagnostic,62,ETHUSDT,0.04705035674585099
R2B0024,F03,fold_diagnostic,80,DOGEUSDT,0.05193247191796448
R2B0024,F04,fold_diagnostic,93,ALICEUSDT,0.043155980782198684
R2B0024,F05,fold_diagnostic,98,CELRUSDT,0.038549905709994906
R2B0024,F06,fold_diagnostic,85,MASKUSDT,0.07225182738018746
R2B0024,F07,fold_diagnostic,97,OPUSDT,0.03647459180487944
R2B0024,F08,fold_diagnostic,99,TRBUSDT,0.03612220880393514
R2B0024,ALL_VALID,aggregate_valid_gate,183,ETHUSDT,0.026756290560338965
R2B0025,F01,fold_diagnostic,24,VETUSDT,0.11896369287753078
R2B0025,F02,fold_diagnostic,62,LTCUSDT,0.04741829240053284
R2B0025,F03,fold_diagnostic,80,DOGEUSDT,0.0772868521244897
R2B0025,F04,fold_diagnostic,93,LUNAUSDT,0.056709605174800795
R2B0025,F05,fold_diagnostic,98,ANCUSDT,0.055468851716550464
R2B0025,F06,fold_diagnostic,85,DOGEUSDT,0.053111636448004006
R2B0025,F07,fold_diagnostic,97,APTUSDT,0.046712502928780784
R2B0025,F08,fold_diagnostic,99,TRBUSDT,0.062073506906337526
R2B0025,ALL_VALID,aggregate_valid_gate,183,DOGEUSDT,0.03561120675794228
R2B0026,F01,fold_diagnostic,24,LINKUSDT,0.10677448408504926
R2B0026,F02,fold_diagnostic,62,SUSHIUSDT,0.050622133105643376
R2B0026,F03,fold_diagnostic,80,DOGEUSDT,0.10367111157797114
R2B0026,F04,fold_diagnostic,93,SANDUSDT,0.06303522072643136
R2B0026,F05,fold_diagnostic,98,SUSHIUSDT,0.03657836486872701
R2B0026,F06,fold_diagnostic,85,DOGEUSDT,0.04429449604496234
R2B0026,F07,fold_diagnostic,97,APTUSDT,0.05272514771751813
R2B0026,F08,fold_diagnostic,99,TRBUSDT,0.07192010215641477
R2B0026,ALL_VALID,aggregate_valid_gate,183,DOGEUSDT,0.045253664495837655
R2B0027,F01,fold_diagnostic,24,ETCUSDT,0.15735887025494427
R2B0027,F02,fold_diagnostic,62,ZILUSDT,0.05728093692071558
R2B0027,F03,fold_diagnostic,80,AVAXUSDT,0.04852569274152695
R2B0027,F04,fold_diagnostic,93,GALAUSDT,0.04092783518745133
R2B0027,F05,fold_diagnostic,98,ADAUSDT,0.02639416515253856
R2B0027,F06,fold_diagnostic,86,AXSUSDT,0.02747622305442217
R2B0027,F07,fold_diagnostic,97,APEUSDT,0.038952952226790113
R2B0027,F08,fold_diagnostic,99,TRBUSDT,0.03540521222760388
R2B0027,ALL_VALID,aggregate_valid_gate,184,BTCUSDT,0.028362974803261463
R2B0028,F01,fold_diagnostic,24,LINKUSDT,0.10830530200908248
R2B0028,F02,fold_diagnostic,62,THETAUSDT,0.08715147092344643
R2B0028,F03,fold_diagnostic,80,DOGEUSDT,0.07470210204960293
R2B0028,F04,fold_diagnostic,93,LUNAUSDT,0.08406905551043203
R2B0028,F05,fold_diagnostic,98,MATICUSDT,0.030187600857207477
R2B0028,F06,fold_diagnostic,86,GMTUSDT,0.046343911562052045
R2B0028,F07,fold_diagnostic,97,IDUSDT,0.03837500980453082
R2B0028,F08,fold_diagnostic,99,TRBUSDT,0.1199320985258917
R2B0028,ALL_VALID,aggregate_valid_gate,184,DYDXUSDT,0.027334162843766944
R2B0029,F01,fold_diagnostic,24,ETHUSDT,0.094600428735086
R2B0029,F02,fold_diagnostic,62,SUSHIUSDT,0.06170131480808154
R2B0029,F03,fold_diagnostic,80,DOGEUSDT,0.07511457479075609
R2B0029,F04,fold_diagnostic,93,GALAUSDT,0.07880833010536718
R2B0029,F05,fold_diagnostic,98,SUSHIUSDT,0.027813297578479303
R2B0029,F06,fold_diagnostic,86,GMTUSDT,0.042268874079329014
R2B0029,F07,fold_diagnostic,97,BCHUSDT,0.042245941066444706
R2B0029,F08,fold_diagnostic,99,TRBUSDT,0.1515107256989628
R2B0029,ALL_VALID,aggregate_valid_gate,184,TRBUSDT,0.03085028117247728
R2B0030,F01,fold_diagnostic,24,IOSTUSDT,0.06640222341437053
R2B0030,F02,fold_diagnostic,62,BCHUSDT,0.05052861422111242
R2B0030,F03,fold_diagnostic,80,DOGEUSDT,0.04290303571319817
R2B0030,F04,fold_diagnostic,93,SOLUSDT,0.041263202236614435
R2B0030,F05,fold_diagnostic,98,CELRUSDT,0.05160657737162198
R2B0030,F06,fold_diagnostic,84,FILUSDT,0.06902798884219703
R2B0030,F07,fold_diagnostic,97,APTUSDT,0.04101017959623463
R2B0030,F08,fold_diagnostic,99,TRBUSDT,0.04228620769322311
R2B0030,ALL_VALID,aggregate_valid_gate,183,SOLUSDT,0.030473102143238003
R2B0031,F01,fold_diagnostic,24,VETUSDT,0.11002767904673501
R2B0031,F02,fold_diagnostic,62,ETHUSDT,0.04975724508036482
R2B0031,F03,fold_diagnostic,80,DOGEUSDT,0.06793892065610653
R2B0031,F04,fold_diagnostic,93,LUNAUSDT,0.06305172481804291
R2B0031,F05,fold_diagnostic,98,ANCUSDT,0.05334584144680238
R2B0031,F06,fold_diagnostic,84,LITUSDT,0.06741536685469705
R2B0031,F07,fold_diagnostic,97,OPUSDT,0.042604633559855276
R2B0031,F08,fold_diagnostic,99,TRBUSDT,0.06202006247396328
R2B0031,ALL_VALID,aggregate_valid_gate,183,SOLUSDT,0.03667939444297523
R2B0032,F01,fold_diagnostic,24,VETUSDT,0.13410867656845615
R2B0032,F02,fold_diagnostic,62,LTCUSDT,0.04564563837524299
R2B0032,F03,fold_diagnostic,80,DOGEUSDT,0.09742246569767957
R2B0032,F04,fold_diagnostic,93,1000SHIBUSDT,0.06554119683614651
R2B0032,F05,fold_diagnostic,98,1000SHIBUSDT,0.035382599234912576
R2B0032,F06,fold_diagnostic,84,ETHUSDT,0.04542513355092223
R2B0032,F07,fold_diagnostic,97,GRTUSDT,0.03587463293762501
R2B0032,F08,fold_diagnostic,99,TRBUSDT,0.06558115650219296
R2B0032,ALL_VALID,aggregate_valid_gate,183,DOGEUSDT,0.04333582993620206
R2B0033,F01,fold_diagnostic,24,XLMUSDT,0.12271178738080896
R2B0033,F02,fold_diagnostic,62,THETAUSDT,0.06589568996943605
R2B0033,F03,fold_diagnostic,76,RSRUSDT,0.06989746480908965
R2B0033,F04,fold_diagnostic,92,LUNAUSDT,0.04650376222068618
R2B0033,F05,fold_diagnostic,98,CRVUSDT,0.04114793833953114
R2B0033,F06,fold_diagnostic,86,FILUSDT,0.047165391108206084
R2B0033,F07,fold_diagnostic,97,BELUSDT,0.0363207219463664
R2B0033,F08,fold_diagnostic,98,TRBUSDT,0.10938672017694143
R2B0033,ALL_VALID,aggregate_valid_gate,183,EOSUSDT,0.02612044951256485
R2B0034,F01,fold_diagnostic,24,ETHUSDT,0.09037560118774135
R2B0034,F02,fold_diagnostic,62,WAVESUSDT,0.06898413167697878
R2B0034,F03,fold_diagnostic,75,DOGEUSDT,0.12186911193614688
R2B0034,F04,fold_diagnostic,92,LUNAUSDT,0.059100888339525474
R2B0034,F05,fold_diagnostic,98,AXSUSDT,0.03692199082121144
R2B0034,F06,fold_diagnostic,86,WAVESUSDT,0.048338841109986784
R2B0034,F07,fold_diagnostic,97,GMTUSDT,0.04320233939062882
R2B0034,F08,fold_diagnostic,98,TRBUSDT,0.09885613224519121
R2B0034,ALL_VALID,aggregate_valid_gate,183,DOGEUSDT,0.0431423741058954
R2B0035,F01,fold_diagnostic,24,BATUSDT,0.11233752473034497
R2B0035,F02,fold_diagnostic,62,RLCUSDT,0.051711787639209986
R2B0035,F03,fold_diagnostic,80,DOGEUSDT,0.056274146908571486
R2B0035,F04,fold_diagnostic,92,1000SHIBUSDT,0.05815823703117449
R2B0035,F05,fold_diagnostic,97,GALAUSDT,0.05667413362636869
R2B0035,F06,fold_diagnostic,83,HNTUSDT,0.07518556685757324
R2B0035,F07,fold_diagnostic,97,OPUSDT,0.0402250133122599
R2B0035,F08,fold_diagnostic,99,TRBUSDT,0.08658589801930902
R2B0035,ALL_VALID,aggregate_valid_gate,183,SOLUSDT,0.04107419196239169
R2B0036,F01,fold_diagnostic,24,VETUSDT,0.12046252694939738
R2B0036,F02,fold_diagnostic,62,XRPUSDT,0.05767661002743821
R2B0036,F03,fold_diagnostic,80,DOGEUSDT,0.12926692809352194
R2B0036,F04,fold_diagnostic,92,1000SHIBUSDT,0.07428134085164446
R2B0036,F05,fold_diagnostic,97,ANCUSDT,0.05776175034478738
R2B0036,F06,fold_diagnostic,83,HNTUSDT,0.049934891680547364
R2B0036,F07,fold_diagnostic,97,CRVUSDT,0.034071991278118954
R2B0036,F08,fold_diagnostic,99,TRBUSDT,0.056045832766862404
R2B0036,ALL_VALID,aggregate_valid_gate,183,DOGEUSDT,0.053129977074334166
R2B0037,F01,fold_diagnostic,24,BTCUSDT,0.0629722414451522
R2B0037,F02,fold_diagnostic,62,ETCUSDT,0.03401878643554874
R2B0037,F03,fold_diagnostic,80,AAVEUSDT,0.025727214385593562
R2B0037,F04,fold_diagnostic,93,DOGEUSDT,0.02261054676403849
R2B0037,F05,fold_diagnostic,98,LINKUSDT,0.022793824122393048
R2B0037,F06,fold_diagnostic,85,GALAUSDT,0.022462302165299305
R2B0037,F07,fold_diagnostic,97,FILUSDT,0.022291818240740866
R2B0037,F08,fold_diagnostic,99,APEUSDT,0.02387166770581187
R2B0037,ALL_VALID,aggregate_valid_gate,183,LINKUSDT,0.022313468044996353
R2B0038,F01,fold_diagnostic,24,BCHUSDT,0.07806098991644315
R2B0038,F02,fold_diagnostic,62,KAVAUSDT,0.03957893925717504
R2B0038,F03,fold_diagnostic,80,ATOMUSDT,0.04028196698105782
R2B0038,F04,fold_diagnostic,93,FILUSDT,0.03193764306440914
R2B0038,F05,fold_diagnostic,98,ALICEUSDT,0.023800165171400437
R2B0038,F06,fold_diagnostic,85,GMTUSDT,0.0304387257299165
R2B0038,F07,fold_diagnostic,97,ATOMUSDT,0.02612557497366495
R2B0038,F08,fold_diagnostic,99,TRBUSDT,0.03702258912390955
R2B0038,ALL_VALID,aggregate_valid_gate,183,BCHUSDT,0.02445274297763554
R2B0039,F01,fold_diagnostic,24,ETHUSDT,0.10077773068464767
R2B0039,F02,fold_diagnostic,62,THETAUSDT,0.07141533813502447
R2B0039,F03,fold_diagnostic,80,DOGEUSDT,0.13924451590675874
R2B0039,F04,fold_diagnostic,93,LUNAUSDT,0.053251979314993196
R2B0039,F05,fold_diagnostic,98,SUSHIUSDT,0.025898629782663496
R2B0039,F06,fold_diagnostic,85,SANDUSDT,0.0339964756080694
R2B0039,F07,fold_diagnostic,97,IDUSDT,0.02931699833007734
R2B0039,F08,fold_diagnostic,99,TRBUSDT,0.11461408741133922
R2B0039,ALL_VALID,aggregate_valid_gate,183,EOSUSDT,0.023018013906731347
R2B0040,F01,fold_diagnostic,24,VETUSDT,0.15447656076645652
R2B0040,F02,fold_diagnostic,62,THETAUSDT,0.06751015936256763
R2B0040,F03,fold_diagnostic,80,DOGEUSDT,0.13051620134822997
R2B0040,F04,fold_diagnostic,93,LUNAUSDT,0.07717661047746499
R2B0040,F05,fold_diagnostic,98,SUSHIUSDT,0.027182916316230078
R2B0040,F06,fold_diagnostic,85,GMTUSDT,0.04084439750015241
R2B0040,F07,fold_diagnostic,97,INJUSDT,0.03918901097652423
R2B0040,F08,fold_diagnostic,99,TRBUSDT,0.123568024086425
R2B0040,ALL_VALID,aggregate_valid_gate,183,DOGEUSDT,0.043914080372708
R2B0041,F01,fold_diagnostic,24,BTCUSDT,0.05431849818840606
R2B0041,F02,fold_diagnostic,62,ADAUSDT,0.03037542069202722
R2B0041,F03,fold_diagnostic,80,SXPUSDT,0.02948219364476211
R2B0041,F04,fold_diagnostic,93,SOLUSDT,0.02592864950578107
R2B0041,F05,fold_diagnostic,98,LINKUSDT,0.02470538904916447
R2B0041,F06,fold_diagnostic,85,BNBUSDT,0.023826297645808472
R2B0041,F07,fold_diagnostic,97,OPUSDT,0.02544630550781723
R2B0041,F08,fold_diagnostic,99,AVAXUSDT,0.023360967626502225
R2B0041,ALL_VALID,aggregate_valid_gate,183,LINKUSDT,0.02290278173267722
R2B0042,F01,fold_diagnostic,24,IOSTUSDT,0.06183632888999321
R2B0042,F02,fold_diagnostic,62,THETAUSDT,0.047856146802098924
R2B0042,F03,fold_diagnostic,80,DOGEUSDT,0.03892607669117052
R2B0042,F04,fold_diagnostic,93,LUNAUSDT,0.031211682322596534
R2B0042,F05,fold_diagnostic,98,DOTUSDT,0.029043862673537466
R2B0042,F06,fold_diagnostic,85,ETCUSDT,0.029057224021632726
R2B0042,F07,fold_diagnostic,97,BCHUSDT,0.028054979711485566
R2B0042,F08,fold_diagnostic,99,TRBUSDT,0.046305747065571716
R2B0042,ALL_VALID,aggregate_valid_gate,183,LINKUSDT,0.024047315545578898
R2B0043,F01,fold_diagnostic,24,ADAUSDT,0.08427836988103975
R2B0043,F02,fold_diagnostic,62,THETAUSDT,0.06322087052624745
R2B0043,F03,fold_diagnostic,80,DOGEUSDT,0.06544930130890823
R2B0043,F04,fold_diagnostic,93,LUNAUSDT,0.05054267423918362
R2B0043,F05,fold_diagnostic,98,ANCUSDT,0.05425975389460222
R2B0043,F06,fold_diagnostic,85,MATICUSDT,0.046534735354346414
R2B0043,F07,fold_diagnostic,97,INJUSDT,0.03674282216370555
R2B0043,F08,fold_diagnostic,99,TRBUSDT,0.08112706529825034
R2B0043,ALL_VALID,aggregate_valid_gate,183,SOLUSDT,0.031433347816172116
R2B0044,F01,fold_diagnostic,24,VETUSDT,0.09437354972970426
R2B0044,F02,fold_diagnostic,62,THETAUSDT,0.06677183834521778
R2B0044,F03,fold_diagnostic,80,DOGEUSDT,0.08730613272961785
R2B0044,F04,fold_diagnostic,93,LUNAUSDT,0.06018579741233563
R2B0044,F05,fold_diagnostic,98,ANCUSDT,0.03981289119415249
R2B0044,F06,fold_diagnostic,85,MATICUSDT,0.04700552037454257
R2B0044,F07,fold_diagnostic,97,APTUSDT,0.03573494055383085
R2B0044,F08,fold_diagnostic,99,TRBUSDT,0.0984040856616352
R2B0044,ALL_VALID,aggregate_valid_gate,183,DOGEUSDT,0.03533577234322073
R2B0045,F01,fold_diagnostic,24,BCHUSDT,0.08307569790417837
R2B0045,F02,fold_diagnostic,62,SXPUSDT,0.04631426406925497
R2B0045,F03,fold_diagnostic,80,ATOMUSDT,0.04342620375468504
R2B0045,F04,fold_diagnostic,93,CELRUSDT,0.04131872975118424
R2B0045,F05,fold_diagnostic,98,DYDXUSDT,0.033092958953467234
R2B0045,F06,fold_diagnostic,85,GALAUSDT,0.03203411224901598
R2B0045,F07,fold_diagnostic,97,EOSUSDT,0.029835315903356915
R2B0045,F08,fold_diagnostic,99,TRBUSDT,0.04393122902074511
R2B0045,ALL_VALID,aggregate_valid_gate,183,EOSUSDT,0.02661346827377574
R2B0046,F01,fold_diagnostic,24,LTCUSDT,0.12119525550228202
R2B0046,F02,fold_diagnostic,62,SXPUSDT,0.07587815793777143
R2B0046,F03,fold_diagnostic,80,DOGEUSDT,0.17570182087585517
R2B0046,F04,fold_diagnostic,93,SANDUSDT,0.052194223652809534
R2B0046,F05,fold_diagnostic,98,LRCUSDT,0.02699310108789679
R2B0046,F06,fold_diagnostic,85,GMTUSDT,0.0384571781182845
R2B0046,F07,fold_diagnostic,97,MASKUSDT,0.02768433724923755
R2B0046,F08,fold_diagnostic,99,TRBUSDT,0.11358017706084965
R2B0046,ALL_VALID,aggregate_valid_gate,183,EOSUSDT,0.02777631845966311
R2B0047,F01,fold_diagnostic,24,IOSTUSDT,0.11573738464533705
R2B0047,F02,fold_diagnostic,62,SXPUSDT,0.07398705871149065
R2B0047,F03,fold_diagnostic,80,DOGEUSDT,0.1355192809120197
R2B0047,F04,fold_diagnostic,93,SANDUSDT,0.06714247635970591
R2B0047,F05,fold_diagnostic,98,SUSHIUSDT,0.03206459636854852
R2B0047,F06,fold_diagnostic,85,WAVESUSDT,0.04591845421423222
R2B0047,F07,fold_diagnostic,97,INJUSDT,0.03920403336182169
R2B0047,F08,fold_diagnostic,99,TRBUSDT,0.1385709164903318
R2B0047,ALL_VALID,aggregate_valid_gate,183,TRBUSDT,0.03732614940704963
R2B0048,F01,fold_diagnostic,24,VETUSDT,0.07273595353877177
R2B0048,F02,fold_diagnostic,62,LINKUSDT,0.04558297298548342
R2B0048,F03,fold_diagnostic,80,DOGEUSDT,0.054078656423981415
R2B0048,F04,fold_diagnostic,93,LUNAUSDT,0.046496131994276095
R2B0048,F05,fold_diagnostic,98,ANCUSDT,0.043883596197556614
R2B0048,F06,fold_diagnostic,85,EOSUSDT,0.04192602989276014
R2B0048,F07,fold_diagnostic,97,DYDXUSDT,0.032715336940472385
R2B0048,F08,fold_diagnostic,99,TRBUSDT,0.04353819477003773
R2B0048,ALL_VALID,aggregate_valid_gate,183,DOGEUSDT,0.02628313165248974
R2B0049,F01,fold_diagnostic,24,ADAUSDT,0.09745185985782709
R2B0049,F02,fold_diagnostic,62,THETAUSDT,0.04501351136809732
R2B0049,F03,fold_diagnostic,80,DOGEUSDT,0.04808967105452184
R2B0049,F04,fold_diagnostic,93,SANDUSDT,0.055902351509275784
R2B0049,F05,fold_diagnostic,98,SUSHIUSDT,0.040890175604432116
R2B0049,F06,fold_diagnostic,85,ATOMUSDT,0.0449918872260414
R2B0049,F07,fold_diagnostic,97,APTUSDT,0.04197341973055885
R2B0049,F08,fold_diagnostic,99,TRBUSDT,0.07882677668515105
R2B0049,ALL_VALID,aggregate_valid_gate,183,SOLUSDT,0.03058375498003961
R2B0050,F01,fold_diagnostic,24,VETUSDT,0.11448095582223466
R2B0050,F02,fold_diagnostic,62,XLMUSDT,0.04936665777413075
R2B0050,F03,fold_diagnostic,80,DOGEUSDT,0.07572070333426179
R2B0050,F04,fold_diagnostic,93,SANDUSDT,0.05554317602863349
R2B0050,F05,fold_diagnostic,98,ANCUSDT,0.045663962144937266
R2B0050,F06,fold_diagnostic,85,UNFIUSDT,0.04730546281267553
R2B0050,F07,fold_diagnostic,97,INJUSDT,0.04221316904986542
R2B0050,F08,fold_diagnostic,99,TRBUSDT,0.09292235294824829
R2B0050,ALL_VALID,aggregate_valid_gate,183,SOLUSDT,0.03523538795326714
R2B0051,F01,fold_diagnostic,24,XRPUSDT,0.16520535860593097
R2B0051,F02,fold_diagnostic,62,KAVAUSDT,0.0657920582453187
R2B0051,F03,fold_diagnostic,80,DOGEUSDT,0.07028471656848835
R2B0051,F04,fold_diagnostic,93,1000SHIBUSDT,0.05670809191686599
R2B0051,F05,fold_diagnostic,98,DOGEUSDT,0.02927020724772588
R2B0051,F06,fold_diagnostic,85,GALAUSDT,0.036279500370395804
R2B0051,F07,fold_diagnostic,97,IDUSDT,0.033590667863277086
R2B0051,F08,fold_diagnostic,99,TRBUSDT,0.08036158613372041
R2B0051,ALL_VALID,aggregate_valid_gate,183,EOSUSDT,0.03677458827465885
R2B0052,F01,fold_diagnostic,24,IOTAUSDT,0.11606429661334026
R2B0052,F02,fold_diagnostic,62,THETAUSDT,0.07451352718703128
R2B0052,F03,fold_diagnostic,80,DOGEUSDT,0.08112851457124604
R2B0052,F04,fold_diagnostic,93,1000SHIBUSDT,0.08767810629328146
R2B0052,F05,fold_diagnostic,98,ANCUSDT,0.03488866733074421
R2B0052,F06,fold_diagnostic,85,GMTUSDT,0.0450789706313157
R2B0052,F07,fold_diagnostic,97,INJUSDT,0.04339241611596158
R2B0052,F08,fold_diagnostic,99,TRBUSDT,0.12918686996823564
R2B0052,ALL_VALID,aggregate_valid_gate,183,TRBUSDT,0.02151826544447045
R2B0053,F01,fold_diagnostic,24,VETUSDT,0.09141803500320746
R2B0053,F02,fold_diagnostic,62,RUNEUSDT,0.041446081772199335
R2B0053,F03,fold_diagnostic,80,CRVUSDT,0.044958143784247354
R2B0053,F04,fold_diagnostic,93,SANDUSDT,0.05567435218328747
R2B0053,F05,fold_diagnostic,98,NEARUSDT,0.041042877288596714
R2B0053,F06,fold_diagnostic,85,ATOMUSDT,0.04084148280623485
R2B0053,F07,fold_diagnostic,97,GALAUSDT,0.03550236452435534
R2B0053,F08,fold_diagnostic,99,TRBUSDT,0.06018218308392626
R2B0053,ALL_VALID,aggregate_valid_gate,183,ATOMUSDT,0.028840279156801155
R2B0054,F01,fold_diagnostic,24,IOSTUSDT,0.0899699963963007
R2B0054,F02,fold_diagnostic,62,THETAUSDT,0.06733860520014186
R2B0054,F03,fold_diagnostic,80,MATICUSDT,0.05738397313723202
R2B0054,F04,fold_diagnostic,93,SANDUSDT,0.07474190247185762
R2B0054,F05,fold_diagnostic,98,DYDXUSDT,0.038604960663080175
R2B0054,F06,fold_diagnostic,85,CRVUSDT,0.0464457503893776
R2B0054,F07,fold_diagnostic,97,LINAUSDT,0.03810892491749505
R2B0054,F08,fold_diagnostic,99,TRBUSDT,0.08535195879423889
R2B0054,ALL_VALID,aggregate_valid_gate,183,MATICUSDT,0.03173187181014137
R2B0055,F01,fold_diagnostic,24,BCHUSDT,0.05942687926661255
R2B0055,F02,fold_diagnostic,62,ZECUSDT,0.03296759143813218
R2B0055,F03,fold_diagnostic,80,1INCHUSDT,0.03002922406969833
R2B0055,F04,fold_diagnostic,93,EOSUSDT,0.02741667687922317
R2B0055,F05,fold_diagnostic,98,1000SHIBUSDT,0.025351152415653437
R2B0055,F06,fold_diagnostic,85,WAVESUSDT,0.024060725695692415
R2B0055,F07,fold_diagnostic,97,DOGEUSDT,0.023423390910514034
R2B0055,F08,fold_diagnostic,99,1000PEPEUSDT,0.025525471239666538
R2B0055,ALL_VALID,aggregate_valid_gate,183,ETCUSDT,0.023374455754416826
R2B0056,F01,fold_diagnostic,24,LTCUSDT,0.08825670655262334
R2B0056,F02,fold_diagnostic,62,SXPUSDT,0.04948459304362293
R2B0056,F03,fold_diagnostic,80,DOGEUSDT,0.06467486265155138
R2B0056,F04,fold_diagnostic,93,XRPUSDT,0.03350501102831393
R2B0056,F05,fold_diagnostic,98,AVAXUSDT,0.027171257294811294
R2B0056,F06,fold_diagnostic,85,NEARUSDT,0.032040235479046275
R2B0056,F07,fold_diagnostic,97,MATICUSDT,0.027695483007944985
R2B0056,F08,fold_diagnostic,99,TRBUSDT,0.04736569733835119
R2B0056,ALL_VALID,aggregate_valid_gate,183,LTCUSDT,0.024396496619705926
R2B0057,F01,fold_diagnostic,24,EOSUSDT,0.10755430423409652
R2B0057,F02,fold_diagnostic,62,THETAUSDT,0.07455073869823534
R2B0057,F03,fold_diagnostic,80,DOGEUSDT,0.0995957243775178
R2B0057,F04,fold_diagnostic,93,LUNAUSDT,0.05166414184323275
R2B0057,F05,fold_diagnostic,98,SUSHIUSDT,0.026518910398935835
R2B0057,F06,fold_diagnostic,85,WAVESUSDT,0.039517713384489214
R2B0057,F07,fold_diagnostic,97,INJUSDT,0.035791062354185714
R2B0057,F08,fold_diagnostic,99,TRBUSDT,0.12152877741784827
R2B0057,ALL_VALID,aggregate_valid_gate,183,EOSUSDT,0.02927067375085838
R2B0058,F01,fold_diagnostic,24,VETUSDT,0.11067872930734647
R2B0058,F02,fold_diagnostic,62,THETAUSDT,0.07683640613670428
R2B0058,F03,fold_diagnostic,80,DOGEUSDT,0.11052931673334523
R2B0058,F04,fold_diagnostic,93,LUNAUSDT,0.06418271103397535
R2B0058,F05,fold_diagnostic,98,ANCUSDT,0.025442567685353492
R2B0058,F06,fold_diagnostic,85,WAVESUSDT,0.04329417141762448
R2B0058,F07,fold_diagnostic,97,INJUSDT,0.03829249782338893
R2B0058,F08,fold_diagnostic,99,TRBUSDT,0.14259391116288234
R2B0058,ALL_VALID,aggregate_valid_gate,183,DOGEUSDT,0.036830028347879795
R2B0059,F01,fold_diagnostic,24,LINKUSDT,0.056366773992942605
R2B0059,F02,fold_diagnostic,62,THETAUSDT,0.0349773740965522
R2B0059,F03,fold_diagnostic,80,DOGEUSDT,0.02928645140900492
R2B0059,F04,fold_diagnostic,93,LUNAUSDT,0.028418289521126138
R2B0059,F05,fold_diagnostic,98,EOSUSDT,0.02545427497597209
R2B0059,F06,fold_diagnostic,85,EOSUSDT,0.024277500701393125
R2B0059,F07,fold_diagnostic,97,FTMUSDT,0.022931092718370075
R2B0059,F08,fold_diagnostic,99,SOLUSDT,0.022919431285161523
R2B0059,ALL_VALID,aggregate_valid_gate,183,ETCUSDT,0.0226616452513955
R2B0060,F01,fold_diagnostic,24,LINKUSDT,0.06079679017310231
R2B0060,F02,fold_diagnostic,62,THETAUSDT,0.04426715699690587
R2B0060,F03,fold_diagnostic,80,DOGEUSDT,0.04180314014772834
R2B0060,F04,fold_diagnostic,93,LUNAUSDT,0.03906967392417716
R2B0060,F05,fold_diagnostic,98,ANCUSDT,0.03676449266799775
R2B0060,F06,fold_diagnostic,85,MATICUSDT,0.0309582127475743
R2B0060,F07,fold_diagnostic,97,DYDXUSDT,0.030194000704414074
R2B0060,F08,fold_diagnostic,99,TRBUSDT,0.05138469820813318
R2B0060,ALL_VALID,aggregate_valid_gate,183,BNBUSDT,0.024585859378053715
R2B0061,F01,fold_diagnostic,24,VETUSDT,0.0779032194210495
R2B0061,F02,fold_diagnostic,62,THETAUSDT,0.07160997110634025
R2B0061,F03,fold_diagnostic,80,DOGEUSDT,0.08975204239400075
R2B0061,F04,fold_diagnostic,93,LUNAUSDT,0.0510125279936224
R2B0061,F05,fold_diagnostic,98,ANCUSDT,0.05536164901552766
R2B0061,F06,fold_diagnostic,85,UNFIUSDT,0.03894991810512193
R2B0061,F07,fold_diagnostic,97,INJUSDT,0.03602677155993165
R2B0061,F08,fold_diagnostic,99,TRBUSDT,0.08024967466941381
R2B0061,ALL_VALID,aggregate_valid_gate,183,DOGEUSDT,0.032959955455519475
R2B0062,F01,fold_diagnostic,24,VETUSDT,0.12839656178149378
R2B0062,F02,fold_diagnostic,62,THETAUSDT,0.06571844391333917
R2B0062,F03,fold_diagnostic,80,DOGEUSDT,0.10107654408770728
R2B0062,F04,fold_diagnostic,93,LUNAUSDT,0.06874363836184681
R2B0062,F05,fold_diagnostic,98,SUSHIUSDT,0.03518492861104882
R2B0062,F06,fold_diagnostic,85,MATICUSDT,0.03871649968981711
R2B0062,F07,fold_diagnostic,97,GALAUSDT,0.040359359029064124
R2B0062,F08,fold_diagnostic,99,TRBUSDT,0.09223064957737546
R2B0062,ALL_VALID,aggregate_valid_gate,183,DOGEUSDT,0.040847986710003815
R2B0063,F01,fold_diagnostic,24,EOSUSDT,0.08588537471285546
R2B0063,F02,fold_diagnostic,62,SXPUSDT,0.05495961057378343
R2B0063,F03,fold_diagnostic,80,DOGEUSDT,0.10955329391766849
R2B0063,F04,fold_diagnostic,93,ETCUSDT,0.036993868347400254
R2B0063,F05,fold_diagnostic,98,ANCUSDT,0.02817102714387442
R2B0063,F06,fold_diagnostic,85,NEARUSDT,0.03660947646284019
R2B0063,F07,fold_diagnostic,97,SANDUSDT,0.029040344535940475
R2B0063,F08,fold_diagnostic,99,TRBUSDT,0.0437225217988495
R2B0063,ALL_VALID,aggregate_valid_gate,183,BCHUSDT,0.028331220326040654
R2B0064,F01,fold_diagnostic,24,ADAUSDT,0.12721258818544598
R2B0064,F02,fold_diagnostic,62,THETAUSDT,0.04286493433980911
R2B0064,F03,fold_diagnostic,80,DOGEUSDT,0.06368430754690374
R2B0064,F04,fold_diagnostic,93,GALAUSDT,0.05794966127820174
R2B0064,F05,fold_diagnostic,98,SUSHIUSDT,0.02979008739985168
R2B0064,F06,fold_diagnostic,85,SANDUSDT,0.036886522368450705
R2B0064,F07,fold_diagnostic,97,APTUSDT,0.04110095409891067
R2B0064,F08,fold_diagnostic,99,TRBUSDT,0.13829334180142136
R2B0064,ALL_VALID,aggregate_valid_gate,183,TRBUSDT,0.030788607218255038
R2B0065,F01,fold_diagnostic,24,VETUSDT,0.1598907478126176
R2B0065,F02,fold_diagnostic,62,XLMUSDT,0.04770612600996708
R2B0065,F03,fold_diagnostic,80,DOGEUSDT,0.09385536531671071
R2B0065,F04,fold_diagnostic,93,SANDUSDT,0.05515868849043323
R2B0065,F05,fold_diagnostic,98,SUSHIUSDT,0.03319967586263289
R2B0065,F06,fold_diagnostic,85,MANAUSDT,0.045916339585919584
R2B0065,F07,fold_diagnostic,97,INJUSDT,0.05054458299951246
R2B0065,F08,fold_diagnostic,99,TRBUSDT,0.1401990066017251
R2B0065,ALL_VALID,aggregate_valid_gate,183,SOLUSDT,0.03857357927555998
R2B0066,F01,fold_diagnostic,24,IOSTUSDT,0.08481006323813423
R2B0066,F02,fold_diagnostic,62,THETAUSDT,0.052438298126536755
R2B0066,F03,fold_diagnostic,80,DOGEUSDT,0.050242359978857155
R2B0066,F04,fold_diagnostic,93,ALICEUSDT,0.056237616519186844
R2B0066,F05,fold_diagnostic,98,ANCUSDT,0.044172176592463884
R2B0066,F06,fold_diagnostic,85,ATOMUSDT,0.03402017210485707
R2B0066,F07,fold_diagnostic,97,INJUSDT,0.04050874283751822
R2B0066,F08,fold_diagnostic,99,TRBUSDT,0.056866779737150375
R2B0066,ALL_VALID,aggregate_valid_gate,183,XRPUSDT,0.02696630465775463
R2B0067,F01,fold_diagnostic,24,IOSTUSDT,0.08507471483589267
R2B0067,F02,fold_diagnostic,62,THETAUSDT,0.059198765281082734
R2B0067,F03,fold_diagnostic,80,DOGEUSDT,0.12194773365167638
R2B0067,F04,fold_diagnostic,93,SANDUSDT,0.06075992550186899
R2B0067,F05,fold_diagnostic,98,ANCUSDT,0.04478032047674185
R2B0067,F06,fold_diagnostic,85,ETHUSDT,0.03485181727802364
R2B0067,F07,fold_diagnostic,97,SOLUSDT,0.039447515876520706
R2B0067,F08,fold_diagnostic,99,TRBUSDT,0.0930275141170079
R2B0067,ALL_VALID,aggregate_valid_gate,183,DOGEUSDT,0.042354717233403553
R2B0068,F01,fold_diagnostic,24,IOSTUSDT,0.12359945609169175
R2B0068,F02,fold_diagnostic,62,THETAUSDT,0.06049882012542687
R2B0068,F03,fold_diagnostic,80,DOGEUSDT,0.10943197071852988
R2B0068,F04,fold_diagnostic,93,SANDUSDT,0.06469402641770255
R2B0068,F05,fold_diagnostic,98,SUSHIUSDT,0.04180872939119986
R2B0068,F06,fold_diagnostic,85,RLCUSDT,0.0427029548024877
R2B0068,F07,fold_diagnostic,97,INJUSDT,0.044069918627620705
R2B0068,F08,fold_diagnostic,99,TRBUSDT,0.09967088748864916
R2B0068,ALL_VALID,aggregate_valid_gate,183,DOGEUSDT,0.04099010969622527
R2B0069,F01,fold_diagnostic,24,VETUSDT,0.10918677561798168
R2B0069,F02,fold_diagnostic,62,SXPUSDT,0.06177551053869495
R2B0069,F03,fold_diagnostic,80,CRVUSDT,0.050588365703212894
R2B0069,F04,fold_diagnostic,93,SANDUSDT,0.05149185424092612
R2B0069,F05,fold_diagnostic,98,ATOMUSDT,0.03663383446039851
R2B0069,F06,fold_diagnostic,85,NEARUSDT,0.040833782343159736
R2B0069,F07,fold_diagnostic,97,GALAUSDT,0.033999210753946615
R2B0069,F08,fold_diagnostic,99,TRBUSDT,0.08879287562427164
R2B0069,ALL_VALID,aggregate_valid_gate,183,ETHUSDT,0.025964155097621146
R2B0070,F01,fold_diagnostic,24,IOSTUSDT,0.09635111957769822
R2B0070,F02,fold_diagnostic,62,THETAUSDT,0.07685120690161673
R2B0070,F03,fold_diagnostic,80,MATICUSDT,0.06755243215745291
R2B0070,F04,fold_diagnostic,93,SANDUSDT,0.07281117328834458
R2B0070,F05,fold_diagnostic,98,DYDXUSDT,0.03781720860127928
R2B0070,F06,fold_diagnostic,85,MANAUSDT,0.04200660034813397
R2B0070,F07,fold_diagnostic,97,LINAUSDT,0.051858137189251065
R2B0070,F08,fold_diagnostic,99,TRBUSDT,0.12356185510235942
R2B0070,ALL_VALID,aggregate_valid_gate,183,MATICUSDT,0.034701532666545895
R2B0071,F01,fold_diagnostic,24,IOTAUSDT,0.09566947274190389
R2B0071,F02,fold_diagnostic,62,THETAUSDT,0.06414333252412985
R2B0071,F03,fold_diagnostic,80,DOGEUSDT,0.06623322662795014
R2B0071,F04,fold_diagnostic,93,1000SHIBUSDT,0.06999410123423401
R2B0071,F05,fold_diagnostic,98,ANCUSDT,0.03683610427287966
R2B0071,F06,fold_diagnostic,85,CRVUSDT,0.06293709996584139
R2B0071,F07,fold_diagnostic,97,BCHUSDT,0.03930341421315444
R2B0071,F08,fold_diagnostic,99,TRBUSDT,0.06875623196508152
R2B0071,ALL_VALID,aggregate_valid_gate,183,CRVUSDT,0.034757281532399556
R2B0072,F01,fold_diagnostic,24,IOTAUSDT,0.13641032447711018
R2B0072,F02,fold_diagnostic,62,THETAUSDT,0.0819137946076507
R2B0072,F03,fold_diagnostic,80,DOGEUSDT,0.07375725818797405
R2B0072,F04,fold_diagnostic,93,1000SHIBUSDT,0.09039960220209647
R2B0072,F05,fold_diagnostic,98,ANCUSDT,0.04976402602935643
R2B0072,F06,fold_diagnostic,85,UNFIUSDT,0.04664887694959698
R2B0072,F07,fold_diagnostic,97,INJUSDT,0.051762808469910694
R2B0072,F08,fold_diagnostic,99,TRBUSDT,0.10683027907020858
R2B0072,ALL_VALID,aggregate_valid_gate,183,DOGEUSDT,0.032592318304235667
