trial_id,feature_id,signal_variant,timeframe,side,horizon_bars,valid_fold_count,positive_fold_fraction,aggregate_hac_t,fdr_q_value,max_top_symbol_share_abs,catastrophic_reversal,temporal_replication
R2B0001,derivatives.premium,PRESSURE_CONTINUATION,15m,LONG,4,8,0.0,-37.22607411962843,4.286166089110785e-300,0.023441851658398787,True,NO_REPLICATION
R2B0002,derivatives.premium,PRESSURE_CONTINUATION,15m,LONG,16,8,0.0,-9.669931448826494,1.760256436516278e-21,0.026041764333894518,True,NO_REPLICATION
R2B0003,derivatives.premium,PRESSURE_CONTINUATION,15m,LONG,48,8,0.25,-2.8043019735275987,0.007412172795245383,0.025370415713590656,True,NO_REPLICATION
R2B0004,derivatives.premium,PRESSURE_CONTINUATION,15m,LONG,96,8,0.5,-0.5907620262262515,0.6144190820555846,0.044262268670796474,False,NO_REPLICATION
R2B0005,derivatives.premium,PRESSURE_CONTINUATION,15m,SHORT,4,8,0.0,-38.79659139131061,0.0,0.024094600776919946,True,NO_REPLICATION
R2B0006,derivatives.premium,PRESSURE_CONTINUATION,15m,SHORT,16,8,0.0,-12.61990534665072,1.153327195671206e-35,0.024791879312392788,True,NO_REPLICATION
R2B0007,derivatives.premium,PRESSURE_CONTINUATION,15m,SHORT,48,8,0.125,-5.968578113620624,6.667142825812118e-09,0.027140480035781258,True,NO_REPLICATION
R2B0008,derivatives.premium,PRESSURE_CONTINUATION,15m,SHORT,96,8,0.25,-4.109986066259957,7.932174777803536e-05,0.029658517052630666,True,NO_REPLICATION
R2B0009,derivatives.premium,PRESSURE_CONTINUATION,1h,LONG,4,8,0.0,-9.6639177225542,1.866093369138331e-21,0.026460954926094966,True,NO_REPLICATION
R2B0010,derivatives.premium,PRESSURE_CONTINUATION,1h,LONG,12,8,0.125,-2.783128481006273,0.007759015116797854,0.0261156545033401,True,NO_REPLICATION
R2B0011,derivatives.premium,PRESSURE_CONTINUATION,1h,LONG,24,8,0.5,-0.6689032842863425,0.5665112617794947,0.03777542224861597,False,NO_REPLICATION
R2B0012,derivatives.premium,PRESSURE_CONTINUATION,1h,SHORT,4,8,0.0,-12.873727173519393,5.853576520726366e-37,0.030169996188651203,True,NO_REPLICATION
R2B0013,derivatives.premium,PRESSURE_CONTINUATION,1h,SHORT,12,8,0.125,-6.547988141628265,1.784847771713403e-10,0.0272973491435136,True,NO_REPLICATION
R2B0014,derivatives.premium,PRESSURE_CONTINUATION,1h,SHORT,24,8,0.125,-4.013704852727384,0.00011367877692277108,0.031686905358623015,True,NO_REPLICATION
R2B0015,derivatives.premium,PRESSURE_CONTINUATION,4h,LONG,3,8,0.125,-3.177911157123739,0.0023840407042235593,0.02880456154523164,True,NO_REPLICATION
R2B0016,derivatives.premium,PRESSURE_CONTINUATION,4h,LONG,6,8,0.5,-0.6906427055773645,0.5597888136560456,0.05606771057664892,False,NO_REPLICATION
R2B0017,derivatives.premium,PRESSURE_CONTINUATION,4h,SHORT,3,8,0.125,-5.649345282410791,4.461137091814417e-08,0.025619395771703652,True,NO_REPLICATION
R2B0018,derivatives.premium,PRESSURE_CONTINUATION,4h,SHORT,6,8,0.125,-4.41279638287693,2.2611713845572118e-05,0.040506673202866314,True,NO_REPLICATION
R2B0019,derivatives.premium,CROWDING_REVERSION,15m,LONG,4,8,0.0,-27.845407917530125,4.339424711211965e-169,0.026416974400323704,True,NO_REPLICATION
R2B0020,derivatives.premium,CROWDING_REVERSION,15m,LONG,16,8,0.25,-6.867393631227821,2.060139760169662e-11,0.024476927583404234,True,NO_REPLICATION
R2B0021,derivatives.premium,CROWDING_REVERSION,15m,LONG,48,8,0.5,-1.8257508962069462,0.08729111532486226,0.032640970603841676,False,NO_REPLICATION
R2B0022,derivatives.premium,CROWDING_REVERSION,15m,LONG,96,8,0.75,-0.1979403464885188,0.8797491319275101,0.033710116252861494,False,NO_REPLICATION
R2B0023,derivatives.premium,CROWDING_REVERSION,15m,SHORT,4,8,0.0,-30.897753068007525,1.1350834302803002e-207,0.02655596960526092,True,NO_REPLICATION
R2B0024,derivatives.premium,CROWDING_REVERSION,15m,SHORT,16,8,0.0,-9.81746712838968,4.383900694420772e-22,0.026756290560338965,True,NO_REPLICATION
R2B0025,derivatives.premium,CROWDING_REVERSION,15m,SHORT,48,8,0.125,-4.89217757698976,2.32299217529435e-06,0.03561120675794228,True,NO_REPLICATION
R2B0026,derivatives.premium,CROWDING_REVERSION,15m,SHORT,96,8,0.25,-3.71564781584173,0.0003480260725951418,0.045253664495837655,False,NO_REPLICATION
R2B0027,derivatives.premium,CROWDING_REVERSION,1h,LONG,4,8,0.25,-4.670566818434414,6.790119535084966e-06,0.028362974803261463,False,NO_REPLICATION
R2B0028,derivatives.premium,CROWDING_REVERSION,1h,LONG,12,8,0.625,-0.08562537024229286,0.9411691858959165,0.027334162843766944,False,NO_REPLICATION
R2B0029,derivatives.premium,CROWDING_REVERSION,1h,LONG,24,8,0.75,0.2032671035335075,0.8797491319275101,0.03085028117247728,False,NO_REPLICATION
R2B0030,derivatives.premium,CROWDING_REVERSION,1h,SHORT,4,8,0.0,-8.402288442482636,1.6539523698230617e-16,0.030473102143238003,True,NO_REPLICATION
R2B0031,derivatives.premium,CROWDING_REVERSION,1h,SHORT,12,8,0.25,-3.9551681911916847,0.00014162472176627066,0.03667939444297523,True,NO_REPLICATION
R2B0032,derivatives.premium,CROWDING_REVERSION,1h,SHORT,24,8,0.25,-3.216244788495,0.002128981985622756,0.04333582993620206,False,NO_REPLICATION
R2B0033,derivatives.premium,CROWDING_REVERSION,4h,LONG,3,8,0.625,-0.25822072412814273,0.8556652456030753,0.02612044951256485,False,NO_REPLICATION
R2B0034,derivatives.premium,CROWDING_REVERSION,4h,LONG,6,8,0.75,1.2441952348766094,0.2649985894773841,0.0431423741058954,False,NO_REPLICATION
R2B0035,derivatives.premium,CROWDING_REVERSION,4h,SHORT,3,8,0.25,-2.9750438597250195,0.004409603056986564,0.04107419196239169,True,NO_REPLICATION
R2B0036,derivatives.premium,CROWDING_REVERSION,4h,SHORT,6,8,0.25,-2.6065076669856757,0.012694619616751905,0.053129977074334166,False,NO_REPLICATION
R2B0037,derivatives.premium_zscore,PRESSURE_CONTINUATION,15m,LONG,4,8,0.0,-38.89624212237754,0.0,0.022313468044996353,True,NO_REPLICATION
R2B0038,derivatives.premium_zscore,PRESSURE_CONTINUATION,15m,LONG,16,8,0.0,-10.131058429073303,2.1200000076492904e-23,0.02445274297763554,True,NO_REPLICATION
R2B0039,derivatives.premium_zscore,PRESSURE_CONTINUATION,15m,LONG,48,8,0.125,-2.9966134646623575,0.004183575659178926,0.023018013906731347,True,NO_REPLICATION
R2B0040,derivatives.premium_zscore,PRESSURE_CONTINUATION,15m,LONG,96,8,0.625,-0.8856642457255796,0.43641724140299837,0.043914080372708,True,NO_REPLICATION
R2B0041,derivatives.premium_zscore,PRESSURE_CONTINUATION,15m,SHORT,4,8,0.0,-41.77190631790413,0.0,0.02290278173267722,True,NO_REPLICATION
R2B0042,derivatives.premium_zscore,PRESSURE_CONTINUATION,15m,SHORT,16,8,0.0,-13.525691177662688,9.534894737437323e-41,0.024047315545578898,True,NO_REPLICATION
R2B0043,derivatives.premium_zscore,PRESSURE_CONTINUATION,15m,SHORT,48,8,0.125,-6.176250281160591,1.9009840519008625e-09,0.031433347816172116,True,NO_REPLICATION
R2B0044,derivatives.premium_zscore,PRESSURE_CONTINUATION,15m,SHORT,96,8,0.25,-4.3645247790681765,2.7043726442853132e-05,0.03533577234322073,True,NO_REPLICATION
R2B0045,derivatives.premium_zscore,PRESSURE_CONTINUATION,1h,LONG,4,8,0.0,-9.337828295645773,3.9599885384066355e-20,0.02661346827377574,True,NO_REPLICATION
R2B0046,derivatives.premium_zscore,PRESSURE_CONTINUATION,1h,LONG,12,8,0.125,-2.745658274365295,0.00853092896691287,0.02777631845966311,True,NO_REPLICATION
R2B0047,derivatives.premium_zscore,PRESSURE_CONTINUATION,1h,LONG,24,8,0.5,-0.9811208370553156,0.38542838259839995,0.03732614940704963,False,NO_REPLICATION
R2B0048,derivatives.premium_zscore,PRESSURE_CONTINUATION,1h,SHORT,4,8,0.0,-12.038316051271119,1.5840652413874023e-32,0.02628313165248974,True,NO_REPLICATION
R2B0049,derivatives.premium_zscore,PRESSURE_CONTINUATION,1h,SHORT,12,8,0.125,-5.630543732390856,4.6631001769447257e-08,0.03058375498003961,True,NO_REPLICATION
R2B0050,derivatives.premium_zscore,PRESSURE_CONTINUATION,1h,SHORT,24,8,0.25,-3.9030071616045823,0.00017149496370671372,0.03523538795326714,True,NO_REPLICATION
R2B0051,derivatives.premium_zscore,PRESSURE_CONTINUATION,4h,LONG,3,8,0.25,-2.5947267796862272,0.012884712887914223,0.03677458827465885,True,NO_REPLICATION
R2B0052,derivatives.premium_zscore,PRESSURE_CONTINUATION,4h,LONG,6,8,0.5,-1.0035772209145606,0.38515800707614056,0.02151826544447045,False,NO_REPLICATION
R2B0053,derivatives.premium_zscore,PRESSURE_CONTINUATION,4h,SHORT,3,8,0.125,-5.312064416001851,2.6741176412997914e-07,0.028840279156801155,True,NO_REPLICATION
R2B0054,derivatives.premium_zscore,PRESSURE_CONTINUATION,4h,SHORT,6,8,0.25,-3.2213186356233523,0.002128981985622756,0.03173187181014137,True,NO_REPLICATION
R2B0055,derivatives.premium_zscore,CROWDING_REVERSION,15m,LONG,4,8,0.0,-31.798404817429216,5.875413758225368e-220,0.023374455754416826,True,NO_REPLICATION
R2B0056,derivatives.premium_zscore,CROWDING_REVERSION,15m,LONG,16,8,0.0,-7.444588667866267,3.358576065786805e-13,0.024396496619705926,True,NO_REPLICATION
R2B0057,derivatives.premium_zscore,CROWDING_REVERSION,15m,LONG,48,8,0.25,-2.2354764834453187,0.033236857230978224,0.02927067375085838,True,NO_REPLICATION
R2B0058,derivatives.premium_zscore,CROWDING_REVERSION,15m,LONG,96,8,0.625,-0.31395809777365813,0.8220593890355037,0.036830028347879795,False,NO_REPLICATION
R2B0059,derivatives.premium_zscore,CROWDING_REVERSION,15m,SHORT,4,8,0.0,-35.867585154038544,3.387556765951894e-279,0.0226616452513955,True,NO_REPLICATION
R2B0060,derivatives.premium_zscore,CROWDING_REVERSION,15m,SHORT,16,8,0.0,-11.038972058959185,1.4206757738524234e-27,0.024585859378053715,True,NO_REPLICATION
R2B0061,derivatives.premium_zscore,CROWDING_REVERSION,15m,SHORT,48,8,0.125,-5.32114010819929,2.5682310027969776e-07,0.032959955455519475,True,NO_REPLICATION
R2B0062,derivatives.premium_zscore,CROWDING_REVERSION,15m,SHORT,96,8,0.25,-3.7234737864810246,0.00034554074771441244,0.040847986710003815,False,NO_REPLICATION
R2B0063,derivatives.premium_zscore,CROWDING_REVERSION,1h,LONG,4,8,0.0,-7.019347866599035,7.441091209147322e-12,0.028331220326040654,True,NO_REPLICATION
R2B0064,derivatives.premium_zscore,CROWDING_REVERSION,1h,LONG,12,8,0.5,-1.3976054729170444,0.204937925972245,0.030788607218255038,True,NO_REPLICATION
R2B0065,derivatives.premium_zscore,CROWDING_REVERSION,1h,LONG,24,8,0.625,-0.07380123344296474,0.9411691858959165,0.03857357927555998,False,NO_REPLICATION
R2B0066,derivatives.premium_zscore,CROWDING_REVERSION,1h,SHORT,4,8,0.0,-9.917026286741903,1.8203308834874825e-22,0.02696630465775463,True,NO_REPLICATION
R2B0067,derivatives.premium_zscore,CROWDING_REVERSION,1h,SHORT,12,8,0.125,-4.326793310831895,3.1229358570325926e-05,0.042354717233403553,True,NO_REPLICATION
R2B0068,derivatives.premium_zscore,CROWDING_REVERSION,1h,SHORT,24,8,0.25,-3.069474358530284,0.003360300445877054,0.04099010969622527,True,NO_REPLICATION
R2B0069,derivatives.premium_zscore,CROWDING_REVERSION,4h,LONG,3,8,0.5,-0.9872627445655849,0.38542838259839995,0.025964155097621146,True,NO_REPLICATION
R2B0070,derivatives.premium_zscore,CROWDING_REVERSION,4h,LONG,6,8,0.625,-0.10848428785014264,0.9397177721267947,0.034701532666545895,False,NO_REPLICATION
R2B0071,derivatives.premium_zscore,CROWDING_REVERSION,4h,SHORT,3,8,0.125,-4.0926053898656205,8.385347950126412e-05,0.034757281532399556,True,NO_REPLICATION
R2B0072,derivatives.premium_zscore,CROWDING_REVERSION,4h,SHORT,6,8,0.25,-2.5051904286099966,0.016346777167672275,0.032592318304235667,True,NO_REPLICATION
