market,universe_month,symbol,selected_top20_old,selected_top50_old,selected_top100_old,selected_top20_new,selected_top50_new,selected_top100_new,membership_changed
spot,2025-02,1000SATSUSDT,False,False,True,,,,True
spot,2025-02,1MBABYDOGEUSDT,False,False,True,,,,True
spot,2025-02,AAVEUSDT,False,True,True,,,,True
spot,2025-02,ACHUSDT,False,False,True,,,,True
spot,2025-02,ACTUSDT,False,True,True,,,,True
spot,2025-02,ADAUSDT,True,True,True,,,,True
spot,2025-02,AGLDUSDT,False,False,True,,,,True
spot,2025-02,AIUSDT,False,False,True,,,,True
spot,2025-02,ALGOUSDT,False,True,True,,,,True
spot,2025-02,APEUSDT,False,False,True,,,,True
spot,2025-02,APTUSDT,False,True,True,,,,True
spot,2025-02,ARBUSDT,False,True,True,,,,True
spot,2025-02,ARKMUSDT,False,False,True,,,,True
spot,2025-02,ATOMUSDT,False,False,True,,,,True
spot,2025-02,AVAXUSDT,False,True,True,,,,True
spot,2025-02,BCHUSDT,False,False,True,,,,True
spot,2025-02,BNBUSDT,True,True,True,,,,True
spot,2025-02,BOMEUSDT,False,False,True,,,,True
spot,2025-02,BONKUSDT,False,True,True,,,,True
spot,2025-02,BTCUSDT,True,True,True,,,,True
spot,2025-02,CAKEUSDT,False,False,True,,,,True
spot,2025-02,COWUSDT,False,False,True,,,,True
spot,2025-02,CRVUSDT,False,True,True,,,,True
spot,2025-02,DOGEUSDT,True,True,True,,,,True
spot,2025-02,DOTUSDT,False,True,True,,,,True
spot,2025-02,DYDXUSDT,False,False,True,,,,True
spot,2025-02,EIGENUSDT,False,False,True,,,,True
spot,2025-02,ENAUSDT,True,True,True,,,,True
spot,2025-02,ENSUSDT,False,False,True,,,,True
spot,2025-02,EOSUSDT,False,False,True,,,,True
spot,2025-02,ETCUSDT,False,False,True,,,,True
spot,2025-02,ETHFIUSDT,False,False,True,,,,True
spot,2025-02,ETHUSDT,True,True,True,,,,True
spot,2025-02,FETUSDT,False,True,True,,,,True
spot,2025-02,FILUSDT,False,True,True,,,,True
spot,2025-02,FLOKIUSDT,False,True,True,,,,True
spot,2025-02,GALAUSDT,False,True,True,,,,True
spot,2025-02,GMTUSDT,False,False,True,,,,True
spot,2025-02,GRTUSDT,False,False,True,,,,True
spot,2025-02,HBARUSDT,True,True,True,,,,True
spot,2025-02,HIVEUSDT,False,False,True,,,,True
spot,2025-02,ICPUSDT,False,False,True,,,,True
spot,2025-02,INJUSDT,False,False,True,,,,True
spot,2025-02,IOTAUSDT,False,False,True,,,,True
spot,2025-02,IOUSDT,False,False,True,,,,True
spot,2025-02,JASMYUSDT,False,False,True,,,,True
spot,2025-02,LDOUSDT,False,True,True,,,,True
spot,2025-02,LINKUSDT,True,True,True,,,,True
spot,2025-02,LTCUSDT,True,True,True,,,,True
spot,2025-02,MEMEUSDT,False,False,True,,,,True
spot,2025-02,MOVEUSDT,False,True,True,,,,True
spot,2025-02,NEARUSDT,False,True,True,,,,True
spot,2025-02,NEIROUSDT,False,True,True,,,,True
spot,2025-02,NOTUSDT,False,False,True,,,,True
spot,2025-02,OMUSDT,False,True,True,,,,True
spot,2025-02,OPUSDT,False,True,True,,,,True
spot,2025-02,ORDIUSDT,False,False,True,,,,True
spot,2025-02,PENDLEUSDT,False,False,True,,,,True
spot,2025-02,PENGUUSDT,True,True,True,,,,True
spot,2025-02,PEPEUSDT,True,True,True,,,,True
spot,2025-02,PHAUSDT,False,True,True,,,,True
spot,2025-02,PNUTUSDT,True,True,True,,,,True
spot,2025-02,POLUSDT,False,False,True,,,,True
spot,2025-02,RAYUSDT,False,True,True,,,,True
spot,2025-02,RENDERUSDT,False,True,True,,,,True
spot,2025-02,RSRUSDT,False,False,True,,,,True
spot,2025-02,RUNEUSDT,False,True,True,,,,True
spot,2025-02,SANDUSDT,False,True,True,,,,True
spot,2025-02,SEIUSDT,False,True,True,,,,True
spot,2025-02,SHIBUSDT,False,True,True,,,,True
spot,2025-02,SOLUSDT,True,True,True,,,,True
spot,2025-02,SPELLUSDT,False,True,True,,,,True
spot,2025-02,STEEMUSDT,False,False,True,,,,True
spot,2025-02,STGUSDT,False,False,True,,,,True
spot,2025-02,STPTUSDT,False,False,True,,,,True
spot,2025-02,STRKUSDT,False,False,True,,,,True
spot,2025-02,STXUSDT,False,False,True,,,,True
spot,2025-02,SUIUSDT,True,True,True,,,,True
spot,2025-02,SUSHIUSDT,False,False,True,,,,True
spot,2025-02,TAOUSDT,False,True,True,,,,True
spot,2025-02,THEUSDT,False,False,True,,,,True
spot,2025-02,TIAUSDT,False,True,True,,,,True
spot,2025-02,TONUSDT,False,False,True,,,,True
spot,2025-02,TROYUSDT,False,False,True,,,,True
spot,2025-02,TRXUSDT,True,True,True,,,,True
spot,2025-02,TURBOUSDT,False,False,True,,,,True
spot,2025-02,UNIUSDT,False,True,True,,,,True
spot,2025-02,USUALUSDT,True,True,True,,,,True
spot,2025-02,VANAUSDT,False,False,True,,,,True
spot,2025-02,VETUSDT,False,False,True,,,,True
spot,2025-02,VTHOUSDT,False,False,True,,,,True
spot,2025-02,WBTCUSDT,False,False,True,,,,True
spot,2025-02,WIFUSDT,True,True,True,,,,True
spot,2025-02,WLDUSDT,True,True,True,,,,True
spot,2025-02,XLMUSDT,True,True,True,,,,True
spot,2025-02,XRPUSDT,True,True,True,,,,True
spot,2025-02,XVGUSDT,False,False,True,,,,True
spot,2025-02,ZENUSDT,False,False,True,,,,True
spot,2025-02,ZKUSDT,False,False,True,,,,True
spot,2025-02,ZROUSDT,False,False,True,,,,True
spot,2025-03,1000SATSUSDT,False,False,True,,,,True
spot,2025-03,AAVEUSDT,False,True,True,,,,True
spot,2025-03,ACHUSDT,False,True,True,,,,True
spot,2025-03,ACTUSDT,False,True,True,,,,True
spot,2025-03,ADAUSDT,True,True,True,,,,True
spot,2025-03,AIXBTUSDT,False,True,True,,,,True
spot,2025-03,ALGOUSDT,False,False,True,,,,True
spot,2025-03,ANIMEUSDT,False,False,True,,,,True
spot,2025-03,APEUSDT,False,False,True,,,,True
spot,2025-03,APTUSDT,False,True,True,,,,True
spot,2025-03,ARBUSDT,False,True,True,,,,True
spot,2025-03,ARKMUSDT,False,False,True,,,,True
spot,2025-03,ARUSDT,False,False,True,,,,True
spot,2025-03,ATOMUSDT,False,False,True,,,,True
spot,2025-03,AVAXUSDT,False,True,True,,,,True
spot,2025-03,BAKEUSDT,False,False,True,,,,True
spot,2025-03,BCHUSDT,False,False,True,,,,True
spot,2025-03,BIOUSDT,False,False,True,,,,True
spot,2025-03,BNBUSDT,True,True,True,,,,True
spot,2025-03,BNXUSDT,True,True,True,,,,True
spot,2025-03,BOMEUSDT,False,False,True,,,,True
spot,2025-03,BONKUSDT,False,False,True,,,,True
spot,2025-03,BTCUSDT,True,True,True,,,,True
spot,2025-03,CAKEUSDT,False,True,True,,,,True
spot,2025-03,COOKIEUSDT,False,False,True,,,,True
spot,2025-03,COWUSDT,False,False,True,,,,True
spot,2025-03,CRVUSDT,False,True,True,,,,True
spot,2025-03,DOGEUSDT,True,True,True,,,,True
spot,2025-03,DOTUSDT,False,True,True,,,,True
spot,2025-03,DYDXUSDT,False,False,True,,,,True
spot,2025-03,EIGENUSDT,False,True,True,,,,True
spot,2025-03,ENAUSDT,True,True,True,,,,True
spot,2025-03,ENSUSDT,False,False,True,,,,True
spot,2025-03,EOSUSDT,False,False,True,,,,True
spot,2025-03,ETCUSDT,False,False,True,,,,True
spot,2025-03,ETHFIUSDT,False,True,True,,,,True
spot,2025-03,ETHUSDT,True,True,True,,,,True
spot,2025-03,FETUSDT,False,True,True,,,,True
spot,2025-03,FILUSDT,False,True,True,,,,True
spot,2025-03,FLOKIUSDT,False,True,True,,,,True
spot,2025-03,GALAUSDT,False,False,True,,,,True
spot,2025-03,GLMUSDT,False,False,True,,,,True
spot,2025-03,GMTUSDT,False,False,True,,,,True
spot,2025-03,HBARUSDT,True,True,True,,,,True
spot,2025-03,ICPUSDT,False,False,True,,,,True
spot,2025-03,INJUSDT,False,False,True,,,,True
spot,2025-03,IOUSDT,False,False,True,,,,True
spot,2025-03,JASMYUSDT,False,False,True,,,,True
spot,2025-03,JTOUSDT,False,False,True,,,,True
spot,2025-03,LDOUSDT,False,True,True,,,,True
spot,2025-03,LINKUSDT,True,True,True,,,,True
spot,2025-03,LTCUSDT,True,True,True,,,,True
spot,2025-03,MANTAUSDT,False,False,True,,,,True
spot,2025-03,MEMEUSDT,False,False,True,,,,True
spot,2025-03,MEUSDT,False,False,True,,,,True
spot,2025-03,MKRUSDT,False,False,True,,,,True
spot,2025-03,MOVEUSDT,False,False,True,,,,True
spot,2025-03,NEARUSDT,False,True,True,,,,True
spot,2025-03,NEIROUSDT,False,True,True,,,,True
spot,2025-03,NOTUSDT,False,False,True,,,,True
spot,2025-03,OMUSDT,True,True,True,,,,True
spot,2025-03,OPUSDT,False,True,True,,,,True
spot,2025-03,ORDIUSDT,False,False,True,,,,True
spot,2025-03,PENDLEUSDT,False,False,True,,,,True
spot,2025-03,PENGUUSDT,False,True,True,,,,True
spot,2025-03,PEPEUSDT,True,True,True,,,,True
spot,2025-03,PNUTUSDT,False,True,True,,,,True
spot,2025-03,POLUSDT,False,False,True,,,,True
spot,2025-03,QTUMUSDT,False,False,True,,,,True
spot,2025-03,RAYUSDT,False,True,True,,,,True
spot,2025-03,RENDERUSDT,False,False,True,,,,True
spot,2025-03,RUNEUSDT,True,True,True,,,,True
spot,2025-03,SANDUSDT,False,False,True,,,,True
spot,2025-03,SEIUSDT,False,True,True,,,,True
spot,2025-03,SHIBUSDT,False,True,True,,,,True
spot,2025-03,SOLUSDT,True,True,True,,,,True
spot,2025-03,SOLVUSDT,False,False,True,,,,True
spot,2025-03,SPELLUSDT,False,False,True,,,,True
spot,2025-03,STPTUSDT,False,False,True,,,,True
spot,2025-03,STRKUSDT,False,False,True,,,,True
spot,2025-03,STXUSDT,False,False,True,,,,True
spot,2025-03,SUIUSDT,True,True,True,,,,True
spot,2025-03,SUSDT,True,True,True,,,,True
spot,2025-03,TAOUSDT,False,True,True,,,,True
spot,2025-03,THEUSDT,False,False,True,,,,True
spot,2025-03,TIAUSDT,False,True,True,,,,True
spot,2025-03,TONUSDT,False,False,True,,,,True
spot,2025-03,TRUMPUSDT,True,True,True,,,,True
spot,2025-03,TRXUSDT,True,True,True,,,,True
spot,2025-03,UNIUSDT,False,True,True,,,,True
spot,2025-03,USUALUSDT,False,True,True,,,,True
spot,2025-03,VANAUSDT,False,False,True,,,,True
spot,2025-03,VETUSDT,False,False,True,,,,True
spot,2025-03,WBTCUSDT,False,False,True,,,,True
spot,2025-03,WIFUSDT,True,True,True,,,,True
spot,2025-03,WLDUSDT,False,True,True,,,,True
spot,2025-03,XLMUSDT,False,True,True,,,,True
spot,2025-03,XRPUSDT,True,True,True,,,,True
spot,2025-03,ZENUSDT,False,False,True,,,,True
spot,2025-03,ZKUSDT,False,False,True,,,,True
spot,2025-04,1000CHEEMSUSDT,False,False,True,,,,True
spot,2025-04,1000SATSUSDT,False,False,True,,,,True
spot,2025-04,AAVEUSDT,False,True,True,,,,True
spot,2025-04,ACHUSDT,False,False,True,,,,True
spot,2025-04,ACTUSDT,False,False,True,,,,True
spot,2025-04,ADAUSDT,True,True,True,,,,True
spot,2025-04,AIXBTUSDT,False,False,True,,,,True
spot,2025-04,ALGOUSDT,False,False,True,,,,True
spot,2025-04,APEUSDT,False,False,True,,,,True
spot,2025-04,API3USDT,False,False,True,,,,True
spot,2025-04,APTUSDT,False,True,True,,,,True
spot,2025-04,ARBUSDT,False,True,True,,,,True
spot,2025-04,ARKMUSDT,False,False,True,,,,True
spot,2025-04,ATOMUSDT,False,False,True,,,,True
spot,2025-04,AUCTIONUSDT,False,True,True,,,,True
spot,2025-04,AVAXUSDT,True,True,True,,,,True
spot,2025-04,BANANAUSDT,False,False,True,,,,True
spot,2025-04,BCHUSDT,False,True,True,,,,True
spot,2025-04,BEAMXUSDT,False,False,True,,,,True
spot,2025-04,BERAUSDT,False,True,True,,,,True
spot,2025-04,BNBUSDT,True,True,True,,,,True
spot,2025-04,BOMEUSDT,False,False,True,,,,True
spot,2025-04,BONKUSDT,False,True,True,,,,True
spot,2025-04,BTCUSDT,True,True,True,,,,True
spot,2025-04,C98USDT,False,False,True,,,,True
spot,2025-04,CAKEUSDT,True,True,True,,,,True
spot,2025-04,CFXUSDT,False,False,True,,,,True
spot,2025-04,CRVUSDT,False,True,True,,,,True
spot,2025-04,DOGEUSDT,True,True,True,,,,True
spot,2025-04,DOTUSDT,False,True,True,,,,True
spot,2025-04,DYDXUSDT,False,False,True,,,,True
spot,2025-04,EIGENUSDT,False,False,True,,,,True
spot,2025-04,ENAUSDT,True,True,True,,,,True
spot,2025-04,EOSUSDT,False,False,True,,,,True
spot,2025-04,ETCUSDT,False,False,True,,,,True
spot,2025-04,ETHFIUSDT,False,False,True,,,,True
spot,2025-04,ETHUSDT,True,True,True,,,,True
spot,2025-04,FETUSDT,False,True,True,,,,True
spot,2025-04,FILUSDT,False,True,True,,,,True
spot,2025-04,FLOKIUSDT,False,True,True,,,,True
spot,2025-04,GALAUSDT,False,False,True,,,,True
spot,2025-04,GMTUSDT,False,False,True,,,,True
spot,2025-04,HBARUSDT,True,True,True,,,,True
spot,2025-04,ICPUSDT,False,False,True,,,,True
spot,2025-04,INJUSDT,False,False,True,,,,True
spot,2025-04,IOUSDT,False,False,True,,,,True
spot,2025-04,JTOUSDT,False,False,True,,,,True
spot,2025-04,KAITOUSDT,False,True,True,,,,True
spot,2025-04,LAYERUSDT,False,True,True,,,,True
spot,2025-04,LDOUSDT,False,False,True,,,,True
spot,2025-04,LINKUSDT,True,True,True,,,,True
spot,2025-04,LTCUSDT,True,True,True,,,,True
spot,2025-04,MKRUSDT,False,False,True,,,,True
spot,2025-04,MOVEUSDT,False,False,True,,,,True
spot,2025-04,NEARUSDT,False,True,True,,,,True
spot,2025-04,NEIROUSDT,False,True,True,,,,True
spot,2025-04,NOTUSDT,False,False,True,,,,True
spot,2025-04,OMUSDT,False,True,True,,,,True
spot,2025-04,OPUSDT,False,True,True,,,,True
spot,2025-04,ORCAUSDT,False,False,True,,,,True
spot,2025-04,ORDIUSDT,False,False,True,,,,True
spot,2025-04,PENDLEUSDT,False,False,True,,,,True
spot,2025-04,PENGUUSDT,False,False,True,,,,True
spot,2025-04,PEPEUSDT,True,True,True,,,,True
spot,2025-04,PNUTUSDT,True,True,True,,,,True
spot,2025-04,POLUSDT,False,False,True,,,,True
spot,2025-04,RAREUSDT,False,True,True,,,,True
spot,2025-04,RAYUSDT,False,False,True,,,,True
spot,2025-04,REDUSDT,False,True,True,,,,True
spot,2025-04,RENDERUSDT,False,False,True,,,,True
spot,2025-04,REZUSDT,False,False,True,,,,True
spot,2025-04,RSRUSDT,False,False,True,,,,True
spot,2025-04,RUNEUSDT,False,True,True,,,,True
spot,2025-04,SEIUSDT,False,True,True,,,,True
spot,2025-04,SHELLUSDT,False,False,True,,,,True
spot,2025-04,SHIBUSDT,False,True,True,,,,True
spot,2025-04,SLFUSDT,False,False,True,,,,True
spot,2025-04,SOLUSDT,True,True,True,,,,True
spot,2025-04,SOLVUSDT,False,False,True,,,,True
spot,2025-04,SUIUSDT,True,True,True,,,,True
spot,2025-04,SUSDT,True,True,True,,,,True
spot,2025-04,TAOUSDT,False,True,True,,,,True
spot,2025-04,THEUSDT,False,False,True,,,,True
spot,2025-04,TIAUSDT,False,True,True,,,,True
spot,2025-04,TONUSDT,False,True,True,,,,True
spot,2025-04,TRUMPUSDT,True,True,True,,,,True
spot,2025-04,TRXUSDT,True,True,True,,,,True
spot,2025-04,TSTUSDT,False,True,True,,,,True
spot,2025-04,UNIUSDT,False,True,True,,,,True
spot,2025-04,USUALUSDT,False,False,True,,,,True
spot,2025-04,VANAUSDT,False,False,True,,,,True
spot,2025-04,VETUSDT,False,False,True,,,,True
spot,2025-04,VIDTUSDT,False,False,True,,,,True
spot,2025-04,WBTCUSDT,False,False,True,,,,True
spot,2025-04,WIFUSDT,True,True,True,,,,True
spot,2025-04,WLDUSDT,False,True,True,,,,True
spot,2025-04,WUSDT,False,False,True,,,,True
spot,2025-04,XLMUSDT,False,True,True,,,,True
spot,2025-04,XRPUSDT,True,True,True,,,,True
spot,2025-04,ZROUSDT,False,False,True,,,,True
spot,2025-05,1000SATSUSDT,False,False,True,,,,True
spot,2025-05,AAVEUSDT,False,True,True,,,,True
spot,2025-05,ACHUSDT,False,False,True,,,,True
spot,2025-05,ACTUSDT,False,True,True,,,,True
spot,2025-05,ADAUSDT,True,True,True,,,,True
spot,2025-05,AIXBTUSDT,False,False,True,,,,True
spot,2025-05,ALGOUSDT,False,False,True,,,,True
spot,2025-05,ALPACAUSDT,False,True,True,,,,True
spot,2025-05,APTUSDT,False,True,True,,,,True
spot,2025-05,ARBUSDT,False,True,True,,,,True
spot,2025-05,ARDRUSDT,False,False,True,,,,True
spot,2025-05,ARKMUSDT,False,False,True,,,,True
spot,2025-05,ATOMUSDT,False,False,True,,,,True
spot,2025-05,AUCTIONUSDT,False,False,True,,,,True
spot,2025-05,AVAXUSDT,True,True,True,,,,True
spot,2025-05,BCHUSDT,False,True,True,,,,True
spot,2025-05,BERAUSDT,False,True,True,,,,True
spot,2025-05,BIOUSDT,False,False,True,,,,True
spot,2025-05,BNBUSDT,True,True,True,,,,True
spot,2025-05,BONKUSDT,False,True,True,,,,True
spot,2025-05,BSWUSDT,False,False,True,,,,True
spot,2025-05,BTCUSDT,True,True,True,,,,True
spot,2025-05,CAKEUSDT,False,False,True,,,,True
spot,2025-05,CFXUSDT,False,False,True,,,,True
spot,2025-05,CRVUSDT,False,True,True,,,,True
spot,2025-05,DOGEUSDT,True,True,True,,,,True
spot,2025-05,DOTUSDT,False,True,True,,,,True
spot,2025-05,ENAUSDT,True,True,True,,,,True
spot,2025-05,EOSUSDT,True,True,True,,,,True
spot,2025-05,ETCUSDT,False,False,True,,,,True
spot,2025-05,ETHUSDT,True,True,True,,,,True
spot,2025-05,FETUSDT,False,True,True,,,,True
spot,2025-05,FILUSDT,False,True,True,,,,True
spot,2025-05,FLOKIUSDT,False,True,True,,,,True
spot,2025-05,FORTHUSDT,False,False,True,,,,True
spot,2025-05,FUNUSDT,False,False,True,,,,True
spot,2025-05,GALAUSDT,False,False,True,,,,True
spot,2025-05,GASUSDT,False,False,True,,,,True
spot,2025-05,GMTUSDT,False,False,True,,,,True
spot,2025-05,GUNUSDT,False,True,True,,,,True
spot,2025-05,HBARUSDT,False,True,True,,,,True
spot,2025-05,ICPUSDT,False,False,True,,,,True
spot,2025-05,INJUSDT,False,False,True,,,,True
spot,2025-05,JASMYUSDT,False,False,True,,,,True
spot,2025-05,KAITOUSDT,False,False,True,,,,True
spot,2025-05,LAYERUSDT,False,True,True,,,,True
spot,2025-05,LDOUSDT,False,False,True,,,,True
spot,2025-05,LINKUSDT,True,True,True,,,,True
spot,2025-05,LTCUSDT,True,True,True,,,,True
spot,2025-05,MAGICUSDT,False,True,True,,,,True
spot,2025-05,MASKUSDT,False,False,True,,,,True
spot,2025-05,MEMEUSDT,False,False,True,,,,True
spot,2025-05,MKRUSDT,False,False,True,,,,True
spot,2025-05,MOVEUSDT,False,False,True,,,,True
spot,2025-05,MUBARAKUSDT,False,True,True,,,,True
spot,2025-05,NEARUSDT,False,True,True,,,,True
spot,2025-05,NEIROUSDT,False,False,True,,,,True
spot,2025-05,NEOUSDT,False,False,True,,,,True
spot,2025-05,NILUSDT,False,False,True,,,,True
spot,2025-05,NKNUSDT,False,False,True,,,,True
spot,2025-05,OMUSDT,True,True,True,,,,True
spot,2025-05,OPUSDT,False,False,True,,,,True
spot,2025-05,ORCAUSDT,False,False,True,,,,True
spot,2025-05,ORDIUSDT,False,False,True,,,,True
spot,2025-05,PARTIUSDT,False,False,True,,,,True
spot,2025-05,PAXGUSDT,False,True,True,,,,True
spot,2025-05,PENDLEUSDT,False,True,True,,,,True
spot,2025-05,PENGUUSDT,False,True,True,,,,True
spot,2025-05,PEOPLEUSDT,False,False,True,,,,True
spot,2025-05,PEPEUSDT,True,True,True,,,,True
spot,2025-05,PNUTUSDT,False,True,True,,,,True
spot,2025-05,POLUSDT,False,False,True,,,,True
spot,2025-05,RAREUSDT,False,False,True,,,,True
spot,2025-05,RAYUSDT,False,False,True,,,,True
spot,2025-05,RENDERUSDT,False,True,True,,,,True
spot,2025-05,RSRUSDT,False,False,True,,,,True
spot,2025-05,RUNEUSDT,False,False,True,,,,True
spot,2025-05,SEIUSDT,False,True,True,,,,True
spot,2025-05,SHIBUSDT,False,True,True,,,,True
spot,2025-05,SOLUSDT,True,True,True,,,,True
spot,2025-05,SUIUSDT,True,True,True,,,,True
spot,2025-05,SUSDT,True,True,True,,,,True
spot,2025-05,TAOUSDT,True,True,True,,,,True
spot,2025-05,TIAUSDT,False,False,True,,,,True
spot,2025-05,TONUSDT,False,True,True,,,,True
spot,2025-05,TRUMPUSDT,True,True,True,,,,True
spot,2025-05,TRXUSDT,True,True,True,,,,True
spot,2025-05,TSTUSDT,False,False,True,,,,True
spot,2025-05,TURBOUSDT,False,False,True,,,,True
spot,2025-05,TUTUSDT,False,False,True,,,,True
spot,2025-05,UNIUSDT,False,True,True,,,,True
spot,2025-05,USUALUSDT,False,False,True,,,,True
spot,2025-05,VETUSDT,False,False,True,,,,True
spot,2025-05,VOXELUSDT,False,False,True,,,,True
spot,2025-05,WBTCUSDT,False,False,True,,,,True
spot,2025-05,WIFUSDT,True,True,True,,,,True
spot,2025-05,WLDUSDT,False,True,True,,,,True
spot,2025-05,XLMUSDT,False,True,True,,,,True
spot,2025-05,XRPUSDT,True,True,True,,,,True
spot,2025-05,ZROUSDT,False,False,True,,,,True
spot,2025-06,1000SATSUSDT,False,False,True,,,,True
spot,2025-06,AAVEUSDT,False,True,True,,,,True
spot,2025-06,ACTUSDT,False,False,True,,,,True
spot,2025-06,ADAUSDT,True,True,True,,,,True
spot,2025-06,AIXBTUSDT,False,True,True,,,,True
spot,2025-06,APTUSDT,False,True,True,,,,True
spot,2025-06,ARBUSDT,False,True,True,,,,True
spot,2025-06,ARKMUSDT,False,False,True,,,,True
spot,2025-06,ATOMUSDT,False,False,True,,,,True
spot,2025-06,AVAXUSDT,True,True,True,,,,True
spot,2025-06,BABYUSDT,False,False,True,,,,True
spot,2025-06,BCHUSDT,False,False,True,,,,True
spot,2025-06,BERAUSDT,False,False,True,,,,True
spot,2025-06,BNBUSDT,True,True,True,,,,True
spot,2025-06,BOMEUSDT,False,False,True,,,,True
spot,2025-06,BONKUSDT,False,True,True,,,,True
spot,2025-06,BTCUSDT,True,True,True,,,,True
spot,2025-06,CAKEUSDT,False,False,True,,,,True
spot,2025-06,CETUSUSDT,False,False,True,,,,True
spot,2025-06,COOKIEUSDT,False,False,True,,,,True
spot,2025-06,CRVUSDT,False,True,True,,,,True
spot,2025-06,DOGEUSDT,True,True,True,,,,True
spot,2025-06,DOTUSDT,False,True,True,,,,True
spot,2025-06,DYDXUSDT,False,False,True,,,,True
spot,2025-06,EIGENUSDT,False,False,True,,,,True
spot,2025-06,ENAUSDT,True,True,True,,,,True
spot,2025-06,ENSUSDT,False,False,True,,,,True
spot,2025-06,ETCUSDT,False,False,True,,,,True
spot,2025-06,ETHFIUSDT,False,True,True,,,,True
spot,2025-06,ETHUSDT,True,True,True,,,,True
spot,2025-06,FETUSDT,False,True,True,,,,True
spot,2025-06,FILUSDT,False,False,True,,,,True
spot,2025-06,FLOKIUSDT,False,True,True,,,,True
spot,2025-06,FORMUSDT,False,False,True,,,,True
spot,2025-06,GALAUSDT,False,False,True,,,,True
spot,2025-06,GUNUSDT,False,False,True,,,,True
spot,2025-06,HBARUSDT,False,True,True,,,,True
spot,2025-06,ICPUSDT,False,False,True,,,,True
spot,2025-06,INITUSDT,False,True,True,,,,True
spot,2025-06,INJUSDT,False,False,True,,,,True
spot,2025-06,IOUSDT,False,False,True,,,,True
spot,2025-06,KAITOUSDT,False,True,True,,,,True
spot,2025-06,LAYERUSDT,False,True,True,,,,True
spot,2025-06,LDOUSDT,False,False,True,,,,True
spot,2025-06,LINKUSDT,True,True,True,,,,True
spot,2025-06,LPTUSDT,False,False,True,,,,True
spot,2025-06,LTCUSDT,True,True,True,,,,True
spot,2025-06,MASKUSDT,False,False,True,,,,True
spot,2025-06,MEMEUSDT,False,False,True,,,,True
spot,2025-06,MOVEUSDT,False,False,True,,,,True
spot,2025-06,MUBARAKUSDT,False,True,True,,,,True
spot,2025-06,NEARUSDT,False,True,True,,,,True
spot,2025-06,NEIROUSDT,True,True,True,,,,True
spot,2025-06,NILUSDT,False,False,True,,,,True
spot,2025-06,NOTUSDT,False,False,True,,,,True
spot,2025-06,OMUSDT,False,True,True,,,,True
spot,2025-06,ONDOUSDT,False,True,True,,,,True
spot,2025-06,OPUSDT,False,True,True,,,,True
spot,2025-06,ORDIUSDT,False,False,True,,,,True
spot,2025-06,PARTIUSDT,False,False,True,,,,True
spot,2025-06,PAXGUSDT,False,False,True,,,,True
spot,2025-06,PENDLEUSDT,False,False,True,,,,True
spot,2025-06,PENGUUSDT,False,True,True,,,,True
spot,2025-06,PEOPLEUSDT,False,True,True,,,,True
spot,2025-06,PEPEUSDT,True,True,True,,,,True
spot,2025-06,PNUTUSDT,True,True,True,,,,True
spot,2025-06,POLUSDT,False,False,True,,,,True
spot,2025-06,PYTHUSDT,False,False,True,,,,True
spot,2025-06,RAYUSDT,False,False,True,,,,True
spot,2025-06,RENDERUSDT,False,False,True,,,,True
spot,2025-06,RUNEUSDT,False,True,True,,,,True
spot,2025-06,SAGAUSDT,False,False,True,,,,True
spot,2025-06,SANDUSDT,False,False,True,,,,True
spot,2025-06,SEIUSDT,False,False,True,,,,True
spot,2025-06,SHIBUSDT,False,True,True,,,,True
spot,2025-06,SIGNUSDT,False,False,True,,,,True
spot,2025-06,SOLUSDT,True,True,True,,,,True
spot,2025-06,SUIUSDT,True,True,True,,,,True
spot,2025-06,SUSDT,False,True,True,,,,True
spot,2025-06,TAOUSDT,False,True,True,,,,True
spot,2025-06,TIAUSDT,False,True,True,,,,True
spot,2025-06,TONUSDT,False,True,True,,,,True
spot,2025-06,TRBUSDT,False,True,True,,,,True
spot,2025-06,TRUMPUSDT,True,True,True,,,,True
spot,2025-06,TRXUSDT,True,True,True,,,,True
spot,2025-06,TSTUSDT,False,False,True,,,,True
spot,2025-06,TURBOUSDT,False,False,True,,,,True
spot,2025-06,UNIUSDT,False,True,True,,,,True
spot,2025-06,USUALUSDT,False,False,True,,,,True
spot,2025-06,VANAUSDT,False,False,True,,,,True
spot,2025-06,VETUSDT,False,False,True,,,,True
spot,2025-06,VIRTUALUSDT,True,True,True,,,,True
spot,2025-06,WBTCUSDT,False,False,True,,,,True
spot,2025-06,WCTUSDT,False,True,True,,,,True
spot,2025-06,WIFUSDT,True,True,True,,,,True
spot,2025-06,WLDUSDT,True,True,True,,,,True
spot,2025-06,XAIUSDT,False,False,True,,,,True
spot,2025-06,XLMUSDT,False,False,True,,,,True
spot,2025-06,XRPUSDT,True,True,True,,,,True
spot,2025-06,ZROUSDT,False,False,True,,,,True
spot,2025-07,AAVEUSDT,True,True,True,,,,True
spot,2025-07,ADAUSDT,True,True,True,,,,True
spot,2025-07,AIXBTUSDT,False,False,True,,,,True
spot,2025-07,ALTUSDT,False,False,True,,,,True
spot,2025-07,ANIMEUSDT,False,True,True,,,,True
spot,2025-07,APTUSDT,False,True,True,,,,True
spot,2025-07,ARBUSDT,False,True,True,,,,True
spot,2025-07,ARKMUSDT,False,False,True,,,,True
spot,2025-07,AUSDT,False,False,True,,,,True
spot,2025-07,AVAXUSDT,True,True,True,,,,True
spot,2025-07,AXLUSDT,False,False,True,,,,True
spot,2025-07,BANANAS31USDT,False,True,True,,,,True
spot,2025-07,BCHUSDT,False,True,True,,,,True
spot,2025-07,BERAUSDT,False,False,True,,,,True
spot,2025-07,BMTUSDT,False,False,True,,,,True
spot,2025-07,BNBUSDT,True,True,True,,,,True
spot,2025-07,BONKUSDT,False,True,True,,,,True
spot,2025-07,BTCUSDT,True,True,True,,,,True
spot,2025-07,CAKEUSDT,False,False,True,,,,True
spot,2025-07,COMPUSDT,False,False,True,,,,True
spot,2025-07,COOKIEUSDT,False,False,True,,,,True
spot,2025-07,CRVUSDT,False,True,True,,,,True
spot,2025-07,DEGOUSDT,False,False,True,,,,True
spot,2025-07,DEXEUSDT,False,False,True,,,,True
spot,2025-07,DOGEUSDT,True,True,True,,,,True
spot,2025-07,DOTUSDT,False,True,True,,,,True
spot,2025-07,DYDXUSDT,False,False,True,,,,True
spot,2025-07,EIGENUSDT,False,True,True,,,,True
spot,2025-07,ENAUSDT,True,True,True,,,,True
spot,2025-07,ENSUSDT,False,False,True,,,,True
spot,2025-07,ETCUSDT,False,False,True,,,,True
spot,2025-07,ETHFIUSDT,False,True,True,,,,True
spot,2025-07,ETHUSDT,True,True,True,,,,True
spot,2025-07,FETUSDT,False,True,True,,,,True
spot,2025-07,FILUSDT,False,False,True,,,,True
spot,2025-07,FLOKIUSDT,False,False,True,,,,True
spot,2025-07,FORMUSDT,False,False,True,,,,True
spot,2025-07,FUNUSDT,False,True,True,,,,True
spot,2025-07,GALAUSDT,False,False,True,,,,True
spot,2025-07,HBARUSDT,False,True,True,,,,True
spot,2025-07,HMSTRUSDT,False,False,True,,,,True
spot,2025-07,HUMAUSDT,False,True,True,,,,True
spot,2025-07,ICPUSDT,False,False,True,,,,True
spot,2025-07,INITUSDT,False,False,True,,,,True
spot,2025-07,INJUSDT,False,False,True,,,,True
spot,2025-07,IOUSDT,False,False,True,,,,True
spot,2025-07,JTOUSDT,False,False,True,,,,True
spot,2025-07,KAIAUSDT,False,False,True,,,,True
spot,2025-07,KAITOUSDT,False,False,True,,,,True
spot,2025-07,LAYERUSDT,False,False,True,,,,True
spot,2025-07,LDOUSDT,False,False,True,,,,True
spot,2025-07,LINKUSDT,True,True,True,,,,True
spot,2025-07,LPTUSDT,False,True,True,,,,True
spot,2025-07,LTCUSDT,False,True,True,,,,True
spot,2025-07,MASKUSDT,False,True,True,,,,True
spot,2025-07,MKRUSDT,False,False,True,,,,True
spot,2025-07,MOVEUSDT,False,False,True,,,,True
spot,2025-07,MUBARAKUSDT,False,False,True,,,,True
spot,2025-07,NEARUSDT,False,True,True,,,,True
spot,2025-07,NEIROUSDT,True,True,True,,,,True
spot,2025-07,NXPCUSDT,False,False,True,,,,True
spot,2025-07,OMUSDT,False,False,True,,,,True
spot,2025-07,ONDOUSDT,False,False,True,,,,True
spot,2025-07,OPUSDT,False,True,True,,,,True
spot,2025-07,ORDIUSDT,False,False,True,,,,True
spot,2025-07,PAXGUSDT,False,True,True,,,,True
spot,2025-07,PENDLEUSDT,False,False,True,,,,True
spot,2025-07,PENGUUSDT,False,True,True,,,,True
spot,2025-07,PEPEUSDT,True,True,True,,,,True
spot,2025-07,PNUTUSDT,False,True,True,,,,True
spot,2025-07,POLUSDT,False,False,True,,,,True
spot,2025-07,RAYUSDT,False,False,True,,,,True
spot,2025-07,RENDERUSDT,False,False,True,,,,True
spot,2025-07,RUNEUSDT,False,False,True,,,,True
spot,2025-07,RVNUSDT,False,True,True,,,,True
spot,2025-07,SEIUSDT,True,True,True,,,,True
spot,2025-07,SHIBUSDT,False,True,True,,,,True
spot,2025-07,SOLUSDT,True,True,True,,,,True
spot,2025-07,SOPHUSDT,False,False,True,,,,True
spot,2025-07,SUIUSDT,True,True,True,,,,True
spot,2025-07,SUSDT,False,True,True,,,,True
spot,2025-07,TAOUSDT,False,True,True,,,,True
spot,2025-07,TIAUSDT,False,False,True,,,,True
spot,2025-07,TONUSDT,False,True,True,,,,True
spot,2025-07,TRBUSDT,False,True,True,,,,True
spot,2025-07,TRUMPUSDT,True,True,True,,,,True
spot,2025-07,TRXUSDT,True,True,True,,,,True
spot,2025-07,UNIUSDT,True,True,True,,,,True
spot,2025-07,USD1USDT,False,False,True,,,,True
spot,2025-07,VIRTUALUSDT,True,True,True,,,,True
spot,2025-07,WBTCUSDT,False,False,True,,,,True
spot,2025-07,WCTUSDT,False,True,True,,,,True
spot,2025-07,WIFUSDT,True,True,True,,,,True
spot,2025-07,WLDUSDT,False,True,True,,,,True
spot,2025-07,WUSDT,False,False,True,,,,True
spot,2025-07,XLMUSDT,False,False,True,,,,True
spot,2025-07,XRPUSDT,True,True,True,,,,True
spot,2025-07,XUSDUSDT,False,False,True,,,,True
spot,2025-07,ZENUSDT,False,False,True,,,,True
spot,2025-07,ZROUSDT,False,False,True,,,,True
spot,2025-08,1INCHUSDT,False,False,True,,,,True
spot,2025-08,AAVEUSDT,False,True,True,,,,True
spot,2025-08,ADAUSDT,True,True,True,,,,True
spot,2025-08,AIXBTUSDT,False,False,True,,,,True
spot,2025-08,ALGOUSDT,False,False,True,,,,True
spot,2025-08,ALTUSDT,False,False,True,,,,True
spot,2025-08,APTUSDT,False,True,True,,,,True
spot,2025-08,ARBUSDT,False,True,True,,,,True
spot,2025-08,ATOMUSDT,False,False,True,,,,True
spot,2025-08,AVAXUSDT,True,True,True,,,,True
spot,2025-08,BANANAS31USDT,False,True,True,,,,True
spot,2025-08,BCHUSDT,False,True,True,,,,True
spot,2025-08,BERAUSDT,False,False,True,,,,True
spot,2025-08,BNBUSDT,True,True,True,,,,True
spot,2025-08,BOMEUSDT,False,False,True,,,,True
spot,2025-08,BONKUSDT,True,True,True,,,,True
spot,2025-08,BTCUSDT,True,True,True,,,,True
spot,2025-08,CAKEUSDT,False,True,True,,,,True
spot,2025-08,CFXUSDT,False,True,True,,,,True
spot,2025-08,CKBUSDT,False,False,True,,,,True
spot,2025-08,COMPUSDT,False,False,True,,,,True
spot,2025-08,CRVUSDT,False,True,True,,,,True
spot,2025-08,DOGEUSDT,True,True,True,,,,True
spot,2025-08,DOTUSDT,False,True,True,,,,True
spot,2025-08,EIGENUSDT,False,False,True,,,,True
spot,2025-08,ENAUSDT,True,True,True,,,,True
spot,2025-08,ENSUSDT,False,False,True,,,,True
spot,2025-08,EPICUSDT,False,False,True,,,,True
spot,2025-08,ETCUSDT,False,False,True,,,,True
spot,2025-08,ETHFIUSDT,False,True,True,,,,True
spot,2025-08,ETHUSDT,True,True,True,,,,True
spot,2025-08,FETUSDT,False,True,True,,,,True
spot,2025-08,FILUSDT,False,False,True,,,,True
spot,2025-08,FLOKIUSDT,False,True,True,,,,True
spot,2025-08,FUNUSDT,False,False,True,,,,True
spot,2025-08,GALAUSDT,False,False,True,,,,True
spot,2025-08,HAEDALUSDT,False,False,True,,,,True
spot,2025-08,HBARUSDT,True,True,True,,,,True
spot,2025-08,HFTUSDT,False,False,True,,,,True
spot,2025-08,HUMAUSDT,False,False,True,,,,True
spot,2025-08,HYPERUSDT,False,True,True,,,,True
spot,2025-08,ICPUSDT,False,False,True,,,,True
spot,2025-08,INITUSDT,False,False,True,,,,True
spot,2025-08,INJUSDT,False,False,True,,,,True
spot,2025-08,KERNELUSDT,False,False,True,,,,True
spot,2025-08,KNCUSDT,False,False,True,,,,True
spot,2025-08,LDOUSDT,False,True,True,,,,True
spot,2025-08,LINKUSDT,True,True,True,,,,True
spot,2025-08,LTCUSDT,True,True,True,,,,True
spot,2025-08,MAVUSDT,False,False,True,,,,True
spot,2025-08,MDTUSDT,False,False,True,,,,True
spot,2025-08,MKRUSDT,False,False,True,,,,True
spot,2025-08,MUBARAKUSDT,False,False,True,,,,True
spot,2025-08,NEARUSDT,False,True,True,,,,True
spot,2025-08,NEIROUSDT,False,True,True,,,,True
spot,2025-08,NEWTUSDT,False,True,True,,,,True
spot,2025-08,OMNIUSDT,False,False,True,,,,True
spot,2025-08,OMUSDT,False,False,True,,,,True
spot,2025-08,ONDOUSDT,False,True,True,,,,True
spot,2025-08,OPUSDT,False,True,True,,,,True
spot,2025-08,ORDIUSDT,False,False,True,,,,True
spot,2025-08,PAXGUSDT,False,False,True,,,,True
spot,2025-08,PENDLEUSDT,False,False,True,,,,True
spot,2025-08,PENGUUSDT,True,True,True,,,,True
spot,2025-08,PEPEUSDT,True,True,True,,,,True
spot,2025-08,PNUTUSDT,False,True,True,,,,True
spot,2025-08,POLUSDT,False,False,True,,,,True
spot,2025-08,RAYUSDT,False,False,True,,,,True
spot,2025-08,RENDERUSDT,False,False,True,,,,True
spot,2025-08,RESOLVUSDT,False,False,True,,,,True
spot,2025-08,REZUSDT,False,False,True,,,,True
spot,2025-08,RUNEUSDT,False,False,True,,,,True
spot,2025-08,SAHARAUSDT,False,True,True,,,,True
spot,2025-08,SEIUSDT,False,True,True,,,,True
spot,2025-08,SHIBUSDT,False,True,True,,,,True
spot,2025-08,SOLUSDT,True,True,True,,,,True
spot,2025-08,SPKUSDT,False,True,True,,,,True
spot,2025-08,SUIUSDT,True,True,True,,,,True
spot,2025-08,SUSDT,False,False,True,,,,True
spot,2025-08,SUSHIUSDT,False,False,True,,,,True
spot,2025-08,TAOUSDT,False,True,True,,,,True
spot,2025-08,THEUSDT,False,False,True,,,,True
spot,2025-08,TIAUSDT,False,True,True,,,,True
spot,2025-08,TONUSDT,False,True,True,,,,True
spot,2025-08,TRUMPUSDT,False,True,True,,,,True
spot,2025-08,TRXUSDT,True,True,True,,,,True
spot,2025-08,TURBOUSDT,False,False,True,,,,True
spot,2025-08,UNIUSDT,True,True,True,,,,True
spot,2025-08,USD1USDT,False,False,True,,,,True
spot,2025-08,USUALUSDT,False,False,True,,,,True
spot,2025-08,VETUSDT,False,False,True,,,,True
spot,2025-08,VICUSDT,False,False,True,,,,True
spot,2025-08,VIRTUALUSDT,False,True,True,,,,True
spot,2025-08,WBTCUSDT,False,False,True,,,,True
spot,2025-08,WIFUSDT,True,True,True,,,,True
spot,2025-08,WLDUSDT,False,True,True,,,,True
spot,2025-08,XLMUSDT,True,True,True,,,,True
spot,2025-08,XRPUSDT,True,True,True,,,,True
spot,2025-08,XTZUSDT,False,False,True,,,,True
spot,2025-08,XUSDUSDT,False,False,True,,,,True
spot,2025-09,A2ZUSDT,False,False,True,,,,True
spot,2025-09,AAVEUSDT,False,True,True,,,,True
spot,2025-09,ADAUSDT,True,True,True,,,,True
spot,2025-09,ALGOUSDT,False,False,True,,,,True
spot,2025-09,ALPINEUSDT,False,False,True,,,,True
spot,2025-09,API3USDT,False,False,True,,,,True
spot,2025-09,APTUSDT,False,True,True,,,,True
spot,2025-09,ARBUSDT,True,True,True,,,,True
spot,2025-09,ARKMUSDT,False,False,True,,,,True
spot,2025-09,ASRUSDT,False,False,True,,,,True
spot,2025-09,ATOMUSDT,False,False,True,,,,True
spot,2025-09,AVAXUSDT,True,True,True,,,,True
spot,2025-09,BBUSDT,False,False,True,,,,True
spot,2025-09,BCHUSDT,False,True,True,,,,True
spot,2025-09,BERAUSDT,False,False,True,,,,True
spot,2025-09,BIOUSDT,True,True,True,,,,True
spot,2025-09,BNBUSDT,True,True,True,,,,True
spot,2025-09,BOMEUSDT,False,False,True,,,,True
spot,2025-09,BONKUSDT,True,True,True,,,,True
spot,2025-09,BTCUSDT,True,True,True,,,,True
spot,2025-09,CAKEUSDT,False,False,True,,,,True
spot,2025-09,CFXUSDT,False,True,True,,,,True
spot,2025-09,CRVUSDT,False,True,True,,,,True
spot,2025-09,CUSDT,False,False,True,,,,True
spot,2025-09,CYBERUSDT,False,False,True,,,,True
spot,2025-09,DOGEUSDT,True,True,True,,,,True
spot,2025-09,DOTUSDT,False,True,True,,,,True
spot,2025-09,EIGENUSDT,False,False,True,,,,True
spot,2025-09,ENAUSDT,True,True,True,,,,True
spot,2025-09,ENSUSDT,False,False,True,,,,True
spot,2025-09,ETCUSDT,False,True,True,,,,True
spot,2025-09,ETHFIUSDT,False,True,True,,,,True
spot,2025-09,ETHUSDT,True,True,True,,,,True
spot,2025-09,FETUSDT,False,False,True,,,,True
spot,2025-09,FILUSDT,False,False,True,,,,True
spot,2025-09,FLOKIUSDT,False,True,True,,,,True
spot,2025-09,GALAUSDT,False,False,True,,,,True
spot,2025-09,HBARUSDT,True,True,True,,,,True
spot,2025-09,ICPUSDT,False,False,True,,,,True
spot,2025-09,ILVUSDT,False,False,True,,,,True
spot,2025-09,INITUSDT,False,False,True,,,,True
spot,2025-09,INJUSDT,False,False,True,,,,True
spot,2025-09,KERNELUSDT,False,False,True,,,,True
spot,2025-09,LDOUSDT,False,True,True,,,,True
spot,2025-09,LINKUSDT,True,True,True,,,,True
spot,2025-09,LPTUSDT,False,False,True,,,,True
spot,2025-09,LTCUSDT,True,True,True,,,,True
spot,2025-09,MAGICUSDT,False,False,True,,,,True
spot,2025-09,MAVUSDT,False,False,True,,,,True
spot,2025-09,MEMEUSDT,False,True,True,,,,True
spot,2025-09,MKRUSDT,False,False,True,,,,True
spot,2025-09,NEARUSDT,False,True,True,,,,True
spot,2025-09,NEIROUSDT,False,False,True,,,,True
spot,2025-09,NEOUSDT,False,False,True,,,,True
spot,2025-09,NMRUSDT,False,False,True,,,,True
spot,2025-09,OGUSDT,False,False,True,,,,True
spot,2025-09,OMNIUSDT,False,False,True,,,,True
spot,2025-09,OMUSDT,False,False,True,,,,True
spot,2025-09,ONDOUSDT,False,True,True,,,,True
spot,2025-09,OPUSDT,False,True,True,,,,True
spot,2025-09,ORDIUSDT,False,False,True,,,,True
spot,2025-09,PAXGUSDT,False,False,True,,,,True
spot,2025-09,PENDLEUSDT,False,True,True,,,,True
spot,2025-09,PENGUUSDT,True,True,True,,,,True
spot,2025-09,PEPEUSDT,True,True,True,,,,True
spot,2025-09,PNUTUSDT,False,False,True,,,,True
spot,2025-09,POLUSDT,False,True,True,,,,True
spot,2025-09,PYTHUSDT,False,True,True,,,,True
spot,2025-09,QTUMUSDT,False,False,True,,,,True
spot,2025-09,RAYUSDT,False,True,True,,,,True
spot,2025-09,RENDERUSDT,False,False,True,,,,True
spot,2025-09,RUNEUSDT,False,False,True,,,,True
spot,2025-09,SAHARAUSDT,False,False,True,,,,True
spot,2025-09,SEIUSDT,False,True,True,,,,True
spot,2025-09,SHIBUSDT,False,True,True,,,,True
spot,2025-09,SKLUSDT,False,False,True,,,,True
spot,2025-09,SOLUSDT,True,True,True,,,,True
spot,2025-09,SPKUSDT,False,True,True,,,,True
spot,2025-09,SUIUSDT,True,True,True,,,,True
spot,2025-09,SUSDT,False,True,True,,,,True
spot,2025-09,TAOUSDT,False,True,True,,,,True
spot,2025-09,TIAUSDT,False,False,True,,,,True
spot,2025-09,TONUSDT,False,True,True,,,,True
spot,2025-09,TREEUSDT,False,True,True,,,,True
spot,2025-09,TRUMPUSDT,False,True,True,,,,True
spot,2025-09,TRXUSDT,True,True,True,,,,True
spot,2025-09,TSTUSDT,False,False,True,,,,True
spot,2025-09,UNIUSDT,True,True,True,,,,True
spot,2025-09,USD1USDT,False,False,True,,,,True
spot,2025-09,VETUSDT,False,False,True,,,,True
spot,2025-09,VIRTUALUSDT,False,True,True,,,,True
spot,2025-09,WBTCUSDT,False,False,True,,,,True
spot,2025-09,WCTUSDT,False,False,True,,,,True
spot,2025-09,WIFUSDT,False,True,True,,,,True
spot,2025-09,WLDUSDT,False,True,True,,,,True
spot,2025-09,WUSDT,False,False,True,,,,True
spot,2025-09,XLMUSDT,False,True,True,,,,True
spot,2025-09,XRPUSDT,True,True,True,,,,True
spot,2025-09,XUSDUSDT,False,False,True,,,,True
spot,2025-09,ZROUSDT,False,False,True,,,,True
spot,2025-10,1000SATSUSDT,False,False,True,,,,True
spot,2025-10,AAVEUSDT,False,True,True,,,,True
spot,2025-10,ADAUSDT,True,True,True,,,,True
spot,2025-10,AEVOUSDT,False,False,True,,,,True
spot,2025-10,ALGOUSDT,False,False,True,,,,True
spot,2025-10,ALPINEUSDT,False,True,True,,,,True
spot,2025-10,APTUSDT,False,True,True,,,,True
spot,2025-10,ARBUSDT,True,True,True,,,,True
spot,2025-10,ARKMUSDT,False,False,True,,,,True
spot,2025-10,AVAXUSDT,True,True,True,,,,True
spot,2025-10,BBUSDT,False,False,True,,,,True
spot,2025-10,BCHUSDT,False,True,True,,,,True
spot,2025-10,BERAUSDT,False,False,True,,,,True
spot,2025-10,BFUSDUSDT,False,False,True,,,,True
spot,2025-10,BIOUSDT,False,True,True,,,,True
spot,2025-10,BNBUSDT,True,True,True,,,,True
spot,2025-10,BONKUSDT,True,True,True,,,,True
spot,2025-10,BTCUSDT,True,True,True,,,,True
spot,2025-10,CAKEUSDT,False,False,True,,,,True
spot,2025-10,CFXUSDT,False,False,True,,,,True
spot,2025-10,CRVUSDT,False,True,True,,,,True
spot,2025-10,CUSDT,False,False,True,,,,True
spot,2025-10,DOGEUSDT,True,True,True,,,,True
spot,2025-10,DOLOUSDT,False,True,True,,,,True
spot,2025-10,DOTUSDT,False,True,True,,,,True
spot,2025-10,EIGENUSDT,False,True,True,,,,True
spot,2025-10,ENAUSDT,True,True,True,,,,True
spot,2025-10,ETCUSDT,False,False,True,,,,True
spot,2025-10,ETHFIUSDT,False,True,True,,,,True
spot,2025-10,ETHUSDT,True,True,True,,,,True
spot,2025-10,FETUSDT,False,False,True,,,,True
spot,2025-10,FILUSDT,False,False,True,,,,True
spot,2025-10,FLOKIUSDT,False,False,True,,,,True
spot,2025-10,FORMUSDT,False,True,True,,,,True
spot,2025-10,GALAUSDT,False,False,True,,,,True
spot,2025-10,HBARUSDT,False,True,True,,,,True
spot,2025-10,ICPUSDT,False,False,True,,,,True
spot,2025-10,IMXUSDT,False,False,True,,,,True
spot,2025-10,INJUSDT,False,False,True,,,,True
spot,2025-10,IOUSDT,False,False,True,,,,True
spot,2025-10,KAITOUSDT,False,False,True,,,,True
spot,2025-10,LDOUSDT,False,True,True,,,,True
spot,2025-10,LINKUSDT,True,True,True,,,,True
spot,2025-10,LISTAUSDT,False,False,True,,,,True
spot,2025-10,LTCUSDT,True,True,True,,,,True
spot,2025-10,MAVUSDT,False,False,True,,,,True
spot,2025-10,MEMEUSDT,False,False,True,,,,True
spot,2025-10,MITOUSDT,True,True,True,,,,True
spot,2025-10,MUBARAKUSDT,False,False,True,,,,True
spot,2025-10,NEARUSDT,True,True,True,,,,True
spot,2025-10,NEIROUSDT,False,False,True,,,,True
spot,2025-10,NMRUSDT,False,False,True,,,,True
spot,2025-10,OGUSDT,False,False,True,,,,True
spot,2025-10,OMUSDT,False,False,True,,,,True
spot,2025-10,ONDOUSDT,False,True,True,,,,True
spot,2025-10,OPUSDT,False,True,True,,,,True
spot,2025-10,ORDIUSDT,False,False,True,,,,True
spot,2025-10,PAXGUSDT,False,True,True,,,,True
spot,2025-10,PENDLEUSDT,False,False,True,,,,True
spot,2025-10,PENGUUSDT,True,True,True,,,,True
spot,2025-10,PEPEUSDT,True,True,True,,,,True
spot,2025-10,PLUMEUSDT,False,True,True,,,,True
spot,2025-10,PNUTUSDT,False,False,True,,,,True
spot,2025-10,POLUSDT,False,True,True,,,,True
spot,2025-10,PROVEUSDT,False,False,True,,,,True
spot,2025-10,PYTHUSDT,False,True,True,,,,True
spot,2025-10,RAYUSDT,False,False,True,,,,True
spot,2025-10,REDUSDT,False,False,True,,,,True
spot,2025-10,RENDERUSDT,False,False,True,,,,True
spot,2025-10,SEIUSDT,False,True,True,,,,True
spot,2025-10,SHIBUSDT,False,True,True,,,,True
spot,2025-10,SIGNUSDT,False,False,True,,,,True
spot,2025-10,SNXUSDT,False,False,True,,,,True
spot,2025-10,SOLUSDT,True,True,True,,,,True
spot,2025-10,SPKUSDT,False,False,True,,,,True
spot,2025-10,SUIUSDT,True,True,True,,,,True
spot,2025-10,SUNUSDT,False,True,True,,,,True
spot,2025-10,SUSDT,False,False,True,,,,True
spot,2025-10,TAOUSDT,False,True,True,,,,True
spot,2025-10,THEUSDT,False,False,True,,,,True
spot,2025-10,TIAUSDT,False,False,True,,,,True
spot,2025-10,TONUSDT,False,False,True,,,,True
spot,2025-10,TOWNSUSDT,False,False,True,,,,True
spot,2025-10,TREEUSDT,False,False,True,,,,True
spot,2025-10,TRUMPUSDT,False,True,True,,,,True
spot,2025-10,TRXUSDT,True,True,True,,,,True
spot,2025-10,TSTUSDT,False,True,True,,,,True
spot,2025-10,TUTUSDT,False,True,True,,,,True
spot,2025-10,TWTUSDT,False,False,True,,,,True
spot,2025-10,UNIUSDT,False,True,True,,,,True
spot,2025-10,USD1USDT,False,True,True,,,,True
spot,2025-10,VIRTUALUSDT,False,False,True,,,,True
spot,2025-10,WIFUSDT,False,True,True,,,,True
spot,2025-10,WLDUSDT,True,True,True,,,,True
spot,2025-10,WUSDT,False,False,True,,,,True
spot,2025-10,XLMUSDT,False,True,True,,,,True
spot,2025-10,XRPUSDT,True,True,True,,,,True
spot,2025-10,XUSDUSDT,False,False,True,,,,True
spot,2025-10,YGGUSDT,False,False,True,,,,True
spot,2025-10,ZROUSDT,False,False,True,,,,True
spot,2025-11,0GUSDT,False,False,True,,,,True
spot,2025-11,1000CHEEMSUSDT,False,False,True,,,,True
spot,2025-11,AAVEUSDT,False,True,True,,,,True
spot,2025-11,ADAUSDT,True,True,True,,,,True
spot,2025-11,ALICEUSDT,False,False,True,,,,True
spot,2025-11,ALPINEUSDT,False,False,True,,,,True
spot,2025-11,APTUSDT,False,True,True,,,,True
spot,2025-11,ARBUSDT,False,True,True,,,,True
spot,2025-11,ARKMUSDT,False,False,True,,,,True
spot,2025-11,ATOMUSDT,False,False,True,,,,True
spot,2025-11,AVAXUSDT,True,True,True,,,,True
spot,2025-11,AVNTUSDT,False,True,True,,,,True
spot,2025-11,BARDUSDT,False,True,True,,,,True
spot,2025-11,BCHUSDT,False,True,True,,,,True
spot,2025-11,BELUSDT,False,False,True,,,,True
spot,2025-11,BFUSDUSDT,False,False,True,,,,True
spot,2025-11,BIOUSDT,False,False,True,,,,True
spot,2025-11,BNBUSDT,True,True,True,,,,True
spot,2025-11,BNSOLUSDT,False,False,True,,,,True
spot,2025-11,BONKUSDT,False,True,True,,,,True
spot,2025-11,BROCCOLI714USDT,False,False,True,,,,True
spot,2025-11,BTCUSDT,True,True,True,,,,True
spot,2025-11,CAKEUSDT,False,True,True,,,,True
spot,2025-11,CRVUSDT,False,False,True,,,,True
spot,2025-11,DASHUSDT,False,True,True,,,,True
spot,2025-11,DEGOUSDT,False,False,True,,,,True
spot,2025-11,DOGEUSDT,True,True,True,,,,True
spot,2025-11,DOTUSDT,False,True,True,,,,True
spot,2025-11,EDENUSDT,False,True,True,,,,True
spot,2025-11,EIGENUSDT,False,False,True,,,,True
spot,2025-11,ENAUSDT,True,True,True,,,,True
spot,2025-11,ETCUSDT,False,False,True,,,,True
spot,2025-11,ETHFIUSDT,False,False,True,,,,True
spot,2025-11,ETHUSDT,True,True,True,,,,True
spot,2025-11,FETUSDT,False,True,True,,,,True
spot,2025-11,FFUSDT,True,True,True,,,,True
spot,2025-11,FILUSDT,False,False,True,,,,True
spot,2025-11,FLOKIUSDT,False,True,True,,,,True
spot,2025-11,FORMUSDT,False,True,True,,,,True
spot,2025-11,GALAUSDT,False,False,True,,,,True
spot,2025-11,HBARUSDT,False,True,True,,,,True
spot,2025-11,HEMIUSDT,False,True,True,,,,True
spot,2025-11,ICPUSDT,False,False,True,,,,True
spot,2025-11,INJUSDT,False,False,True,,,,True
spot,2025-11,KDAUSDT,False,False,True,,,,True
spot,2025-11,LDOUSDT,False,False,True,,,,True
spot,2025-11,LINEAUSDT,False,False,True,,,,True
spot,2025-11,LINKUSDT,True,True,True,,,,True
spot,2025-11,LISTAUSDT,False,False,True,,,,True
spot,2025-11,LTCUSDT,True,True,True,,,,True
spot,2025-11,MIRAUSDT,True,True,True,,,,True
spot,2025-11,MLNUSDT,False,False,True,,,,True
spot,2025-11,NEARUSDT,False,True,True,,,,True
spot,2025-11,NEIROUSDT,False,False,True,,,,True
spot,2025-11,OGUSDT,False,False,True,,,,True
spot,2025-11,ONDOUSDT,False,False,True,,,,True
spot,2025-11,OPENUSDT,False,False,True,,,,True
spot,2025-11,OPUSDT,False,False,True,,,,True
spot,2025-11,PAXGUSDT,False,True,True,,,,True
spot,2025-11,PENDLEUSDT,False,False,True,,,,True
spot,2025-11,PENGUUSDT,False,True,True,,,,True
spot,2025-11,PEPEUSDT,True,True,True,,,,True
spot,2025-11,PLUMEUSDT,False,False,True,,,,True
spot,2025-11,PNUTUSDT,False,False,True,,,,True
spot,2025-11,POLUSDT,False,False,True,,,,True
spot,2025-11,PROVEUSDT,False,False,True,,,,True
spot,2025-11,PUMPUSDT,True,True,True,,,,True
spot,2025-11,RENDERUSDT,False,False,True,,,,True
spot,2025-11,SEIUSDT,False,True,True,,,,True
spot,2025-11,SHIBUSDT,False,False,True,,,,True
spot,2025-11,SNXUSDT,False,True,True,,,,True
spot,2025-11,SOLUSDT,True,True,True,,,,True
spot,2025-11,SOMIUSDT,False,True,True,,,,True
spot,2025-11,STOUSDT,False,False,True,,,,True
spot,2025-11,STRKUSDT,False,False,True,,,,True
spot,2025-11,SUIUSDT,True,True,True,,,,True
spot,2025-11,SUSDT,False,False,True,,,,True
spot,2025-11,TAOUSDT,True,True,True,,,,True
spot,2025-11,TIAUSDT,False,False,True,,,,True
spot,2025-11,TONUSDT,False,False,True,,,,True
spot,2025-11,TRUMPUSDT,False,True,True,,,,True
spot,2025-11,TRXUSDT,True,True,True,,,,True
spot,2025-11,TUTUSDT,False,False,True,,,,True
spot,2025-11,TWTUSDT,False,False,True,,,,True
spot,2025-11,UNIUSDT,False,True,True,,,,True
spot,2025-11,USD1USDT,False,False,True,,,,True
spot,2025-11,VIRTUALUSDT,False,True,True,,,,True
spot,2025-11,WBETHUSDT,False,True,True,,,,True
spot,2025-11,WBTCUSDT,False,False,True,,,,True
spot,2025-11,WIFUSDT,False,True,True,,,,True
spot,2025-11,WLDUSDT,False,True,True,,,,True
spot,2025-11,WLFIUSDT,False,True,True,,,,True
spot,2025-11,WUSDT,False,False,True,,,,True
spot,2025-11,XLMUSDT,False,False,True,,,,True
spot,2025-11,XPLUSDT,True,True,True,,,,True
spot,2025-11,XRPUSDT,True,True,True,,,,True
spot,2025-11,XUSDUSDT,False,False,True,,,,True
spot,2025-11,ZECUSDT,True,True,True,,,,True
spot,2025-11,ZENUSDT,False,True,True,,,,True
spot,2025-11,ZKCUSDT,False,False,True,,,,True
spot,2025-12,0GUSDT,False,False,True,,,,True
spot,2025-12,AAVEUSDT,False,True,True,,,,True
spot,2025-12,ADAUSDT,True,True,True,,,,True
spot,2025-12,ALCXUSDT,False,False,True,,,,True
spot,2025-12,APTUSDT,False,True,True,,,,True
spot,2025-12,ARBUSDT,False,True,True,,,,True
spot,2025-12,ARUSDT,False,True,True,,,,True
spot,2025-12,ASTERUSDT,True,True,True,,,,True
spot,2025-12,ATOMUSDT,False,False,True,,,,True
spot,2025-12,AVAXUSDT,False,True,True,,,,True
spot,2025-12,AVNTUSDT,False,False,True,,,,True
spot,2025-12,BANANAS31USDT,False,False,True,,,,True
spot,2025-12,BATUSDT,False,False,True,,,,True
spot,2025-12,BCHUSDT,False,True,True,,,,True
spot,2025-12,BFUSDUSDT,False,True,True,,,,True
spot,2025-12,BNBUSDT,True,True,True,,,,True
spot,2025-12,BONKUSDT,False,True,True,,,,True
spot,2025-12,BTCUSDT,True,True,True,,,,True
spot,2025-12,CAKEUSDT,False,True,True,,,,True
spot,2025-12,CFXUSDT,False,False,True,,,,True
spot,2025-12,CRVUSDT,False,False,True,,,,True
spot,2025-12,DASHUSDT,True,True,True,,,,True
spot,2025-12,DCRUSDT,False,False,True,,,,True
spot,2025-12,DOGEUSDT,True,True,True,,,,True
spot,2025-12,DOTUSDT,False,True,True,,,,True
spot,2025-12,DYMUSDT,False,False,True,,,,True
spot,2025-12,EIGENUSDT,False,False,True,,,,True
spot,2025-12,ENAUSDT,False,True,True,,,,True
spot,2025-12,ENSOUSDT,False,False,True,,,,True
spot,2025-12,ETCUSDT,False,False,True,,,,True
spot,2025-12,ETHFIUSDT,False,False,True,,,,True
spot,2025-12,ETHUSDT,True,True,True,,,,True
spot,2025-12,FETUSDT,False,True,True,,,,True
spot,2025-12,FFUSDT,False,False,True,,,,True
spot,2025-12,FILUSDT,True,True,True,,,,True
spot,2025-12,FLOKIUSDT,False,False,True,,,,True
spot,2025-12,FLUXUSDT,False,False,True,,,,True
spot,2025-12,FORMUSDT,False,False,True,,,,True
spot,2025-12,FUSDT,False,False,True,,,,True
spot,2025-12,GALAUSDT,False,False,True,,,,True
spot,2025-12,GIGGLEUSDT,True,True,True,,,,True
spot,2025-12,HBARUSDT,False,True,True,,,,True
spot,2025-12,ICPUSDT,True,True,True,,,,True
spot,2025-12,INJUSDT,False,False,True,,,,True
spot,2025-12,KERNELUSDT,False,True,True,,,,True
spot,2025-12,LDOUSDT,False,False,True,,,,True
spot,2025-12,LINEAUSDT,False,False,True,,,,True
spot,2025-12,LINKUSDT,False,True,True,,,,True
spot,2025-12,LSKUSDT,False,False,True,,,,True
spot,2025-12,LTCUSDT,True,True,True,,,,True
spot,2025-12,MINAUSDT,False,False,True,,,,True
spot,2025-12,NEARUSDT,False,True,True,,,,True
spot,2025-12,NEIROUSDT,False,False,True,,,,True
spot,2025-12,ONDOUSDT,False,False,True,,,,True
spot,2025-12,OPUSDT,False,False,True,,,,True
spot,2025-12,ORDIUSDT,False,False,True,,,,True
spot,2025-12,PARTIUSDT,False,False,True,,,,True
spot,2025-12,PAXGUSDT,False,True,True,,,,True
spot,2025-12,PENDLEUSDT,False,False,True,,,,True
spot,2025-12,PENGUUSDT,False,True,True,,,,True
spot,2025-12,PEPEUSDT,False,True,True,,,,True
spot,2025-12,PLUMEUSDT,False,False,True,,,,True
spot,2025-12,PNUTUSDT,False,False,True,,,,True
spot,2025-12,POLUSDT,False,False,True,,,,True
spot,2025-12,PUMPUSDT,False,True,True,,,,True
spot,2025-12,RENDERUSDT,False,False,True,,,,True
spot,2025-12,RESOLVUSDT,False,False,True,,,,True
spot,2025-12,SAHARAUSDT,False,False,True,,,,True
spot,2025-12,SEIUSDT,False,True,True,,,,True
spot,2025-12,SHIBUSDT,False,False,True,,,,True
spot,2025-12,SOLUSDT,True,True,True,,,,True
spot,2025-12,STRKUSDT,True,True,True,,,,True
spot,2025-12,SUIUSDT,True,True,True,,,,True
spot,2025-12,SUSDT,False,False,True,,,,True
spot,2025-12,TAOUSDT,True,True,True,,,,True
spot,2025-12,TIAUSDT,False,False,True,,,,True
spot,2025-12,TNSRUSDT,False,True,True,,,,True
spot,2025-12,TONUSDT,False,False,True,,,,True
spot,2025-12,TRBUSDT,False,False,True,,,,True
spot,2025-12,TRUMPUSDT,False,True,True,,,,True
spot,2025-12,TRXUSDT,True,True,True,,,,True
spot,2025-12,TURTLEUSDT,False,False,True,,,,True
spot,2025-12,UNIUSDT,True,True,True,,,,True
spot,2025-12,USD1USDT,False,False,True,,,,True
spot,2025-12,VIRTUALUSDT,False,True,True,,,,True
spot,2025-12,WBTCUSDT,False,False,True,,,,True
spot,2025-12,WCTUSDT,False,False,True,,,,True
spot,2025-12,WIFUSDT,False,True,True,,,,True
spot,2025-12,WLDUSDT,False,True,True,,,,True
spot,2025-12,WLFIUSDT,False,True,True,,,,True
spot,2025-12,XLMUSDT,False,False,True,,,,True
spot,2025-12,XPLUSDT,False,True,True,,,,True
spot,2025-12,XRPUSDT,True,True,True,,,,True
spot,2025-12,XUSDUSDT,False,False,True,,,,True
spot,2025-12,XVGUSDT,False,False,True,,,,True
spot,2025-12,YBUSDT,False,False,True,,,,True
spot,2025-12,ZBTUSDT,False,True,True,,,,True
spot,2025-12,ZECUSDT,True,True,True,,,,True
spot,2025-12,ZENUSDT,True,True,True,,,,True
spot,2025-12,ZKUSDT,False,True,True,,,,True
spot,2026-01,0GUSDT,False,False,True,,,,True
spot,2026-01,AAVEUSDT,False,True,True,,,,True
spot,2026-01,ACEUSDT,False,False,True,,,,True
spot,2026-01,ACTUSDT,False,False,True,,,,True
spot,2026-01,ADAUSDT,True,True,True,,,,True
spot,2026-01,ALLOUSDT,False,False,True,,,,True
spot,2026-01,ANIMEUSDT,False,False,True,,,,True
spot,2026-01,APTUSDT,False,True,True,,,,True
spot,2026-01,ARBUSDT,False,True,True,,,,True
spot,2026-01,ARUSDT,False,False,True,,,,True
spot,2026-01,ASTERUSDT,True,True,True,,,,True
spot,2026-01,ATUSDT,True,True,True,,,,True
spot,2026-01,AVAXUSDT,True,True,True,,,,True
spot,2026-01,AVNTUSDT,False,False,True,,,,True
spot,2026-01,BANANAS31USDT,False,False,True,,,,True
spot,2026-01,BARDUSDT,False,False,True,,,,True
spot,2026-01,BATUSDT,False,False,True,,,,True
spot,2026-01,BCHUSDT,True,True,True,,,,True
spot,2026-01,BFUSDUSDT,False,True,True,,,,True
spot,2026-01,BIOUSDT,False,False,True,,,,True
spot,2026-01,BNBUSDT,True,True,True,,,,True
spot,2026-01,BONKUSDT,False,True,True,,,,True
spot,2026-01,BROCCOLI714USDT,False,False,True,,,,True
spot,2026-01,BTCUSDT,True,True,True,,,,True
spot,2026-01,CAKEUSDT,False,False,True,,,,True
spot,2026-01,CHZUSDT,False,False,True,,,,True
spot,2026-01,COMPUSDT,False,False,True,,,,True
spot,2026-01,CRVUSDT,False,False,True,,,,True
spot,2026-01,DASHUSDT,False,True,True,,,,True
spot,2026-01,DOGEUSDT,True,True,True,,,,True
spot,2026-01,DOTUSDT,False,True,True,,,,True
spot,2026-01,EIGENUSDT,False,False,True,,,,True
spot,2026-01,ENAUSDT,False,True,True,,,,True
spot,2026-01,ETCUSDT,False,False,True,,,,True
spot,2026-01,ETHFIUSDT,False,False,True,,,,True
spot,2026-01,ETHUSDT,True,True,True,,,,True
spot,2026-01,FETUSDT,False,True,True,,,,True
spot,2026-01,FILUSDT,False,True,True,,,,True
spot,2026-01,FLOKIUSDT,False,False,True,,,,True
spot,2026-01,FLOWUSDT,False,False,True,,,,True
spot,2026-01,FORMUSDT,False,False,True,,,,True
spot,2026-01,GIGGLEUSDT,False,True,True,,,,True
spot,2026-01,HBARUSDT,False,True,True,,,,True
spot,2026-01,HEMIUSDT,False,False,True,,,,True
spot,2026-01,ICPUSDT,False,True,True,,,,True
spot,2026-01,INJUSDT,False,False,True,,,,True
spot,2026-01,KITEUSDT,False,False,True,,,,True
spot,2026-01,LDOUSDT,False,False,True,,,,True
spot,2026-01,LINKUSDT,True,True,True,,,,True
spot,2026-01,LRCUSDT,False,False,True,,,,True
spot,2026-01,LTCUSDT,False,True,True,,,,True
spot,2026-01,LUNAUSDT,False,True,True,,,,True
spot,2026-01,LUNCUSDT,True,True,True,,,,True
spot,2026-01,METUSDT,False,False,True,,,,True
spot,2026-01,MMTUSDT,False,False,True,,,,True
spot,2026-01,NEARUSDT,False,True,True,,,,True
spot,2026-01,NEIROUSDT,False,False,True,,,,True
spot,2026-01,ONDOUSDT,False,False,True,,,,True
spot,2026-01,OPUSDT,False,False,True,,,,True
spot,2026-01,ORDIUSDT,False,False,True,,,,True
spot,2026-01,PARTIUSDT,False,False,True,,,,True
spot,2026-01,PAXGUSDT,True,True,True,,,,True
spot,2026-01,PENDLEUSDT,False,False,True,,,,True
spot,2026-01,PENGUUSDT,False,True,True,,,,True
spot,2026-01,PEPEUSDT,True,True,True,,,,True
spot,2026-01,POLUSDT,False,False,True,,,,True
spot,2026-01,PUMPUSDT,False,True,True,,,,True
spot,2026-01,RENDERUSDT,False,False,True,,,,True
spot,2026-01,RESOLVUSDT,False,False,True,,,,True
spot,2026-01,SAPIENUSDT,False,False,True,,,,True
spot,2026-01,SEIUSDT,False,True,True,,,,True
spot,2026-01,SHIBUSDT,False,False,True,,,,True
spot,2026-01,SOLUSDT,True,True,True,,,,True
spot,2026-01,SOMIUSDT,False,False,True,,,,True
spot,2026-01,STRKUSDT,False,False,True,,,,True
spot,2026-01,SUIUSDT,True,True,True,,,,True
spot,2026-01,SUSDT,False,False,True,,,,True
spot,2026-01,TAOUSDT,False,True,True,,,,True
spot,2026-01,TIAUSDT,False,False,True,,,,True
spot,2026-01,TNSRUSDT,False,False,True,,,,True
spot,2026-01,TONUSDT,False,True,True,,,,True
spot,2026-01,TRUMPUSDT,False,True,True,,,,True
spot,2026-01,TRXUSDT,True,True,True,,,,True
spot,2026-01,TURBOUSDT,False,False,True,,,,True
spot,2026-01,UNIUSDT,True,True,True,,,,True
spot,2026-01,USD1USDT,True,True,True,,,,True
spot,2026-01,USTCUSDT,False,True,True,,,,True
spot,2026-01,VIRTUALUSDT,False,True,True,,,,True
spot,2026-01,WBTCUSDT,False,False,True,,,,True
spot,2026-01,WIFUSDT,False,True,True,,,,True
spot,2026-01,WLDUSDT,False,True,True,,,,True
spot,2026-01,WLFIUSDT,False,True,True,,,,True
spot,2026-01,XLMUSDT,False,False,True,,,,True
spot,2026-01,XPLUSDT,False,True,True,,,,True
spot,2026-01,XRPUSDT,True,True,True,,,,True
spot,2026-01,XUSDUSDT,False,True,True,,,,True
spot,2026-01,ZBTUSDT,False,False,True,,,,True
spot,2026-01,ZECUSDT,True,True,True,,,,True
spot,2026-01,ZENUSDT,False,True,True,,,,True
spot,2026-01,ZKUSDT,False,False,True,,,,True
spot,2026-02,0GUSDT,False,False,True,,,,True
spot,2026-02,AAVEUSDT,False,True,True,,,,True
spot,2026-02,ACHUSDT,False,False,True,,,,True
spot,2026-02,ADAUSDT,True,True,True,,,,True
spot,2026-02,AIXBTUSDT,False,False,True,,,,True
spot,2026-02,APTUSDT,False,True,True,,,,True
spot,2026-02,ARBUSDT,False,True,True,,,,True
spot,2026-02,ARKMUSDT,False,False,True,,,,True
spot,2026-02,ARUSDT,False,False,True,,,,True
spot,2026-02,ASTERUSDT,True,True,True,,,,True
spot,2026-02,ATOMUSDT,False,False,True,,,,True
spot,2026-02,AUCTIONUSDT,False,False,True,,,,True
spot,2026-02,AVAXUSDT,True,True,True,,,,True
spot,2026-02,AVNTUSDT,False,False,True,,,,True
spot,2026-02,AXSUSDT,False,True,True,,,,True
spot,2026-02,BARDUSDT,False,False,True,,,,True
spot,2026-02,BCHUSDT,True,True,True,,,,True
spot,2026-02,BERAUSDT,False,False,True,,,,True
spot,2026-02,BFUSDUSDT,False,False,True,,,,True
spot,2026-02,BIFIUSDT,False,False,True,,,,True
spot,2026-02,BIOUSDT,False,False,True,,,,True
spot,2026-02,BNBUSDT,True,True,True,,,,True
spot,2026-02,BONKUSDT,False,True,True,,,,True
spot,2026-02,BROCCOLI714USDT,False,True,True,,,,True
spot,2026-02,BTCUSDT,True,True,True,,,,True
spot,2026-02,CAKEUSDT,False,False,True,,,,True
spot,2026-02,CHZUSDT,False,True,True,,,,True
spot,2026-02,CRVUSDT,False,False,True,,,,True
spot,2026-02,DASHUSDT,True,True,True,,,,True
spot,2026-02,DOGEUSDT,True,True,True,,,,True
spot,2026-02,DOLOUSDT,False,False,True,,,,True
spot,2026-02,DOTUSDT,False,True,True,,,,True
spot,2026-02,DUSKUSDT,False,True,True,,,,True
spot,2026-02,EIGENUSDT,False,False,True,,,,True
spot,2026-02,ENAUSDT,False,True,True,,,,True
spot,2026-02,ENSOUSDT,False,False,True,,,,True
spot,2026-02,ETCUSDT,False,False,True,,,,True
spot,2026-02,ETHFIUSDT,False,False,True,,,,True
spot,2026-02,ETHUSDT,True,True,True,,,,True
spot,2026-02,FETUSDT,False,True,True,,,,True
spot,2026-02,FILUSDT,False,True,True,,,,True
spot,2026-02,FLOKIUSDT,False,False,True,,,,True
spot,2026-02,GALAUSDT,False,False,True,,,,True
spot,2026-02,GIGGLEUSDT,False,True,True,,,,True
spot,2026-02,GUNUSDT,False,False,True,,,,True
spot,2026-02,HBARUSDT,False,True,True,,,,True
spot,2026-02,ICPUSDT,False,True,True,,,,True
spot,2026-02,INJUSDT,False,False,True,,,,True
spot,2026-02,JASMYUSDT,False,False,True,,,,True
spot,2026-02,KAITOUSDT,False,False,True,,,,True
spot,2026-02,KITEUSDT,False,False,True,,,,True
spot,2026-02,LDOUSDT,False,False,True,,,,True
spot,2026-02,LINEAUSDT,False,False,True,,,,True
spot,2026-02,LINKUSDT,True,True,True,,,,True
spot,2026-02,LTCUSDT,True,True,True,,,,True
spot,2026-02,METUSDT,False,False,True,,,,True
spot,2026-02,NEARUSDT,False,True,True,,,,True
spot,2026-02,NEIROUSDT,False,False,True,,,,True
spot,2026-02,NOMUSDT,False,False,True,,,,True
spot,2026-02,OGUSDT,False,False,True,,,,True
spot,2026-02,ONDOUSDT,False,False,True,,,,True
spot,2026-02,OPUSDT,False,False,True,,,,True
spot,2026-02,PAXGUSDT,True,True,True,,,,True
spot,2026-02,PENDLEUSDT,False,False,True,,,,True
spot,2026-02,PENGUUSDT,False,True,True,,,,True
spot,2026-02,PEPEUSDT,True,True,True,,,,True
spot,2026-02,POLUSDT,False,True,True,,,,True
spot,2026-02,PUMPUSDT,True,True,True,,,,True
spot,2026-02,RENDERUSDT,False,True,True,,,,True
spot,2026-02,RESOLVUSDT,False,False,True,,,,True
spot,2026-02,ROSEUSDT,False,False,True,,,,True
spot,2026-02,SANDUSDT,False,False,True,,,,True
spot,2026-02,SEIUSDT,False,False,True,,,,True
spot,2026-02,SHIBUSDT,False,True,True,,,,True
spot,2026-02,SOLUSDT,True,True,True,,,,True
spot,2026-02,SOMIUSDT,False,False,True,,,,True
spot,2026-02,STRKUSDT,False,False,True,,,,True
spot,2026-02,SUIUSDT,True,True,True,,,,True
spot,2026-02,TAOUSDT,False,True,True,,,,True
spot,2026-02,TIAUSDT,False,False,True,,,,True
spot,2026-02,TONUSDT,False,False,True,,,,True
spot,2026-02,TRUMPUSDT,False,True,True,,,,True
spot,2026-02,TRXUSDT,True,True,True,,,,True
spot,2026-02,UNIUSDT,False,True,True,,,,True
spot,2026-02,USD1USDT,True,True,True,,,,True
spot,2026-02,VIRTUALUSDT,False,True,True,,,,True
spot,2026-02,WBTCUSDT,False,False,True,,,,True
spot,2026-02,WIFUSDT,False,True,True,,,,True
spot,2026-02,WLDUSDT,False,True,True,,,,True
spot,2026-02,WLFIUSDT,False,True,True,,,,True
spot,2026-02,XLMUSDT,False,False,True,,,,True
spot,2026-02,XPLUSDT,False,True,True,,,,True
spot,2026-02,XRPUSDT,True,True,True,,,,True
spot,2026-02,XUSDUSDT,False,True,True,,,,True
spot,2026-02,XVGUSDT,False,False,True,,,,True
spot,2026-02,ZECUSDT,True,True,True,,,,True
spot,2026-02,ZENUSDT,False,True,True,,,,True
spot,2026-02,ZKCUSDT,False,False,True,,,,True
spot,2026-02,ZKUSDT,False,False,True,,,,True
spot,2026-02,ZROUSDT,False,False,True,,,,True
spot,2026-03,0GUSDT,False,False,True,,,,True
spot,2026-03,AAVEUSDT,False,True,True,,,,True
spot,2026-03,ADAUSDT,True,True,True,,,,True
spot,2026-03,ALGOUSDT,False,False,True,,,,True
spot,2026-03,ALLOUSDT,False,False,True,,,,True
spot,2026-03,APTUSDT,False,True,True,,,,True
spot,2026-03,ARBUSDT,False,True,True,,,,True
spot,2026-03,ARUSDT,False,False,True,,,,True
spot,2026-03,ASTERUSDT,True,True,True,,,,True
spot,2026-03,ATOMUSDT,False,False,True,,,,True
spot,2026-03,AVAXUSDT,True,True,True,,,,True
spot,2026-03,BARDUSDT,False,False,True,,,,True
spot,2026-03,BCHUSDT,True,True,True,,,,True
spot,2026-03,BERAUSDT,False,True,True,,,,True
spot,2026-03,BFUSDUSDT,False,False,True,,,,True
spot,2026-03,BIOUSDT,False,False,True,,,,True
spot,2026-03,BNBUSDT,True,True,True,,,,True
spot,2026-03,BONKUSDT,False,True,True,,,,True
spot,2026-03,BREVUSDT,False,False,True,,,,True
spot,2026-03,BTCUSDT,True,True,True,,,,True
spot,2026-03,CAKEUSDT,False,False,True,,,,True
spot,2026-03,CHZUSDT,False,False,True,,,,True
spot,2026-03,CRVUSDT,False,False,True,,,,True
spot,2026-03,CYBERUSDT,False,False,True,,,,True
spot,2026-03,DASHUSDT,False,True,True,,,,True
spot,2026-03,DOGEUSDT,True,True,True,,,,True
spot,2026-03,DOTUSDT,False,True,True,,,,True
spot,2026-03,DUSKUSDT,False,False,True,,,,True
spot,2026-03,EIGENUSDT,False,False,True,,,,True
spot,2026-03,ENAUSDT,False,True,True,,,,True
spot,2026-03,ENSOUSDT,False,True,True,,,,True
spot,2026-03,ETCUSDT,False,False,True,,,,True
spot,2026-03,ETHFIUSDT,False,False,True,,,,True
spot,2026-03,ETHUSDT,True,True,True,,,,True
spot,2026-03,EULUSDT,False,False,True,,,,True
spot,2026-03,FETUSDT,False,False,True,,,,True
spot,2026-03,FILUSDT,False,True,True,,,,True
spot,2026-03,FLOKIUSDT,False,False,True,,,,True
spot,2026-03,FOGOUSDT,False,False,True,,,,True
spot,2026-03,GALAUSDT,False,False,True,,,,True
spot,2026-03,GIGGLEUSDT,False,False,True,,,,True
spot,2026-03,GPSUSDT,False,False,True,,,,True
spot,2026-03,HBARUSDT,False,True,True,,,,True
spot,2026-03,ICPUSDT,False,True,True,,,,True
spot,2026-03,INITUSDT,False,False,True,,,,True
spot,2026-03,INJUSDT,False,False,True,,,,True
spot,2026-03,KITEUSDT,False,True,True,,,,True
spot,2026-03,LDOUSDT,False,False,True,,,,True
spot,2026-03,LINEAUSDT,False,False,True,,,,True
spot,2026-03,LINKUSDT,True,True,True,,,,True
spot,2026-03,LTCUSDT,True,True,True,,,,True
spot,2026-03,LUNCUSDT,False,False,True,,,,True
spot,2026-03,MORPHOUSDT,False,False,True,,,,True
spot,2026-03,NEARUSDT,False,True,True,,,,True
spot,2026-03,OGUSDT,False,False,True,,,,True
spot,2026-03,OMUSDT,False,False,True,,,,True
spot,2026-03,ONDOUSDT,False,False,True,,,,True
spot,2026-03,OPUSDT,False,True,True,,,,True
spot,2026-03,PAXGUSDT,True,True,True,,,,True
spot,2026-03,PENDLEUSDT,False,False,True,,,,True
spot,2026-03,PENGUUSDT,False,True,True,,,,True
spot,2026-03,PEPEUSDT,True,True,True,,,,True
spot,2026-03,POLUSDT,False,False,True,,,,True
spot,2026-03,PUMPUSDT,False,True,True,,,,True
spot,2026-03,RENDERUSDT,False,False,True,,,,True
spot,2026-03,RLUSDUSDT,False,False,True,,,,True
spot,2026-03,ROSEUSDT,False,False,True,,,,True
spot,2026-03,SEIUSDT,False,False,True,,,,True
spot,2026-03,SENTUSDT,True,True,True,,,,True
spot,2026-03,SHIBUSDT,False,True,True,,,,True
spot,2026-03,SKYUSDT,False,False,True,,,,True
spot,2026-03,SNXUSDT,False,False,True,,,,True
spot,2026-03,SOLUSDT,True,True,True,,,,True
spot,2026-03,SOMIUSDT,False,False,True,,,,True
spot,2026-03,STRKUSDT,False,False,True,,,,True
spot,2026-03,SUIUSDT,True,True,True,,,,True
spot,2026-03,TAOUSDT,False,True,True,,,,True
spot,2026-03,TIAUSDT,False,False,True,,,,True
spot,2026-03,TONUSDT,False,False,True,,,,True
spot,2026-03,TRUMPUSDT,False,True,True,,,,True
spot,2026-03,TRXUSDT,True,True,True,,,,True
spot,2026-03,UNIUSDT,False,True,True,,,,True
spot,2026-03,USD1USDT,True,True,True,,,,True
spot,2026-03,UUSDT,False,True,True,,,,True
spot,2026-03,VIRTUALUSDT,False,True,True,,,,True
spot,2026-03,WBETHUSDT,False,False,True,,,,True
spot,2026-03,WBTCUSDT,False,True,True,,,,True
spot,2026-03,WIFUSDT,False,True,True,,,,True
spot,2026-03,WLDUSDT,False,True,True,,,,True
spot,2026-03,WLFIUSDT,True,True,True,,,,True
spot,2026-03,XLMUSDT,False,True,True,,,,True
spot,2026-03,XPLUSDT,False,True,True,,,,True
spot,2026-03,XRPUSDT,True,True,True,,,,True
spot,2026-03,XUSDUSDT,False,True,True,,,,True
spot,2026-03,ZECUSDT,True,True,True,,,,True
spot,2026-03,ZENUSDT,False,False,True,,,,True
spot,2026-03,ZILUSDT,False,False,True,,,,True
spot,2026-03,ZKPUSDT,False,False,True,,,,True
spot,2026-03,ZKUSDT,False,False,True,,,,True
spot,2026-03,ZROUSDT,False,True,True,,,,True
spot,2026-04,AAVEUSDT,False,True,True,,,,True
spot,2026-04,ADAUSDT,True,True,True,,,,True
spot,2026-04,ALGOUSDT,False,False,True,,,,True
spot,2026-04,ANKRUSDT,False,False,True,,,,True
spot,2026-04,APTUSDT,False,True,True,,,,True
spot,2026-04,ARBUSDT,False,False,True,,,,True
spot,2026-04,ARUSDT,False,False,True,,,,True
spot,2026-04,ASTERUSDT,False,True,True,,,,True
spot,2026-04,ATOMUSDT,False,False,True,,,,True
spot,2026-04,AVAXUSDT,True,True,True,,,,True
spot,2026-04,AXSUSDT,False,False,True,,,,True
spot,2026-04,BANANAS31USDT,False,True,True,,,,True
spot,2026-04,BARDUSDT,False,True,True,,,,True
spot,2026-04,BCHUSDT,False,True,True,,,,True
spot,2026-04,BERAUSDT,False,False,True,,,,True
spot,2026-04,BFUSDUSDT,False,False,True,,,,True
spot,2026-04,BIOUSDT,False,False,True,,,,True
spot,2026-04,BNBUSDT,True,True,True,,,,True
spot,2026-04,BONKUSDT,False,False,True,,,,True
spot,2026-04,BTCUSDT,True,True,True,,,,True
spot,2026-04,CAKEUSDT,False,False,True,,,,True
spot,2026-04,CFXUSDT,False,False,True,,,,True
spot,2026-04,CHZUSDT,False,False,True,,,,True
spot,2026-04,COSUSDT,False,False,True,,,,True
spot,2026-04,CRVUSDT,False,False,True,,,,True
spot,2026-04,CUSDT,False,False,True,,,,True
spot,2026-04,DASHUSDT,False,False,True,,,,True
spot,2026-04,DEGOUSDT,False,True,True,,,,True
spot,2026-04,DOGEUSDT,True,True,True,,,,True
spot,2026-04,DOTUSDT,False,True,True,,,,True
spot,2026-04,EIGENUSDT,False,False,True,,,,True
spot,2026-04,ENAUSDT,False,True,True,,,,True
spot,2026-04,ENSOUSDT,False,True,True,,,,True
spot,2026-04,ESPUSDT,False,False,True,,,,True
spot,2026-04,ETCUSDT,False,False,True,,,,True
spot,2026-04,ETHFIUSDT,False,False,True,,,,True
spot,2026-04,ETHUSDT,True,True,True,,,,True
spot,2026-04,FETUSDT,False,True,True,,,,True
spot,2026-04,FILUSDT,False,True,True,,,,True
spot,2026-04,FLOKIUSDT,False,False,True,,,,True
spot,2026-04,FLOWUSDT,False,False,True,,,,True
spot,2026-04,FORMUSDT,False,False,True,,,,True
spot,2026-04,GALAUSDT,False,False,True,,,,True
spot,2026-04,GIGGLEUSDT,False,False,True,,,,True
spot,2026-04,GUNUSDT,False,False,True,,,,True
spot,2026-04,HBARUSDT,False,True,True,,,,True
spot,2026-04,HUMAUSDT,False,False,True,,,,True
spot,2026-04,ICPUSDT,False,True,True,,,,True
spot,2026-04,KITEUSDT,True,True,True,,,,True
spot,2026-04,LINKUSDT,True,True,True,,,,True
spot,2026-04,LTCUSDT,False,True,True,,,,True
spot,2026-04,NEARUSDT,True,True,True,,,,True
spot,2026-04,NOMUSDT,False,False,True,,,,True
spot,2026-04,ONDOUSDT,False,False,True,,,,True
spot,2026-04,ONTUSDT,False,False,True,,,,True
spot,2026-04,OPUSDT,False,False,True,,,,True
spot,2026-04,PAXGUSDT,True,True,True,,,,True
spot,2026-04,PENGUUSDT,False,True,True,,,,True
spot,2026-04,PEPEUSDT,True,True,True,,,,True
spot,2026-04,PHAUSDT,False,False,True,,,,True
spot,2026-04,PIXELUSDT,False,True,True,,,,True
spot,2026-04,PLUMEUSDT,False,False,True,,,,True
spot,2026-04,POLUSDT,False,False,True,,,,True
spot,2026-04,PUMPUSDT,False,True,True,,,,True
spot,2026-04,RENDERUSDT,False,True,True,,,,True
spot,2026-04,RESOLVUSDT,False,False,True,,,,True
spot,2026-04,RLUSDUSDT,False,True,True,,,,True
spot,2026-04,SAHARAUSDT,False,True,True,,,,True
spot,2026-04,SEIUSDT,False,False,True,,,,True
spot,2026-04,SENTUSDT,False,False,True,,,,True
spot,2026-04,SHIBUSDT,False,True,True,,,,True
spot,2026-04,SIGNUSDT,False,True,True,,,,True
spot,2026-04,SKYUSDT,False,False,True,,,,True
spot,2026-04,SOLUSDT,True,True,True,,,,True
spot,2026-04,STOUSDT,False,False,True,,,,True
spot,2026-04,STRKUSDT,False,False,True,,,,True
spot,2026-04,SUIUSDT,True,True,True,,,,True
spot,2026-04,TAOUSDT,True,True,True,,,,True
spot,2026-04,THEUSDT,False,False,True,,,,True
spot,2026-04,TIAUSDT,False,False,True,,,,True
spot,2026-04,TONUSDT,False,False,True,,,,True
spot,2026-04,TRUMPUSDT,True,True,True,,,,True
spot,2026-04,TRXUSDT,True,True,True,,,,True
spot,2026-04,UNIUSDT,False,True,True,,,,True
spot,2026-04,USD1USDT,True,True,True,,,,True
spot,2026-04,UUSDT,True,True,True,,,,True
spot,2026-04,VIRTUALUSDT,False,True,True,,,,True
spot,2026-04,WBTCUSDT,False,False,True,,,,True
spot,2026-04,WIFUSDT,False,False,True,,,,True
spot,2026-04,WLDUSDT,False,True,True,,,,True
spot,2026-04,WLFIUSDT,False,True,True,,,,True
spot,2026-04,XLMUSDT,False,False,True,,,,True
spot,2026-04,XPLUSDT,False,True,True,,,,True
spot,2026-04,XRPUSDT,True,True,True,,,,True
spot,2026-04,XUSDUSDT,False,True,True,,,,True
spot,2026-04,ZAMAUSDT,False,False,True,,,,True
spot,2026-04,ZECUSDT,True,True,True,,,,True
spot,2026-04,ZENUSDT,False,False,True,,,,True
spot,2026-04,ZKUSDT,False,False,True,,,,True
spot,2026-04,ZROUSDT,False,True,True,,,,True
spot,2026-05,0GUSDT,False,False,True,,,,True
spot,2026-05,AAVEUSDT,False,True,True,,,,True
spot,2026-05,ADAUSDT,True,True,True,,,,True
spot,2026-05,ALGOUSDT,False,False,True,,,,True
spot,2026-05,APEUSDT,False,True,True,,,,True
spot,2026-05,API3USDT,False,False,True,,,,True
spot,2026-05,APTUSDT,False,True,True,,,,True
spot,2026-05,ARBUSDT,False,False,True,,,,True
spot,2026-05,ASTERUSDT,False,True,True,,,,True
spot,2026-05,AVAXUSDT,False,True,True,,,,True
spot,2026-05,AVNTUSDT,False,True,True,,,,True
spot,2026-05,AXSUSDT,False,False,True,,,,True
spot,2026-05,BANANAS31USDT,False,False,True,,,,True
spot,2026-05,BARDUSDT,True,True,True,,,,True
spot,2026-05,BCHUSDT,False,False,True,,,,True
spot,2026-05,BIOUSDT,False,True,True,,,,True
spot,2026-05,BLURUSDT,False,False,True,,,,True
spot,2026-05,BNBUSDT,True,True,True,,,,True
spot,2026-05,BONKUSDT,False,False,True,,,,True
spot,2026-05,BTCUSDT,True,True,True,,,,True
spot,2026-05,CFGUSDT,False,False,True,,,,True
spot,2026-05,CHZUSDT,False,False,True,,,,True
spot,2026-05,CRVUSDT,False,False,True,,,,True
spot,2026-05,CTSIUSDT,False,False,True,,,,True
spot,2026-05,DASHUSDT,False,True,True,,,,True
spot,2026-05,DEXEUSDT,False,False,True,,,,True
spot,2026-05,DOGEUSDT,True,True,True,,,,True
spot,2026-05,DOTUSDT,False,False,True,,,,True
spot,2026-05,DUSDT,False,True,True,,,,True
spot,2026-05,DYDXUSDT,False,False,True,,,,True
spot,2026-05,ENAUSDT,False,True,True,,,,True
spot,2026-05,ENJUSDT,False,True,True,,,,True
spot,2026-05,ETHUSDT,True,True,True,,,,True
spot,2026-05,FETUSDT,False,True,True,,,,True
spot,2026-05,FFUSDT,False,False,True,,,,True
spot,2026-05,FILUSDT,False,False,True,,,,True
spot,2026-05,GIGGLEUSDT,False,True,True,,,,True
spot,2026-05,GUNUSDT,False,False,True,,,,True
spot,2026-05,HBARUSDT,False,False,True,,,,True
spot,2026-05,HEMIUSDT,False,False,True,,,,True
spot,2026-05,HIGHUSDT,False,True,True,,,,True
spot,2026-05,ICPUSDT,False,False,True,,,,True
spot,2026-05,JSTUSDT,False,False,True,,,,True
spot,2026-05,KATUSDT,False,True,True,,,,True
spot,2026-05,KITEUSDT,False,False,True,,,,True
spot,2026-05,LDOUSDT,False,False,True,,,,True
spot,2026-05,LINKUSDT,False,True,True,,,,True
spot,2026-05,LTCUSDT,False,True,True,,,,True
spot,2026-05,LUNCUSDT,False,False,True,,,,True
spot,2026-05,MOVRUSDT,False,False,True,,,,True
spot,2026-05,NEARUSDT,False,True,True,,,,True
spot,2026-05,NEIROUSDT,False,False,True,,,,True
spot,2026-05,NIGHTUSDT,False,True,True,,,,True
spot,2026-05,NOMUSDT,False,True,True,,,,True
spot,2026-05,ONDOUSDT,False,False,True,,,,True
spot,2026-05,ONTUSDT,False,False,True,,,,True
spot,2026-05,ORCAUSDT,False,False,True,,,,True
spot,2026-05,ORDIUSDT,False,True,True,,,,True
spot,2026-05,PAXGUSDT,True,True,True,,,,True
spot,2026-05,PENDLEUSDT,False,False,True,,,,True
spot,2026-05,PENGUUSDT,False,True,True,,,,True
spot,2026-05,PEPEUSDT,True,True,True,,,,True
spot,2026-05,PLUMEUSDT,False,True,True,,,,True
spot,2026-05,PNUTUSDT,False,False,True,,,,True
spot,2026-05,POLUSDT,False,False,True,,,,True
spot,2026-05,PUMPUSDT,False,False,True,,,,True
spot,2026-05,REDUSDT,False,False,True,,,,True
spot,2026-05,RENDERUSDT,False,False,True,,,,True
spot,2026-05,RLUSDUSDT,True,True,True,,,,True
spot,2026-05,SEIUSDT,False,False,True,,,,True
spot,2026-05,SHIBUSDT,False,False,True,,,,True
spot,2026-05,SIGNUSDT,False,False,True,,,,True
spot,2026-05,SOLUSDT,True,True,True,,,,True
spot,2026-05,SOLVUSDT,False,False,True,,,,True
spot,2026-05,SPKUSDT,False,True,True,,,,True
spot,2026-05,STOUSDT,True,True,True,,,,True
spot,2026-05,SUIUSDT,True,True,True,,,,True
spot,2026-05,TAOUSDT,True,True,True,,,,True
spot,2026-05,TIAUSDT,False,False,True,,,,True
spot,2026-05,TONUSDT,True,True,True,,,,True
spot,2026-05,TREEUSDT,False,False,True,,,,True
spot,2026-05,TRUMPUSDT,False,True,True,,,,True
spot,2026-05,TRXUSDT,True,True,True,,,,True
spot,2026-05,UNIUSDT,False,True,True,,,,True
spot,2026-05,USD1USDT,True,True,True,,,,True
spot,2026-05,UUSDT,True,True,True,,,,True
spot,2026-05,VIRTUALUSDT,False,False,True,,,,True
spot,2026-05,WBTCUSDT,False,False,True,,,,True
spot,2026-05,WIFUSDT,False,False,True,,,,True
spot,2026-05,WLDUSDT,False,True,True,,,,True
spot,2026-05,WLFIUSDT,False,True,True,,,,True
spot,2026-05,XAUTUSDT,True,True,True,,,,True
spot,2026-05,XLMUSDT,False,False,True,,,,True
spot,2026-05,XPLUSDT,False,True,True,,,,True
spot,2026-05,XRPUSDT,True,True,True,,,,True
spot,2026-05,XUSDUSDT,False,False,True,,,,True
spot,2026-05,ZAMAUSDT,False,False,True,,,,True
spot,2026-05,ZBTUSDT,False,True,True,,,,True
spot,2026-05,ZECUSDT,True,True,True,,,,True
spot,2026-05,ZROUSDT,False,False,True,,,,True
spot,2026-06,AAVEUSDT,False,True,True,,,,True
spot,2026-06,ADAUSDT,True,True,True,,,,True
spot,2026-06,ALGOUSDT,False,False,True,,,,True
spot,2026-06,ALLOUSDT,False,True,True,,,,True
spot,2026-06,ALTUSDT,False,False,True,,,,True
spot,2026-06,APTUSDT,False,False,True,,,,True
spot,2026-06,ARBUSDT,False,False,True,,,,True
spot,2026-06,ARUSDT,False,False,True,,,,True
spot,2026-06,ASTERUSDT,False,True,True,,,,True
spot,2026-06,ATOMUSDT,False,False,True,,,,True
spot,2026-06,AVAXUSDT,False,True,True,,,,True
spot,2026-06,BANANAS31USDT,False,False,True,,,,True
spot,2026-06,BCHUSDT,False,True,True,,,,True
spot,2026-06,BIOUSDT,False,True,True,,,,True
spot,2026-06,BNBUSDT,True,True,True,,,,True
spot,2026-06,BONKUSDT,False,False,True,,,,True
spot,2026-06,BTCUSDT,True,True,True,,,,True
spot,2026-06,CFGUSDT,False,False,True,,,,True
spot,2026-06,CHIPUSDT,True,True,True,,,,True
spot,2026-06,CHZUSDT,False,False,True,,,,True
spot,2026-06,CRVUSDT,False,False,True,,,,True
spot,2026-06,DASHUSDT,False,True,True,,,,True
spot,2026-06,DOGEUSDT,True,True,True,,,,True
spot,2026-06,DOGSUSDT,False,False,True,,,,True
spot,2026-06,DOTUSDT,False,False,True,,,,True
spot,2026-06,DUSDT,False,False,True,,,,True
spot,2026-06,DYMUSDT,False,False,True,,,,True
spot,2026-06,EDENUSDT,False,True,True,,,,True
spot,2026-06,EIGENUSDT,False,False,True,,,,True
spot,2026-06,ENAUSDT,False,True,True,,,,True
spot,2026-06,ETCUSDT,False,False,True,,,,True
spot,2026-06,ETHUSDT,True,True,True,,,,True
spot,2026-06,FETUSDT,False,True,True,,,,True
spot,2026-06,FFUSDT,False,False,True,,,,True
spot,2026-06,FIDAUSDT,False,False,True,,,,True
spot,2026-06,FILUSDT,False,True,True,,,,True
spot,2026-06,GALAUSDT,False,False,True,,,,True
spot,2026-06,GIGGLEUSDT,False,False,True,,,,True
spot,2026-06,HBARUSDT,False,True,True,,,,True
spot,2026-06,ICPUSDT,False,True,True,,,,True
spot,2026-06,INJUSDT,False,True,True,,,,True
spot,2026-06,IOUSDT,False,False,True,,,,True
spot,2026-06,JTOUSDT,False,False,True,,,,True
spot,2026-06,KITEUSDT,False,False,True,,,,True
spot,2026-06,LAYERUSDT,False,True,True,,,,True
spot,2026-06,LDOUSDT,False,False,True,,,,True
spot,2026-06,LINKUSDT,True,True,True,,,,True
spot,2026-06,LTCUSDT,False,True,True,,,,True
spot,2026-06,LUNCUSDT,False,True,True,,,,True
spot,2026-06,MEGAUSDT,False,True,True,,,,True
spot,2026-06,MEMEUSDT,False,False,True,,,,True
spot,2026-06,NEARUSDT,True,True,True,,,,True
spot,2026-06,NILUSDT,False,False,True,,,,True
spot,2026-06,NOTUSDT,False,False,True,,,,True
spot,2026-06,ONDOUSDT,True,True,True,,,,True
spot,2026-06,OPENUSDT,False,False,True,,,,True
spot,2026-06,OPUSDT,False,False,True,,,,True
spot,2026-06,ORCAUSDT,False,False,True,,,,True
spot,2026-06,ORDIUSDT,False,False,True,,,,True
spot,2026-06,OSMOUSDT,False,False,True,,,,True
spot,2026-06,PARTIUSDT,False,False,True,,,,True
spot,2026-06,PAXGUSDT,False,True,True,,,,True
spot,2026-06,PENDLEUSDT,False,False,True,,,,True
spot,2026-06,PENGUUSDT,False,True,True,,,,True
spot,2026-06,PEPEUSDT,True,True,True,,,,True
spot,2026-06,POLUSDT,False,False,True,,,,True
spot,2026-06,PUMPUSDT,False,False,True,,,,True
spot,2026-06,RENDERUSDT,False,True,True,,,,True
spot,2026-06,RLUSDUSDT,True,True,True,,,,True
spot,2026-06,SAGAUSDT,False,True,True,,,,True
spot,2026-06,SAHARAUSDT,False,True,True,,,,True
spot,2026-06,SEIUSDT,False,False,True,,,,True
spot,2026-06,SHIBUSDT,False,False,True,,,,True
spot,2026-06,SOLUSDT,True,True,True,,,,True
spot,2026-06,SPKUSDT,False,True,True,,,,True
spot,2026-06,STRKUSDT,False,False,True,,,,True
spot,2026-06,SUIUSDT,True,True,True,,,,True
spot,2026-06,TAOUSDT,True,True,True,,,,True
spot,2026-06,TIAUSDT,False,False,True,,,,True
spot,2026-06,TONUSDT,True,True,True,,,,True
spot,2026-06,TRUMPUSDT,False,True,True,,,,True
spot,2026-06,TRXUSDT,True,True,True,,,,True
spot,2026-06,TSTUSDT,False,False,True,,,,True
spot,2026-06,UNIUSDT,False,True,True,,,,True
spot,2026-06,USD1USDT,True,True,True,,,,True
spot,2026-06,UUSDT,False,True,True,,,,True
spot,2026-06,VANAUSDT,False,False,True,,,,True
spot,2026-06,VIRTUALUSDT,False,False,True,,,,True
spot,2026-06,WIFUSDT,False,False,True,,,,True
spot,2026-06,WLDUSDT,False,True,True,,,,True
spot,2026-06,WLFIUSDT,False,True,True,,,,True
spot,2026-06,XAUTUSDT,False,True,True,,,,True
spot,2026-06,XLMUSDT,True,True,True,,,,True
spot,2026-06,XPLUSDT,False,False,True,,,,True
spot,2026-06,XRPUSDT,True,True,True,,,,True
spot,2026-06,XUSDUSDT,False,False,True,,,,True
spot,2026-06,ZAMAUSDT,False,False,True,,,,True
spot,2026-06,ZBTUSDT,False,False,True,,,,True
spot,2026-06,ZECUSDT,True,True,True,,,,True
spot,2026-06,ZENUSDT,False,False,True,,,,True
spot,2026-07,AAVEUSDT,False,True,True,,,,True
spot,2026-07,ADAUSDT,True,True,True,,,,True
spot,2026-07,AIGENSYNUSDT,False,False,True,,,,True
spot,2026-07,ALGOUSDT,False,False,True,,,,True
spot,2026-07,ALLOUSDT,False,True,True,,,,True
spot,2026-07,APTUSDT,False,False,True,,,,True
spot,2026-07,ARBUSDT,False,False,True,,,,True
spot,2026-07,ARUSDT,False,False,True,,,,True
spot,2026-07,ASTERUSDT,False,True,True,,,,True
spot,2026-07,AVAXUSDT,False,True,True,,,,True
spot,2026-07,BABYUSDT,False,True,True,,,,True
spot,2026-07,BCHUSDT,False,True,True,,,,True
spot,2026-07,BELUSDT,False,False,True,,,,True
spot,2026-07,BICOUSDT,False,False,True,,,,True
spot,2026-07,BIOUSDT,False,False,True,,,,True
spot,2026-07,BNBUSDT,True,True,True,,,,True
spot,2026-07,BTCUSDT,True,True,True,,,,True
spot,2026-07,CELOUSDT,False,False,True,,,,True
spot,2026-07,CHIPUSDT,False,False,True,,,,True
spot,2026-07,CHZUSDT,False,False,True,,,,True
spot,2026-07,CRVUSDT,False,False,True,,,,True
spot,2026-07,DASHUSDT,False,False,True,,,,True
spot,2026-07,DEXEUSDT,False,False,True,,,,True
spot,2026-07,DOGEUSDT,True,True,True,,,,True
spot,2026-07,DOTUSDT,False,False,True,,,,True
spot,2026-07,EDENUSDT,False,False,True,,,,True
spot,2026-07,EIGENUSDT,False,False,True,,,,True
spot,2026-07,ENAUSDT,True,True,True,,,,True
spot,2026-07,EPICUSDT,False,False,True,,,,True
spot,2026-07,ETHUSDT,True,True,True,,,,True
spot,2026-07,FETUSDT,False,True,True,,,,True
spot,2026-07,FIDAUSDT,False,False,True,,,,True
spot,2026-07,FILUSDT,False,True,True,,,,True
spot,2026-07,GENIUSUSDT,False,False,True,,,,True
spot,2026-07,GIGGLEUSDT,False,False,True,,,,True
spot,2026-07,HBARUSDT,False,True,True,,,,True
spot,2026-07,HEIUSDT,False,True,True,,,,True
spot,2026-07,HMSTRUSDT,False,False,True,,,,True
spot,2026-07,HOLOUSDT,False,False,True,,,,True
spot,2026-07,HOMEUSDT,False,True,True,,,,True
spot,2026-07,HYPERUSDT,False,True,True,,,,True
spot,2026-07,ICPUSDT,False,True,True,,,,True
spot,2026-07,IDUSDT,False,False,True,,,,True
spot,2026-07,INJUSDT,False,True,True,,,,True
spot,2026-07,IOUSDT,False,False,True,,,,True
spot,2026-07,JSTUSDT,False,False,True,,,,True
spot,2026-07,JTOUSDT,False,True,True,,,,True
spot,2026-07,LDOUSDT,False,False,True,,,,True
spot,2026-07,LINKUSDT,False,True,True,,,,True
spot,2026-07,LTCUSDT,False,True,True,,,,True
spot,2026-07,LUNCUSDT,False,False,True,,,,True
spot,2026-07,MEGAUSDT,True,True,True,,,,True
spot,2026-07,MEMEUSDT,False,False,True,,,,True
spot,2026-07,NEARUSDT,True,True,True,,,,True
spot,2026-07,NIGHTUSDT,False,True,True,,,,True
spot,2026-07,ONDOUSDT,False,True,True,,,,True
spot,2026-07,OPGUSDT,False,True,True,,,,True
spot,2026-07,OPNUSDT,False,True,True,,,,True
spot,2026-07,OPUSDT,False,False,True,,,,True
spot,2026-07,ORDIUSDT,False,False,True,,,,True
spot,2026-07,PAXGUSDT,False,True,True,,,,True
spot,2026-07,PENDLEUSDT,False,False,True,,,,True
spot,2026-07,PENGUUSDT,False,False,True,,,,True
spot,2026-07,PEPEUSDT,False,True,True,,,,True
spot,2026-07,POLUSDT,False,False,True,,,,True
spot,2026-07,PORTALUSDT,False,True,True,,,,True
spot,2026-07,PUMPUSDT,False,True,True,,,,True
spot,2026-07,RENDERUSDT,False,False,True,,,,True
spot,2026-07,RESOLVUSDT,False,False,True,,,,True
spot,2026-07,RIFUSDT,False,False,True,,,,True
spot,2026-07,RLUSDUSDT,True,True,True,,,,True
spot,2026-07,SAHARAUSDT,False,False,True,,,,True
spot,2026-07,SEIUSDT,False,False,True,,,,True
spot,2026-07,SHIBUSDT,False,False,True,,,,True
spot,2026-07,SOLUSDT,True,True,True,,,,True
spot,2026-07,STGUSDT,False,False,True,,,,True
spot,2026-07,STOUSDT,False,False,True,,,,True
spot,2026-07,STRAXUSDT,False,False,True,,,,True
spot,2026-07,SUIUSDT,True,True,True,,,,True
spot,2026-07,SYNUSDT,False,True,True,,,,True
spot,2026-07,TAOUSDT,True,True,True,,,,True
spot,2026-07,TIAUSDT,False,False,True,,,,True
spot,2026-07,TONUSDT,False,True,True,,,,True
spot,2026-07,TRUMPUSDT,False,True,True,,,,True
spot,2026-07,TRXUSDT,True,True,True,,,,True
spot,2026-07,UNIUSDT,False,True,True,,,,True
spot,2026-07,USD1USDT,True,True,True,,,,True
spot,2026-07,UUSDT,False,True,True,,,,True
spot,2026-07,VIRTUALUSDT,False,False,True,,,,True
spot,2026-07,WBETHUSDT,False,False,True,,,,True
spot,2026-07,WBTCUSDT,False,False,True,,,,True
spot,2026-07,WLDUSDT,True,True,True,,,,True
spot,2026-07,WLFIUSDT,False,False,True,,,,True
spot,2026-07,XAUTUSDT,True,True,True,,,,True
spot,2026-07,XLMUSDT,True,True,True,,,,True
spot,2026-07,XPLUSDT,True,True,True,,,,True
spot,2026-07,XRPUSDT,True,True,True,,,,True
spot,2026-07,ZAMAUSDT,False,False,True,,,,True
spot,2026-07,ZECUSDT,True,True,True,,,,True
spot,2026-07,ZROUSDT,False,False,True,,,,True
spot,2026-08,AAVEUSDT,False,True,True,,,,True
spot,2026-08,ACEUSDT,False,False,True,,,,True
spot,2026-08,ADAUSDT,True,True,True,,,,True
spot,2026-08,AIGENSYNUSDT,False,True,True,,,,True
spot,2026-08,ALLOUSDT,False,True,True,,,,True
spot,2026-08,APTUSDT,False,False,True,,,,True
spot,2026-08,ARBUSDT,False,False,True,,,,True
spot,2026-08,ASTERUSDT,False,False,True,,,,True
spot,2026-08,AVAXUSDT,False,True,True,,,,True
spot,2026-08,BANKUSDT,True,True,True,,,,True
spot,2026-08,BCHUSDT,False,False,True,,,,True
spot,2026-08,BNBUSDT,True,True,True,,,,True
spot,2026-08,BONKUSDT,False,False,True,,,,True
spot,2026-08,BTCUSDT,True,True,True,,,,True
spot,2026-08,CELOUSDT,False,True,True,,,,True
spot,2026-08,COTIUSDT,False,False,True,,,,True
spot,2026-08,CRCLBUSDT,False,False,True,,,,True
spot,2026-08,DASHUSDT,False,False,True,,,,True
spot,2026-08,DEXEUSDT,True,True,True,,,,True
spot,2026-08,DODOUSDT,False,False,True,,,,True
spot,2026-08,DOGEUSDT,True,True,True,,,,True
spot,2026-08,DOTUSDT,False,False,True,,,,True
spot,2026-08,DYDXUSDT,False,False,True,,,,True
spot,2026-08,EIGENUSDT,False,False,True,,,,True
spot,2026-08,ENAUSDT,False,True,True,,,,True
spot,2026-08,EPICUSDT,False,False,True,,,,True
spot,2026-08,ERAUSDT,False,False,True,,,,True
spot,2026-08,ESPUSDT,False,False,True,,,,True
spot,2026-08,ETHFIUSDT,False,False,True,,,,True
spot,2026-08,ETHUSDT,True,True,True,,,,True
spot,2026-08,EULUSDT,False,True,True,,,,True
spot,2026-08,EWYBUSDT,False,False,True,,,,True
spot,2026-08,FETUSDT,False,False,True,,,,True
spot,2026-08,FILUSDT,False,False,True,,,,True
spot,2026-08,GIGGLEUSDT,False,False,True,,,,True
spot,2026-08,HBARUSDT,False,False,True,,,,True
spot,2026-08,HEIUSDT,False,False,True,,,,True
spot,2026-08,HMSTRUSDT,False,False,True,,,,True
spot,2026-08,HOMEUSDT,False,False,True,,,,True
spot,2026-08,ICPUSDT,False,False,True,,,,True
spot,2026-08,INJUSDT,False,False,True,,,,True
spot,2026-08,JSTUSDT,False,False,True,,,,True
spot,2026-08,JTOUSDT,False,False,True,,,,True
spot,2026-08,KAITOUSDT,False,True,True,,,,True
spot,2026-08,KITEUSDT,True,True,True,,,,True
spot,2026-08,LAUSDT,False,False,True,,,,True
spot,2026-08,LDOUSDT,False,False,True,,,,True
spot,2026-08,LINKUSDT,False,True,True,,,,True
spot,2026-08,LTCUSDT,False,True,True,,,,True
spot,2026-08,MEGAUSDT,False,False,True,,,,True
spot,2026-08,MIRAUSDT,False,False,True,,,,True
spot,2026-08,MMTUSDT,False,False,True,,,,True
spot,2026-08,MORPHOUSDT,False,False,True,,,,True
spot,2026-08,MUBUSDT,False,True,True,,,,True
spot,2026-08,NEARUSDT,True,True,True,,,,True
spot,2026-08,ONDOUSDT,False,True,True,,,,True
spot,2026-08,OPNUSDT,True,True,True,,,,True
spot,2026-08,OPUSDT,False,False,True,,,,True
spot,2026-08,ORDIUSDT,False,False,True,,,,True
spot,2026-08,PAXGUSDT,False,True,True,,,,True
spot,2026-08,PENGUUSDT,False,False,True,,,,True
spot,2026-08,PEPEUSDT,False,True,True,,,,True
spot,2026-08,POLUSDT,False,False,True,,,,True
spot,2026-08,PUMPUSDT,False,True,True,,,,True
spot,2026-08,PYTHUSDT,False,False,True,,,,True
spot,2026-08,REUSDT,True,True,True,,,,True
spot,2026-08,RIFUSDT,False,False,True,,,,True
spot,2026-08,RLUSDUSDT,True,True,True,,,,True
spot,2026-08,SENTUSDT,False,True,True,,,,True
spot,2026-08,SHIBUSDT,False,False,True,,,,True
spot,2026-08,SNDKBUSDT,True,True,True,,,,True
spot,2026-08,SOLUSDT,True,True,True,,,,True
spot,2026-08,SPCXBUSDT,False,True,True,,,,True
spot,2026-08,SUIUSDT,False,True,True,,,,True
spot,2026-08,SXTUSDT,False,True,True,,,,True
spot,2026-08,SYNUSDT,False,True,True,,,,True
spot,2026-08,TAOUSDT,False,True,True,,,,True
spot,2026-08,TIAUSDT,False,False,True,,,,True
spot,2026-08,TLMUSDT,False,True,True,,,,True
spot,2026-08,TOWNSUSDT,False,False,True,,,,True
spot,2026-08,TREEUSDT,False,False,True,,,,True
spot,2026-08,TRUMPUSDT,False,True,True,,,,True
spot,2026-08,TRXUSDT,True,True,True,,,,True
spot,2026-08,UNIUSDT,False,True,True,,,,True
spot,2026-08,USD1USDT,True,True,True,,,,True
spot,2026-08,UUSDT,False,True,True,,,,True
spot,2026-08,VANAUSDT,False,True,True,,,,True
spot,2026-08,VANRYUSDT,False,True,True,,,,True
spot,2026-08,VIRTUALUSDT,False,False,True,,,,True
spot,2026-08,WLDUSDT,True,True,True,,,,True
spot,2026-08,WLFIUSDT,False,False,True,,,,True
spot,2026-08,XAUTUSDT,False,True,True,,,,True
spot,2026-08,XECUSDT,False,False,True,,,,True
spot,2026-08,XLMUSDT,True,True,True,,,,True
spot,2026-08,XPLUSDT,False,True,True,,,,True
spot,2026-08,XRPUSDT,True,True,True,,,,True
spot,2026-08,XUSDUSDT,False,False,True,,,,True
spot,2026-08,ZAMAUSDT,False,True,True,,,,True
spot,2026-08,ZBTUSDT,False,False,True,,,,True
spot,2026-08,ZECUSDT,True,True,True,,,,True
