market,universe_month,candidate_count,eligible_count,top20,top50,top100,partial_prior_month,membership_gap
spot,2017-09,2,0,0,0,0,2,1
spot,2017-10,2,2,2,2,2,0,1
spot,2017-11,2,2,2,2,2,0,1
spot,2017-12,5,2,2,2,2,3,1
spot,2018-01,6,5,5,5,5,1,1
spot,2018-02,6,6,6,6,6,0,1
spot,2018-03,6,6,6,6,6,0,1
spot,2018-04,7,6,6,6,6,1,1
spot,2018-05,8,7,7,7,7,1,1
spot,2018-06,12,8,8,8,8,4,1
spot,2018-07,17,12,12,12,12,5,1
spot,2018-08,19,16,16,16,16,3,1
spot,2018-09,18,18,18,18,18,0,1
spot,2018-10,18,18,18,18,18,0,1
spot,2018-11,20,18,18,18,18,2,1
spot,2018-12,20,18,18,18,18,2,1
spot,2019-01,20,20,20,20,20,0,1
spot,2019-02,22,20,20,20,20,2,1
spot,2019-03,28,22,20,22,22,6,1
spot,2019-04,35,29,20,29,29,6,1
spot,2019-05,42,34,20,34,34,8,1
spot,2019-06,42,41,20,41,41,1,1
spot,2019-07,46,42,20,42,42,3,1
spot,2019-08,51,46,20,46,46,4,1
spot,2019-09,66,51,20,50,51,14,0
spot,2019-10,74,65,20,50,65,9,0
spot,2019-11,76,73,20,50,73,3,0
spot,2019-12,82,75,20,50,75,7,0
spot,2020-01,84,81,20,50,81,3,0
spot,2020-02,87,84,20,50,84,3,0
spot,2020-03,96,87,20,50,87,9,0
spot,2020-04,97,96,20,50,96,1,0
spot,2020-05,102,97,20,50,97,5,0
spot,2020-06,106,102,20,50,100,4,0
spot,2020-07,113,104,20,50,100,9,0
spot,2020-08,121,111,20,50,100,10,0
spot,2020-09,142,120,20,50,100,22,0
spot,2020-10,158,140,20,50,100,16,0
spot,2020-11,167,156,20,50,100,11,0
spot,2020-12,174,163,20,50,100,11,0
spot,2021-01,182,172,20,50,100,9,0
spot,2021-02,188,180,20,50,100,8,0
spot,2021-03,193,188,20,50,100,5,0
spot,2021-04,203,191,20,50,100,12,0
spot,2021-05,216,202,20,50,100,14,0
spot,2021-06,222,215,20,50,100,7,0
spot,2021-07,230,221,20,50,100,9,0
spot,2021-08,238,231,20,50,100,7,0
spot,2021-09,251,238,20,50,100,13,0
spot,2021-10,263,250,20,50,100,13,0
spot,2021-11,272,262,20,50,100,10,0
spot,2021-12,289,272,20,50,100,17,0
spot,2022-01,302,288,20,50,100,13,0
spot,2022-02,311,299,20,50,100,12,0
spot,2022-03,313,307,20,50,100,6,0
spot,2022-04,316,309,20,50,100,7,0
spot,2022-05,319,312,20,50,100,6,0
spot,2022-06,320,315,20,50,100,5,0
spot,2022-07,321,320,20,50,100,0,0
spot,2022-08,322,320,20,50,100,2,0
spot,2022-09,322,321,20,50,100,1,0
spot,2022-10,323,321,20,50,100,2,0
spot,2022-11,328,317,20,50,100,11,0
spot,2022-12,324,316,20,50,100,8,0
spot,2023-01,321,313,20,50,100,7,0
spot,2023-02,318,313,20,50,100,5,0
spot,2023-03,321,313,20,50,100,8,0
spot,2023-04,333,319,20,50,100,14,0
spot,2023-05,335,331,20,50,100,4,0
spot,2023-06,340,332,20,50,100,8,0
spot,2023-07,341,339,20,50,100,2,0
spot,2023-08,344,340,20,50,100,4,0
spot,2023-09,347,344,20,50,100,3,0
spot,2023-10,351,346,20,50,100,5,0
spot,2023-11,353,350,20,50,100,3,0
spot,2023-12,358,349,20,50,100,9,0
spot,2024-01,361,352,20,50,100,8,0
spot,2024-02,362,358,20,50,100,4,0
spot,2024-03,368,358,20,50,100,10,0
spot,2024-04,370,363,20,50,100,5,0
spot,2024-05,378,368,20,50,100,10,0
spot,2024-06,377,375,20,50,100,2,0
spot,2024-07,381,373,20,50,100,8,0
spot,2024-08,380,369,20,50,100,11,0
spot,2024-09,376,365,20,50,100,11,0
spot,2024-10,375,368,20,50,100,7,0
spot,2024-11,378,372,20,50,100,5,0
spot,2024-12,383,374,20,50,100,9,0
spot,2025-01,388,372,20,50,100,16,0
spot,2025-02,389,378,20,50,100,11,0
spot,2025-03,395,382,20,50,100,13,0
spot,2025-04,402,383,20,50,100,19,0
spot,2025-05,404,381,20,50,100,23,0
spot,2025-06,400,384,20,50,100,16,0
spot,2025-07,399,394,20,50,100,5,0
spot,2025-08,404,393,20,50,100,11,0
spot,2025-09,404,398,20,50,100,6,0
spot,2025-10,420,399,20,50,100,20,0
spot,2025-11,427,415,20,50,100,11,0
spot,2025-12,434,424,20,50,100,10,0
spot,2026-01,432,428,20,50,100,4,0
spot,2026-02,435,428,20,50,100,7,0
spot,2026-03,435,427,20,50,100,8,0
spot,2026-04,437,429,20,50,100,8,0
spot,2026-05,439,418,20,50,100,21,0
spot,2026-06,424,416,20,50,100,8,0
spot,2026-07,435,415,20,50,100,20,0
spot,2026-08,472,425,20,50,100,47,0
um,2020-02,11,0,0,0,0,8,1
um,2020-03,24,11,11,11,11,13,1
um,2020-04,24,24,20,24,24,0,1
um,2020-05,24,24,20,24,24,0,1
um,2020-06,25,24,20,24,24,1,1
um,2020-07,30,25,20,25,25,5,1
um,2020-08,37,30,20,30,30,7,1
um,2020-09,43,37,20,37,37,6,1
um,2020-10,62,43,20,43,43,17,1
um,2020-11,71,62,20,50,62,9,0
um,2020-12,78,70,20,50,70,8,0
um,2021-01,80,77,20,50,77,3,0
um,2021-02,86,80,20,50,80,6,0
um,2021-03,93,85,20,50,85,7,0
um,2021-04,106,92,20,50,92,14,0
um,2021-05,111,106,20,50,100,4,0
um,2021-06,114,111,20,50,100,3,0
um,2021-07,117,114,20,50,100,3,0
um,2021-08,118,117,20,50,100,1,0
um,2021-09,124,118,20,50,100,6,0
um,2021-10,129,124,20,50,100,5,0
um,2021-11,133,129,20,50,100,4,0
um,2021-12,135,133,20,50,100,2,0
um,2022-01,138,134,20,50,100,4,0
um,2022-02,139,136,20,50,100,3,0
um,2022-03,141,90,20,50,90,51,0
um,2022-04,142,139,20,50,100,3,0
um,2022-05,146,92,20,50,92,54,0
um,2022-06,146,141,20,50,100,5,0
um,2022-07,142,141,20,50,100,0,0
um,2022-08,143,143,20,50,100,0,0
um,2022-09,144,142,20,50,100,2,0
um,2022-10,151,144,20,50,100,6,0
um,2022-11,153,151,20,50,100,2,0
um,2022-12,154,153,20,50,100,1,0
um,2023-01,154,154,20,50,100,0,0
um,2023-02,158,154,20,50,100,4,0
um,2023-03,172,157,20,50,100,14,0
um,2023-04,180,171,20,50,100,9,0
um,2023-05,185,180,20,50,100,5,0
um,2023-06,192,185,20,50,100,7,0
um,2023-07,196,192,20,50,100,4,0
um,2023-08,201,196,20,50,100,5,0
um,2023-09,207,201,20,50,100,6,0
um,2023-10,212,207,20,50,100,5,0
um,2023-11,226,212,20,50,100,14,0
um,2023-12,245,226,20,50,100,19,0
um,2024-01,252,245,20,50,100,7,0
um,2024-02,259,252,20,50,100,7,0
um,2024-03,268,259,20,50,100,9,0
um,2024-04,276,268,20,50,100,6,0
um,2024-05,283,276,20,50,100,7,0
um,2024-06,286,273,20,50,100,13,0
um,2024-07,281,276,20,50,100,5,0
um,2024-08,282,279,20,50,100,3,0
um,2024-09,295,280,20,50,100,15,0
um,2024-10,314,293,20,50,100,21,0
um,2024-11,321,312,20,50,100,8,0
um,2024-12,342,321,20,50,100,21,0
um,2025-01,368,342,20,50,100,26,0
um,2025-02,389,368,20,50,100,21,0
um,2025-03,398,389,20,50,100,9,0
um,2025-04,420,398,20,50,100,22,0
um,2025-05,441,420,20,50,100,21,0
um,2025-06,463,440,20,50,100,21,0
um,2025-07,481,462,20,50,100,19,0
um,2025-08,501,481,20,50,100,20,0
um,2025-09,520,501,20,50,100,19,0
um,2025-10,552,520,20,50,100,31,0
um,2025-11,580,552,20,50,100,26,0
um,2025-12,593,580,20,50,100,13,0
um,2026-01,607,593,20,50,100,14,0
um,2026-02,623,607,20,50,100,16,0
um,2026-03,635,623,20,50,100,12,0
um,2026-04,649,635,20,50,100,14,0
um,2026-05,665,648,20,50,100,13,0
um,2026-06,697,665,20,50,100,32,0
um,2026-07,754,696,20,50,100,51,0
um,2026-08,794,752,20,50,100,42,0
