trial_id,seed,blocks,preserve,samples,ci95_low,ci95_high
T0001,1729,calendar_month,all symbols together,1000,-0.0030549591956129064,-0.00283923511413121
T0002,1729,calendar_month,all symbols together,1000,-0.003342816907384266,-0.002602726562146788
T0003,1729,calendar_month,all symbols together,1000,-0.004196609696811731,-0.001703059749589203
T0004,1729,calendar_month,all symbols together,1000,-0.004513469695296106,0.0003457557697703047
T0005,1729,calendar_month,all symbols together,1000,-0.0030347625955810453,-0.002738388270399573
T0006,1729,calendar_month,all symbols together,1000,-0.0031184691202097684,-0.0022759790782900637
T0007,1729,calendar_month,all symbols together,1000,-0.003749771081144051,-0.001102659064343811
T0008,1729,calendar_month,all symbols together,1000,-0.004245238732260911,0.0009204253415725177
T0009,1729,calendar_month,all symbols together,1000,-0.003057145673545572,-0.0027916805459793524
T0010,1729,calendar_month,all symbols together,1000,-0.0031284951313246276,-0.0022890404360901883
T0011,1729,calendar_month,all symbols together,1000,-0.0032319818059886466,-0.000657151068885421
T0012,1729,calendar_month,all symbols together,1000,-0.0038082040238949545,0.0012218505901922768
T0013,1729,calendar_month,all symbols together,1000,-0.0030549591956129064,-0.00283923511413121
T0014,1729,calendar_month,all symbols together,1000,-0.003342816907384266,-0.002602726562146788
T0015,1729,calendar_month,all symbols together,1000,-0.004196609696811731,-0.001703059749589203
T0016,1729,calendar_month,all symbols together,1000,-0.004513469695296106,0.0003457557697703047
T0017,1729,calendar_month,all symbols together,1000,-0.0030347625955810453,-0.002738388270399573
T0018,1729,calendar_month,all symbols together,1000,-0.0031184691202097684,-0.0022759790782900637
T0019,1729,calendar_month,all symbols together,1000,-0.003749771081144051,-0.001102659064343811
T0020,1729,calendar_month,all symbols together,1000,-0.004245238732260911,0.0009204253415725177
T0021,1729,calendar_month,all symbols together,1000,-0.003057145673545572,-0.0027916805459793524
T0022,1729,calendar_month,all symbols together,1000,-0.0031284951313246276,-0.0022890404360901883
T0023,1729,calendar_month,all symbols together,1000,-0.0032319818059886466,-0.000657151068885421
T0024,1729,calendar_month,all symbols together,1000,-0.0038082040238949545,0.0012218505901922768
T0025,1729,calendar_month,all symbols together,1000,-0.003223596131074962,-0.0029668506931670737
T0026,1729,calendar_month,all symbols together,1000,-0.0034649761480048846,-0.0026320348507700886
T0027,1729,calendar_month,all symbols together,1000,-0.004134025204286845,-0.0018430631086232168
T0028,1729,calendar_month,all symbols together,1000,-0.004688955873627536,-1.6986100333641287e-05
T0029,1729,calendar_month,all symbols together,1000,-0.00329551996939954,-0.0030677770780942097
T0030,1729,calendar_month,all symbols together,1000,-0.0037438630053469634,-0.002978972817494068
T0031,1729,calendar_month,all symbols together,1000,-0.004200930772914504,-0.0018674269385399614
T0032,1729,calendar_month,all symbols together,1000,-0.004273599577440985,0.0004548573177970547
T0033,1729,calendar_month,all symbols together,1000,-0.0033665309881402436,-0.0031272975255724517
T0034,1729,calendar_month,all symbols together,1000,-0.0037797451080633553,-0.0030059764087064715
T0035,1729,calendar_month,all symbols together,1000,-0.004389829511656478,-0.00202804149384193
T0036,1729,calendar_month,all symbols together,1000,-0.004473002590189179,0.00037472671768458903
T0037,1729,calendar_month,all symbols together,1000,-0.0036187384116246287,-0.0031517488657099085
T0038,1729,calendar_month,all symbols together,1000,-0.0044597199946172965,-0.0034889492004144544
T0039,1729,calendar_month,all symbols together,1000,-0.005767088317674223,-0.003033692264237878
T0040,1729,calendar_month,all symbols together,1000,-0.0055401466745376516,-7.110528194508325e-05
T0041,1729,calendar_month,all symbols together,1000,-0.0035556117992794145,-0.003015282499792677
T0042,1729,calendar_month,all symbols together,1000,-0.004297277015383774,-0.00324711182811995
T0043,1729,calendar_month,all symbols together,1000,-0.004997994081036925,-0.002351868707693579
T0044,1729,calendar_month,all symbols together,1000,-0.005260736545159322,0.0004133252387946024
T0045,1729,calendar_month,all symbols together,1000,-0.0035626645325677574,-0.0030500486922707243
T0046,1729,calendar_month,all symbols together,1000,-0.004314155081057433,-0.0032206310379380883
T0047,1729,calendar_month,all symbols together,1000,-0.004967304386263843,-0.0022428530709978755
T0048,1729,calendar_month,all symbols together,1000,-0.005631185953386407,0.00034610554493472195
T0049,1729,calendar_month,all symbols together,1000,-0.003248237158012427,-0.003038801158065707
T0050,1729,calendar_month,all symbols together,1000,-0.00346273565800233,-0.0026495717874246887
T0051,1729,calendar_month,all symbols together,1000,-0.004145570999043126,-0.0017560502044967452
T0052,1729,calendar_month,all symbols together,1000,-0.004649022297597788,5.872668734267788e-05
T0053,1729,calendar_month,all symbols together,1000,-0.0032437609753406165,-0.002990173133403651
T0054,1729,calendar_month,all symbols together,1000,-0.0035897886612176193,-0.0027346168004419697
T0055,1729,calendar_month,all symbols together,1000,-0.004171901091534534,-0.0018755953385281294
T0056,1729,calendar_month,all symbols together,1000,-0.004184242913492439,0.0002397593183351402
T0057,1729,calendar_month,all symbols together,1000,-0.003189642995908807,-0.0029536211407673193
T0058,1729,calendar_month,all symbols together,1000,-0.003523896768896856,-0.0026801793024213622
T0059,1729,calendar_month,all symbols together,1000,-0.004055254282222864,-0.0017511769046437368
T0060,1729,calendar_month,all symbols together,1000,-0.004562106464485536,0.0001701275601055234
T0061,1729,calendar_month,all symbols together,1000,-0.0025783417815436645,-0.002122267109314642
T0062,1729,calendar_month,all symbols together,1000,-0.00274404108504972,-0.0015505673050695609
T0063,1729,calendar_month,all symbols together,1000,-0.0028480769989181723,4.6731577289771376e-05
T0064,1729,calendar_month,all symbols together,1000,-0.00454667017314913,0.0006614877307641049
T0065,1729,calendar_month,all symbols together,1000,-0.00253226485739529,-0.0016717360615933936
T0066,1729,calendar_month,all symbols together,1000,-0.0026431466593754512,-0.0007453466627592796
T0067,1729,calendar_month,all symbols together,1000,-0.0038275078380748022,-0.0001860473731120117
T0068,1729,calendar_month,all symbols together,1000,-0.004570864956216707,0.0019157951623409988
T0069,1729,calendar_month,all symbols together,1000,-0.0025638390255447326,-0.0012729865473085457
T0070,1729,calendar_month,all symbols together,1000,-0.0031866642163900162,-8.527871350230213e-05
T0071,1729,calendar_month,all symbols together,1000,-0.004841098963615267,0.00011361405904541655
T0072,1729,calendar_month,all symbols together,1000,-0.003848145007144889,0.003937972855481421
T0073,1729,calendar_month,all symbols together,1000,-0.0034720684006070814,-0.0031116481011732203
T0074,1729,calendar_month,all symbols together,1000,-0.0036407674356024678,-0.002462870637937221
T0075,1729,calendar_month,all symbols together,1000,-0.0037476016023295766,-0.00037981646293058823
T0076,1729,calendar_month,all symbols together,1000,-0.001781196890500664,0.004501764123032101
T0077,1729,calendar_month,all symbols together,1000,-0.0032834590779726343,-0.00305043667416513
T0078,1729,calendar_month,all symbols together,1000,-0.00338258495669366,-0.002630223606134365
T0079,1729,calendar_month,all symbols together,1000,-0.0038690565069673904,-0.0014219297333176331
T0080,1729,calendar_month,all symbols together,1000,-0.004396968738906528,0.00045399824754753314
T0081,1729,calendar_month,all symbols together,1000,-0.0035466945475250682,-0.003182764259790543
T0082,1729,calendar_month,all symbols together,1000,-0.0040336003218274805,-0.0029088862718270945
T0083,1729,calendar_month,all symbols together,1000,-0.004278387409336851,-0.001207694701081643
T0084,1729,calendar_month,all symbols together,1000,-0.004161793134846201,0.0012903534436589622
T0085,1729,calendar_month,all symbols together,1000,-0.003427850812352227,-0.003064175974669367
T0086,1729,calendar_month,all symbols together,1000,-0.0037904525555211835,-0.0029475418217144215
T0087,1729,calendar_month,all symbols together,1000,-0.004442165230852711,-0.0018741393804183103
T0088,1729,calendar_month,all symbols together,1000,-0.0046418766382081925,0.0007754389164491685
T0089,1729,calendar_month,all symbols together,1000,-0.002807496644749466,-0.0025430371538778243
T0090,1729,calendar_month,all symbols together,1000,-0.002857511726811746,-0.0018668818899299185
T0091,1729,calendar_month,all symbols together,1000,-0.0032162261931168276,-0.0007295575396567831
T0092,1729,calendar_month,all symbols together,1000,-0.0044084860082354484,0.0005154514473685666
T0093,1729,calendar_month,all symbols together,1000,-0.003116020314751987,-0.002897381999427398
T0094,1729,calendar_month,all symbols together,1000,-0.0032446438900511055,-0.0024471599666623955
T0095,1729,calendar_month,all symbols together,1000,-0.003616543919789341,-0.0013965771118538137
T0096,1729,calendar_month,all symbols together,1000,-0.004781348349170405,-4.989161510833658e-05
T0097,1729,calendar_month,all symbols together,1000,-0.003129853777731667,-0.0029344050739490324
T0098,1729,calendar_month,all symbols together,1000,-0.0032387594684051674,-0.0024141086397899752
T0099,1729,calendar_month,all symbols together,1000,-0.0036585112550676737,-0.0012993596125399757
T0100,1729,calendar_month,all symbols together,1000,-0.004179413895569597,0.0005280885941379392
T0101,1729,calendar_month,all symbols together,1000,-0.0029788583451177612,-0.0027609878468649943
T0102,1729,calendar_month,all symbols together,1000,-0.003028785845389427,-0.0022076379480572405
T0103,1729,calendar_month,all symbols together,1000,-0.0032269054483621217,-0.00012967412340037394
T0104,1729,calendar_month,all symbols together,1000,-0.005144422395196057,0.0013311944595140845
T0105,1729,calendar_month,all symbols together,1000,-0.0029952285147218627,-0.0027744645688341837
T0106,1729,calendar_month,all symbols together,1000,-0.0029210465171905036,-0.0021487472066290896
T0107,1729,calendar_month,all symbols together,1000,-0.0030696439465215343,-0.00039244705599821917
T0108,1729,calendar_month,all symbols together,1000,-0.0036306099227597206,0.0015736425915319715
T0109,1729,calendar_month,all symbols together,1000,-0.003242166680158793,-0.0022339175083156276
T0110,1729,calendar_month,all symbols together,1000,-0.003856440055633048,-0.0011333136098255186
T0111,1729,calendar_month,all symbols together,1000,-0.005403919499903666,0.0004894111354402435
T0112,1729,calendar_month,all symbols together,1000,-0.0031422046196720897,-0.0021594358317713904
T0113,1729,calendar_month,all symbols together,1000,-0.0037868195885987573,-0.0010913834916053574
T0114,1729,calendar_month,all symbols together,1000,-0.0045493347141839086,0.0008416320934370499
T0115,1729,calendar_month,all symbols together,1000,-0.003099087994339675,-0.0020432309748349567
T0116,1729,calendar_month,all symbols together,1000,-0.003383812244297001,-0.0004033983865275116
T0117,1729,calendar_month,all symbols together,1000,-0.0036193021709800648,0.0022825232073228684
T0118,1729,calendar_month,all symbols together,1000,-0.003242166680158793,-0.0022339175083156276
T0119,1729,calendar_month,all symbols together,1000,-0.003856440055633048,-0.0011333136098255186
T0120,1729,calendar_month,all symbols together,1000,-0.005403919499903666,0.0004894111354402435
T0121,1729,calendar_month,all symbols together,1000,-0.0031422046196720897,-0.0021594358317713904
T0122,1729,calendar_month,all symbols together,1000,-0.0037868195885987573,-0.0010913834916053574
T0123,1729,calendar_month,all symbols together,1000,-0.0045493347141839086,0.0008416320934370499
T0124,1729,calendar_month,all symbols together,1000,-0.003099087994339675,-0.0020432309748349567
T0125,1729,calendar_month,all symbols together,1000,-0.003383812244297001,-0.0004033983865275116
T0126,1729,calendar_month,all symbols together,1000,-0.0036193021709800648,0.0022825232073228684
T0127,1729,calendar_month,all symbols together,1000,-0.0033258340172788023,-0.00235821853462331
T0128,1729,calendar_month,all symbols together,1000,-0.003961140053855874,-0.001389029096504404
T0129,1729,calendar_month,all symbols together,1000,-0.0049041267315495666,0.00022955651129937392
T0130,1729,calendar_month,all symbols together,1000,-0.003348077823756296,-0.0024326563260370273
T0131,1729,calendar_month,all symbols together,1000,-0.004035811138499324,-0.0014400488801526124
T0132,1729,calendar_month,all symbols together,1000,-0.00469047880771781,0.0009763995811324952
T0133,1729,calendar_month,all symbols together,1000,-0.0038785588537214024,-0.0029611331964100583
T0134,1729,calendar_month,all symbols together,1000,-0.004759762477283743,-0.0022441084495363082
T0135,1729,calendar_month,all symbols together,1000,-0.005269530306526976,-0.00020152168771942405
T0136,1729,calendar_month,all symbols together,1000,-0.0045717358526323375,-0.003296920957008174
T0137,1729,calendar_month,all symbols together,1000,-0.005673173985902594,-0.0025084883798144088
T0138,1729,calendar_month,all symbols together,1000,-0.0064458641702212745,4.6990033271366296e-05
T0139,1729,calendar_month,all symbols together,1000,-0.004547445264954656,-0.002961133457087115
T0140,1729,calendar_month,all symbols together,1000,-0.005066627845529898,-0.0013613393494586292
T0141,1729,calendar_month,all symbols together,1000,-0.006014804512162461,0.001526501494966027
T0142,1729,calendar_month,all symbols together,1000,-0.004421070646413412,-0.002843352975545684
T0143,1729,calendar_month,all symbols together,1000,-0.005142396169970809,-0.0015471297504104432
T0144,1729,calendar_month,all symbols together,1000,-0.0058823521615886335,0.0016452595182042467
T0145,1729,calendar_month,all symbols together,1000,-0.0037697329766026243,-0.0028118021452532087
T0146,1729,calendar_month,all symbols together,1000,-0.004909571867999636,-0.0024718270643121847
T0147,1729,calendar_month,all symbols together,1000,-0.00484158473873054,-0.00019673527732386853
T0148,1729,calendar_month,all symbols together,1000,-0.0035676673523949596,-0.0026353298762713377
T0149,1729,calendar_month,all symbols together,1000,-0.004061591459538164,-0.0009942169066826485
T0150,1729,calendar_month,all symbols together,1000,-0.005075923649920185,0.00019954787728329305
T0151,1729,calendar_month,all symbols together,1000,-0.003469577023381119,-0.0023829665751250763
T0152,1729,calendar_month,all symbols together,1000,-0.004416172038881737,-0.0015778711364635531
T0153,1729,calendar_month,all symbols together,1000,-0.005201680555754648,0.0006768814270165115
T0154,1729,calendar_month,all symbols together,1000,-0.003330081173525782,-0.0017676972387925757
T0155,1729,calendar_month,all symbols together,1000,-0.004180518924327902,-0.0009791346802145908
T0156,1729,calendar_month,all symbols together,1000,-0.004204565202809748,0.0017330025870369596
T0157,1729,calendar_month,all symbols together,1000,-0.0033757217033202605,-0.0009231084834883234
T0158,1729,calendar_month,all symbols together,1000,-0.004862669359460622,-0.0003491876859057368
T0159,1729,calendar_month,all symbols together,1000,-0.0052727550869251455,0.0018623749857350463
T0160,1729,calendar_month,all symbols together,1000,-0.002684498153447768,0.0011281936024761848
T0161,1729,calendar_month,all symbols together,1000,-0.007022450306991269,0.0012063021656050976
T0162,1729,calendar_month,all symbols together,1000,-0.005228545055934825,0.0076743072993005375
T0163,1729,calendar_month,all symbols together,1000,-0.003910020824701807,-0.0023150407581478917
T0164,1729,calendar_month,all symbols together,1000,-0.0041313570394099445,-0.0008078632046141083
T0165,1729,calendar_month,all symbols together,1000,-0.0029128591765138654,0.004361828597893858
T0166,1729,calendar_month,all symbols together,1000,-0.003713902579760072,-0.0027633167701936016
T0167,1729,calendar_month,all symbols together,1000,-0.004350880170693476,-0.0017697987906153928
T0168,1729,calendar_month,all symbols together,1000,-0.004483544828941669,0.0004145201563155908
T0169,1729,calendar_month,all symbols together,1000,-0.0038919443860714453,-0.0024889799024689313
T0170,1729,calendar_month,all symbols together,1000,-0.0049316360617327045,-0.001389213198504459
T0171,1729,calendar_month,all symbols together,1000,-0.0038040380030446097,0.0023557371350023375
T0172,1729,calendar_month,all symbols together,1000,-0.0045715514658299745,-0.0031344571141563356
T0173,1729,calendar_month,all symbols together,1000,-0.005178324122491257,-0.0018269973407272265
T0174,1729,calendar_month,all symbols together,1000,-0.005174662565764112,0.0013717638866693567
T0175,1729,calendar_month,all symbols together,1000,-0.0030198432350017836,-0.002167581073444279
T0176,1729,calendar_month,all symbols together,1000,-0.003473048314912499,-0.0006895327839235247
T0177,1729,calendar_month,all symbols together,1000,-0.004745049482067583,0.00035806077942946584
T0178,1729,calendar_month,all symbols together,1000,-0.0032548746795758488,-0.002433432799488081
T0179,1729,calendar_month,all symbols together,1000,-0.0036633040739847173,-0.001224318751047255
T0180,1729,calendar_month,all symbols together,1000,-0.003649222564514266,0.00102633241336708
T0181,1729,calendar_month,all symbols together,1000,-0.0031555550742556225,-0.0023147771211951365
T0182,1729,calendar_month,all symbols together,1000,-0.0035136343224835744,-0.001103809756457666
T0183,1729,calendar_month,all symbols together,1000,-0.0035826410198255233,0.0013099897033833382
T0184,1729,calendar_month,all symbols together,1000,-0.00314595566147057,-0.0018131691320744604
T0185,1729,calendar_month,all symbols together,1000,-0.0031227648804652225,4.487617038502609e-05
T0186,1729,calendar_month,all symbols together,1000,-0.002955744035572053,0.004429104124772467
T0187,1729,calendar_month,all symbols together,1000,-0.003162697129589717,-4.521761523789908e-05
T0188,1729,calendar_month,all symbols together,1000,-0.003362724754308893,0.0025482171620501834
T0189,1729,calendar_month,all symbols together,1000,-0.002716260093207997,0.0003594597872490619
T0190,1729,calendar_month,all symbols together,1000,-0.002288467281540609,0.0038801545872792246
T0191,1729,calendar_month,all symbols together,1000,-0.0031500554791944087,-0.0005025112352304274
T0192,1729,calendar_month,all symbols together,1000,-0.0025890875378626766,0.0028057369625912256
T0193,1729,calendar_month,all symbols together,1000,-0.003162697129589717,-4.521761523789908e-05
T0194,1729,calendar_month,all symbols together,1000,-0.003362724754308893,0.0025482171620501834
T0195,1729,calendar_month,all symbols together,1000,-0.002716260093207997,0.0003594597872490619
T0196,1729,calendar_month,all symbols together,1000,-0.002288467281540609,0.0038801545872792246
T0197,1729,calendar_month,all symbols together,1000,-0.0031500554791944087,-0.0005025112352304274
T0198,1729,calendar_month,all symbols together,1000,-0.0025890875378626766,0.0028057369625912256
T0199,1729,calendar_month,all symbols together,1000,-0.003409268752669987,-0.00034528664315176165
T0200,1729,calendar_month,all symbols together,1000,-0.0032802412327017413,0.002595815625646297
T0201,1729,calendar_month,all symbols together,1000,-0.0041369276860353035,-0.0010099792777095364
T0202,1729,calendar_month,all symbols together,1000,-0.0044764745854176495,0.0014815802408734851
T0203,1729,calendar_month,all symbols together,1000,-0.003519251845264584,0.0003284698039761718
T0204,1729,calendar_month,all symbols together,1000,-0.005337959093283872,0.0021706828810016537
T0205,1729,calendar_month,all symbols together,1000,-0.0037950011535426258,0.0011414602049537735
T0206,1729,calendar_month,all symbols together,1000,-0.0035203458791851893,0.005922124239043059
T0207,1729,calendar_month,all symbols together,1000,-0.001999284487671012,0.0033325063086763643
T0208,1729,calendar_month,all symbols together,1000,-0.002883741564271753,0.008538152224138514
T0209,1729,calendar_month,all symbols together,1000,-0.0019239600677250497,0.003532560040266129
T0210,1729,calendar_month,all symbols together,1000,-0.002130885000027534,0.009423697489644254
T0211,1729,calendar_month,all symbols together,1000,-0.004290981634352658,-0.0011217716740821915
T0212,1729,calendar_month,all symbols together,1000,-0.005431366261793884,0.0008575162923050641
T0213,1729,calendar_month,all symbols together,1000,-0.0035877447762119896,-0.00014880796001102983
T0214,1729,calendar_month,all symbols together,1000,-0.004751880650793842,0.0016565852651742466
T0215,1729,calendar_month,all symbols together,1000,-0.0027516412694418425,7.596577802749662e-05
T0216,1729,calendar_month,all symbols together,1000,-0.0029144865633050367,0.0029272414426921795
T0217,1729,calendar_month,all symbols together,1000,-0.004624478997995169,-0.0014015751849080866
T0218,1729,calendar_month,all symbols together,1000,-0.004776798508774837,0.0016876474932939305
T0219,1729,calendar_month,all symbols together,1000,-0.0040389093992180035,0.0016732637242601231
T0220,1729,calendar_month,all symbols together,1000,-0.003240012386316241,0.006835187806049753
T0221,1729,calendar_month,all symbols together,1000,-0.005580560436155635,0.0036732490235056084
T0222,1729,calendar_month,all symbols together,1000,-0.006445705788455311,0.010780580413782619
T0223,1729,calendar_month,all symbols together,1000,-0.005041846993079921,-0.00011402604012495752
T0224,1729,calendar_month,all symbols together,1000,-0.00655959537635432,0.0037326031763473843
T0225,1729,calendar_month,all symbols together,1000,-0.003920277933699243,-0.00115580268006965
T0226,1729,calendar_month,all symbols together,1000,-0.0037020416092979395,0.0019283105565365939
T0227,1729,calendar_month,all symbols together,1000,-0.00498695055756781,0.0002402714851973303
T0228,1729,calendar_month,all symbols together,1000,-0.004567034014000537,0.005297474762456633
T0229,1729,calendar_month,all symbols together,1000,-0.004314826795226863,0.0004031306276815447
T0230,1729,calendar_month,all symbols together,1000,-0.005725839052284858,0.003329530459884842
T0231,1729,calendar_month,all symbols together,1000,-0.003907131863124224,-0.0016455301862791055
T0232,1729,calendar_month,all symbols together,1000,-0.004731584276063501,0.0003115276307600566
T0233,1729,calendar_month,all symbols together,1000,-0.003650660874236447,-0.0008972837500672281
T0234,1729,calendar_month,all symbols together,1000,-0.003753706792827679,0.0010866161200261972
T0235,1729,calendar_month,all symbols together,1000,-0.0033958739121641573,-0.0006090025763305187
T0236,1729,calendar_month,all symbols together,1000,-0.004054654321816596,0.001365259155435736
T0237,1729,calendar_month,all symbols together,1000,-0.002114017706981264,0.001833227326701697
T0238,1729,calendar_month,all symbols together,1000,-0.002276736731148495,0.004644588924187193
T0239,1729,calendar_month,all symbols together,1000,-0.00340286023632373,0.001122361754549907
T0240,1729,calendar_month,all symbols together,1000,-0.004020453104808687,0.0029213246439604096
T0241,1729,calendar_month,all symbols together,1000,-0.001993829614634578,-0.0017649745665865863
T0242,1729,calendar_month,all symbols together,1000,-0.002167140200697588,-0.0013975348000353194
T0243,1729,calendar_month,all symbols together,1000,-0.0026212583944158967,-6.681818417195093e-05
T0244,1729,calendar_month,all symbols together,1000,-0.002947524764697828,0.0018740104903409432
T0245,1729,calendar_month,all symbols together,1000,-0.0020009783001756105,-0.0017139373803852598
T0246,1729,calendar_month,all symbols together,1000,-0.002070384341797373,-0.0012183364244862647
T0247,1729,calendar_month,all symbols together,1000,-0.002692521598186722,-0.00017063033484182916
T0248,1729,calendar_month,all symbols together,1000,-0.0032126986780670694,0.0017518482003298468
T0249,1729,calendar_month,all symbols together,1000,-0.0019888974467604085,-0.0017311989233234207
T0250,1729,calendar_month,all symbols together,1000,-0.0020361952607034607,-0.0011058992090272458
T0251,1729,calendar_month,all symbols together,1000,-0.0022452078763415696,0.0004347102041202454
T0252,1729,calendar_month,all symbols together,1000,-0.002640030636559238,0.002468688406790685
T0253,1729,calendar_month,all symbols together,1000,-0.001993829614634578,-0.0017649745665865863
T0254,1729,calendar_month,all symbols together,1000,-0.002167140200697588,-0.0013975348000353194
T0255,1729,calendar_month,all symbols together,1000,-0.0026212583944158967,-6.681818417195093e-05
T0256,1729,calendar_month,all symbols together,1000,-0.002947524764697828,0.0018740104903409432
T0257,1729,calendar_month,all symbols together,1000,-0.0020009783001756105,-0.0017139373803852598
T0258,1729,calendar_month,all symbols together,1000,-0.002070384341797373,-0.0012183364244862647
T0259,1729,calendar_month,all symbols together,1000,-0.002692521598186722,-0.00017063033484182916
T0260,1729,calendar_month,all symbols together,1000,-0.0032126986780670694,0.0017518482003298468
T0261,1729,calendar_month,all symbols together,1000,-0.0019888974467604085,-0.0017311989233234207
T0262,1729,calendar_month,all symbols together,1000,-0.0020361952607034607,-0.0011058992090272458
T0263,1729,calendar_month,all symbols together,1000,-0.0022452078763415696,0.0004347102041202454
T0264,1729,calendar_month,all symbols together,1000,-0.002640030636559238,0.002468688406790685
T0265,1729,calendar_month,all symbols together,1000,-0.0021073994751341397,-0.001873733801058098
T0266,1729,calendar_month,all symbols together,1000,-0.0023159027728211277,-0.0014498952296320149
T0267,1729,calendar_month,all symbols together,1000,-0.002926478139101701,-0.0005509303760288153
T0268,1729,calendar_month,all symbols together,1000,-0.0032365646735203145,0.001446102046512668
T0269,1729,calendar_month,all symbols together,1000,-0.0021534745402415215,-0.0019112541761910414
T0270,1729,calendar_month,all symbols together,1000,-0.0023741588830181177,-0.0015764533267963602
T0271,1729,calendar_month,all symbols together,1000,-0.0028852493343812964,-0.00035423803679000533
T0272,1729,calendar_month,all symbols together,1000,-0.0029702849097026592,0.0016492193174146741
T0273,1729,calendar_month,all symbols together,1000,-0.002280312250042858,-0.002077554311042307
T0274,1729,calendar_month,all symbols together,1000,-0.0026482770831566327,-0.0018972298055961276
T0275,1729,calendar_month,all symbols together,1000,-0.0030362603232843653,-0.0007961729795228659
T0276,1729,calendar_month,all symbols together,1000,-0.0034041256172017012,0.0015285297825020196
T0277,1729,calendar_month,all symbols together,1000,-0.0025386969736261593,-0.002151345055354396
T0278,1729,calendar_month,all symbols together,1000,-0.0030509721164126554,-0.0021978380067382425
T0279,1729,calendar_month,all symbols together,1000,-0.004364666010042167,-0.0016861199287465103
T0280,1729,calendar_month,all symbols together,1000,-0.004087325342123364,0.001034082154238259
T0281,1729,calendar_month,all symbols together,1000,-0.002478963162211793,-0.0020711780746559003
T0282,1729,calendar_month,all symbols together,1000,-0.003042354559028946,-0.00204684317907283
T0283,1729,calendar_month,all symbols together,1000,-0.003752601692460509,-0.0011713439076502876
T0284,1729,calendar_month,all symbols together,1000,-0.0042668744276704385,0.0014323964037465614
T0285,1729,calendar_month,all symbols together,1000,-0.0025235041596456784,-0.0020861527402403625
T0286,1729,calendar_month,all symbols together,1000,-0.003094503940596858,-0.0019973059113503797
T0287,1729,calendar_month,all symbols together,1000,-0.0037195846495595934,-0.0010940351945407766
T0288,1729,calendar_month,all symbols together,1000,-0.004638860971575665,0.001087147653185062
T0289,1729,calendar_month,all symbols together,1000,-0.002171931047584191,-0.00197051579763872
T0290,1729,calendar_month,all symbols together,1000,-0.0024030429895848322,-0.0016758017360226443
T0291,1729,calendar_month,all symbols together,1000,-0.0028760697131066356,-0.0005374827959563069
T0292,1729,calendar_month,all symbols together,1000,-0.0031744849737931746,0.0013457711863944098
T0293,1729,calendar_month,all symbols together,1000,-0.0021127162126749442,-0.0018274590745155964
T0294,1729,calendar_month,all symbols together,1000,-0.0024009257245669294,-0.0014696654693714564
T0295,1729,calendar_month,all symbols together,1000,-0.002892817419827235,-0.0003771841032208497
T0296,1729,calendar_month,all symbols together,1000,-0.00298386453407546,0.001579252001335572
T0297,1729,calendar_month,all symbols together,1000,-0.0020665316123097484,-0.0018183405530518251
T0298,1729,calendar_month,all symbols together,1000,-0.0023412697302894144,-0.0015222077851860822
T0299,1729,calendar_month,all symbols together,1000,-0.002781711770577626,-0.00038004884542894014
T0300,1729,calendar_month,all symbols together,1000,-0.0031480014517756205,0.0018047580215005427
T0301,1729,calendar_month,all symbols together,1000,-0.0017452442922742842,-0.001306846494092459
T0302,1729,calendar_month,all symbols together,1000,-0.00200828271494964,-0.0008547513397608239
T0303,1729,calendar_month,all symbols together,1000,-0.0022609313296390854,0.000659777078876748
T0304,1729,calendar_month,all symbols together,1000,-0.003508209284355785,0.00212312337092605
T0305,1729,calendar_month,all symbols together,1000,-0.0019054603967043,-0.0010518487343525447
T0306,1729,calendar_month,all symbols together,1000,-0.0019408465035572798,-5.9523234234582616e-05
T0307,1729,calendar_month,all symbols together,1000,-0.0028518638108873686,0.0009834203838693539
T0308,1729,calendar_month,all symbols together,1000,-0.003229400930778258,0.0030026863132728795
T0309,1729,calendar_month,all symbols together,1000,-0.0018570135804634855,-0.0006382425176421944
T0310,1729,calendar_month,all symbols together,1000,-0.0013851119275390385,0.0012607948306404364
T0311,1729,calendar_month,all symbols together,1000,-0.0033034948764214664,0.0017035687268840158
T0312,1729,calendar_month,all symbols together,1000,-0.0018025967589291572,0.005617917018378181
T0313,1729,calendar_month,all symbols together,1000,-0.0022838534337238777,-0.001869960707916245
T0314,1729,calendar_month,all symbols together,1000,-0.0022887733922950307,-0.0010317329959364833
T0315,1729,calendar_month,all symbols together,1000,-0.002347941990458784,0.0011310194930139596
T0316,1729,calendar_month,all symbols together,1000,-0.0010388579394923225,0.005612926273808355
T0317,1729,calendar_month,all symbols together,1000,-0.0021846576996099863,-0.0019680315511949645
T0318,1729,calendar_month,all symbols together,1000,-0.002302339725404493,-0.0015140728035889705
T0319,1729,calendar_month,all symbols together,1000,-0.0027957186694917346,-0.0003639880896372125
T0320,1729,calendar_month,all symbols together,1000,-0.0032597218949017995,0.0014032444683432616
T0321,1729,calendar_month,all symbols together,1000,-0.0022969131807089624,-0.0019306844657127641
T0322,1729,calendar_month,all symbols together,1000,-0.0024924565778114338,-0.001369766573306075
T0323,1729,calendar_month,all symbols together,1000,-0.002820126828172486,0.0003307390027092047
T0324,1729,calendar_month,all symbols together,1000,-0.0026472894399658248,0.0026598284715888083
T0325,1729,calendar_month,all symbols together,1000,-0.002481504468648537,-0.0020907252073652204
T0326,1729,calendar_month,all symbols together,1000,-0.0029038954225405773,-0.002078690561226381
T0327,1729,calendar_month,all symbols together,1000,-0.003631852798936478,-0.001073478697041467
T0328,1729,calendar_month,all symbols together,1000,-0.003266917441286152,0.001799624250414755
T0329,1729,calendar_month,all symbols together,1000,-0.001953319645363013,-0.0017081909140268655
T0330,1729,calendar_month,all symbols together,1000,-0.0020935037414766544,-0.0011630312119511174
T0331,1729,calendar_month,all symbols together,1000,-0.0026936004945783522,-6.828985462800515e-05
T0332,1729,calendar_month,all symbols together,1000,-0.003346472712956077,0.0017171441524363748
T0333,1729,calendar_month,all symbols together,1000,-0.002121801068728503,-0.0019300075963616322
T0334,1729,calendar_month,all symbols together,1000,-0.0022800414945653557,-0.0014654780724287616
T0335,1729,calendar_month,all symbols together,1000,-0.0023874927544262152,-4.520941674755198e-05
T0336,1729,calendar_month,all symbols together,1000,-0.002731255060822784,0.0018957704589290282
T0337,1729,calendar_month,all symbols together,1000,-0.0021388417832651184,-0.0019596145687260083
T0338,1729,calendar_month,all symbols together,1000,-0.002199891899770171,-0.0015005368341436112
T0339,1729,calendar_month,all symbols together,1000,-0.002592516337946148,-0.00010779534810796633
T0340,1729,calendar_month,all symbols together,1000,-0.002650090830816851,0.0023662453790541742
T0341,1729,calendar_month,all symbols together,1000,-0.0019873801720958896,-0.001727223031213401
T0342,1729,calendar_month,all symbols together,1000,-0.00213278374057507,-0.001233399453145622
T0343,1729,calendar_month,all symbols together,1000,-0.002401504401914906,0.0008858059788256071
T0344,1729,calendar_month,all symbols together,1000,-0.004310396733028026,0.00174872640151515
T0345,1729,calendar_month,all symbols together,1000,-0.0020388789193313164,-0.0018159483361939765
T0346,1729,calendar_month,all symbols together,1000,-0.0018660277644681452,-0.0010510295465835755
T0347,1729,calendar_month,all symbols together,1000,-0.0025365737425904152,-0.00015770109961478243
T0348,1729,calendar_month,all symbols together,1000,-0.0033757183503767144,0.0016627051500079828
T0349,1729,calendar_month,all symbols together,1000,-0.0019436922488552022,-0.001680171159100131
T0350,1729,calendar_month,all symbols together,1000,-0.0015432287152170247,-0.0005773645685002356
T0351,1729,calendar_month,all symbols together,1000,-0.0009428831222271397,0.001901253699013948
T0352,1729,calendar_month,all symbols together,1000,-0.0006449060921458734,0.004458863737668853
T0353,1729,calendar_month,all symbols together,1000,-0.0018644746095354318,-0.0010707933011657046
T0354,1729,calendar_month,all symbols together,1000,-0.0013350835994453874,0.0017705134369481832
T0355,1729,calendar_month,all symbols together,1000,-0.0014711636125585355,0.004125996595024583
T0356,1729,calendar_month,all symbols together,1000,-0.0003443788919670261,0.010257637893919412
T0357,1729,calendar_month,all symbols together,1000,-0.002073365025799402,-0.001126697329236059
T0358,1729,calendar_month,all symbols together,1000,-0.0027253277482723478,-2.141675807381859e-05
T0359,1729,calendar_month,all symbols together,1000,-0.004212442965294043,0.0012607849294463734
T0360,1729,calendar_month,all symbols together,1000,-0.002000020300731361,-0.00109065551932968
T0361,1729,calendar_month,all symbols together,1000,-0.002609728304587363,0.00023848008824499641
T0362,1729,calendar_month,all symbols together,1000,-0.0029984261492880873,0.0022165619835540756
T0363,1729,calendar_month,all symbols together,1000,-0.0019603415403323656,-0.0009586481011381616
T0364,1729,calendar_month,all symbols together,1000,-0.0019139228741047807,0.0008965968845638825
T0365,1729,calendar_month,all symbols together,1000,-0.001842840284293318,0.0038524775512414388
T0366,1729,calendar_month,all symbols together,1000,-0.002073365025799402,-0.001126697329236059
T0367,1729,calendar_month,all symbols together,1000,-0.0027253277482723478,-2.141675807381859e-05
T0368,1729,calendar_month,all symbols together,1000,-0.004212442965294043,0.0012607849294463734
T0369,1729,calendar_month,all symbols together,1000,-0.002000020300731361,-0.00109065551932968
T0370,1729,calendar_month,all symbols together,1000,-0.002609728304587363,0.00023848008824499641
T0371,1729,calendar_month,all symbols together,1000,-0.0029984261492880873,0.0022165619835540756
T0372,1729,calendar_month,all symbols together,1000,-0.0019603415403323656,-0.0009586481011381616
T0373,1729,calendar_month,all symbols together,1000,-0.0019139228741047807,0.0008965968845638825
T0374,1729,calendar_month,all symbols together,1000,-0.001842840284293318,0.0038524775512414388
T0375,1729,calendar_month,all symbols together,1000,-0.0021473564349295754,-0.0011941980261305182
T0376,1729,calendar_month,all symbols together,1000,-0.002566818534250516,0.00010416881871645585
T0377,1729,calendar_month,all symbols together,1000,-0.0034719510526741854,0.0015519963325620874
T0378,1729,calendar_month,all symbols together,1000,-0.0023202727504090396,-0.001337315699280907
T0379,1729,calendar_month,all symbols together,1000,-0.0027773421051331282,-6.150526256053709e-07
T0380,1729,calendar_month,all symbols together,1000,-0.0038982881157269595,0.0011130450804758183
T0381,1729,calendar_month,all symbols together,1000,-0.002551159581606091,-0.001668120332944177
T0382,1729,calendar_month,all symbols together,1000,-0.003460618444577701,-0.0007325626787234037
T0383,1729,calendar_month,all symbols together,1000,-0.003917312027695021,0.0014010178337550883
T0384,1729,calendar_month,all symbols together,1000,-0.0030502614956917484,-0.0018142315333930352
T0385,1729,calendar_month,all symbols together,1000,-0.004102427429437394,-0.0010903472393127198
T0386,1729,calendar_month,all symbols together,1000,-0.004964573370695442,0.001295615933422981
T0387,1729,calendar_month,all symbols together,1000,-0.0026924561979007307,-0.0013789078299788434
T0388,1729,calendar_month,all symbols together,1000,-0.003338121509428152,4.809025406481964e-05
T0389,1729,calendar_month,all symbols together,1000,-0.0038602302868929795,0.0034671295561138744
T0390,1729,calendar_month,all symbols together,1000,-0.0029075164756316467,-0.0016768393774449725
T0391,1729,calendar_month,all symbols together,1000,-0.00353340242601587,-0.0001969559719031517
T0392,1729,calendar_month,all symbols together,1000,-0.004612299710337827,0.0026096413486188896
T0393,1729,calendar_month,all symbols together,1000,-0.002498925048622641,-0.001545181314719476
T0394,1729,calendar_month,all symbols together,1000,-0.0033267416146556057,-0.000748827284785318
T0395,1729,calendar_month,all symbols together,1000,-0.003227069273991978,0.0013399481344914894
T0396,1729,calendar_month,all symbols together,1000,-0.002270778780464291,-0.001377805925325867
T0397,1729,calendar_month,all symbols together,1000,-0.002723705032509564,-5.111929423709478e-05
T0398,1729,calendar_month,all symbols together,1000,-0.0035358346564953592,0.0017426811791415389
T0399,1729,calendar_month,all symbols together,1000,-0.0023498448515579203,-0.0012481076472005408
T0400,1729,calendar_month,all symbols together,1000,-0.0032134512128322895,-0.00031990569410121736
T0401,1729,calendar_month,all symbols together,1000,-0.0038619503705998727,0.0020469495793004793
T0402,1729,calendar_month,all symbols together,1000,-0.002520991127574514,-0.0010504095882997153
T0403,1729,calendar_month,all symbols together,1000,-0.0026003710439613356,0.0005491147264150929
T0404,1729,calendar_month,all symbols together,1000,-0.002466334027282343,0.0035512380056291278
T0405,1729,calendar_month,all symbols together,1000,-0.002692473871819107,-0.00035293977546159937
T0406,1729,calendar_month,all symbols together,1000,-0.0031508838691324836,0.0013901991252126078
T0407,1729,calendar_month,all symbols together,1000,-0.0014604189449363301,0.005441107749112701
T0408,1729,calendar_month,all symbols together,1000,-0.0033936379203204116,0.0021422233549010434
T0409,1729,calendar_month,all symbols together,1000,-0.003300711316883129,0.004552780470226759
T0410,1729,calendar_month,all symbols together,1000,-0.0009106533520658552,0.011457329883104514
T0411,1729,calendar_month,all symbols together,1000,-0.0021655917743321207,-0.0003653225263653894
T0412,1729,calendar_month,all symbols together,1000,-0.0024261091526378465,0.0015652434688864891
T0413,1729,calendar_month,all symbols together,1000,-0.0001493987190959882,0.006762831345339353
T0414,1729,calendar_month,all symbols together,1000,-0.0023446039906854367,-0.0014893936611765014
T0415,1729,calendar_month,all symbols together,1000,-0.0028087240304469634,-0.00027112649791034897
T0416,1729,calendar_month,all symbols together,1000,-0.0036010996319658655,0.0018365820609206902
T0417,1729,calendar_month,all symbols together,1000,-0.0021303665640869055,-0.0005458380479529889
T0418,1729,calendar_month,all symbols together,1000,-0.00269907654226644,0.001284775214493988
T0419,1729,calendar_month,all symbols together,1000,-0.001424359311569047,0.0048809645339507575
T0420,1729,calendar_month,all symbols together,1000,-0.0031932686811925676,-0.0018604574530997559
T0421,1729,calendar_month,all symbols together,1000,-0.003225682682477835,-0.00011364568816556364
T0422,1729,calendar_month,all symbols together,1000,-0.0035945481940500633,0.002795532573681428
T0423,1729,calendar_month,all symbols together,1000,-0.0022282518452493927,-0.0013295216415057634
T0424,1729,calendar_month,all symbols together,1000,-0.002797530471258028,8.628258220683737e-06
T0425,1729,calendar_month,all symbols together,1000,-0.003272106655348348,0.001810667777807415
T0426,1729,calendar_month,all symbols together,1000,-0.0022601166554744308,-0.0014977842394465037
T0427,1729,calendar_month,all symbols together,1000,-0.002320427154289185,8.058649093860309e-05
T0428,1729,calendar_month,all symbols together,1000,-0.0027626244496779563,0.0019009128996401018
T0429,1729,calendar_month,all symbols together,1000,-0.002119546696025592,-0.0011790197152872928
T0430,1729,calendar_month,all symbols together,1000,-0.0022071418890408107,0.00038351985202853147
T0431,1729,calendar_month,all symbols together,1000,-0.0021363825938321597,0.002928795981073173
T0432,1729,calendar_month,all symbols together,1000,-0.00228324626691599,-0.001001176731089072
T0433,1729,calendar_month,all symbols together,1000,-0.0019054054818424277,0.001058688764238845
T0434,1729,calendar_month,all symbols together,1000,-0.0026408431589258546,0.003354510393781395
T0435,1729,calendar_month,all symbols together,1000,-0.0017796448030575173,-0.0007581299878846927
T0436,1729,calendar_month,all symbols together,1000,-0.001430757770483959,0.00161046789133452
T0437,1729,calendar_month,all symbols together,1000,-0.0009640274236488086,0.004595235157825108
T0438,1729,calendar_month,all symbols together,1000,-0.0017922248094347144,0.0017221143877457078
T0439,1729,calendar_month,all symbols together,1000,-0.0009518492416764448,0.004491834818475102
T0440,1729,calendar_month,all symbols together,1000,-0.0018147472019588713,0.007871237256768054
T0441,1729,calendar_month,all symbols together,1000,-0.0020882541943737206,0.0009597681861562717
T0442,1729,calendar_month,all symbols together,1000,-0.002499408017357778,0.0037295210707218346
T0443,1729,calendar_month,all symbols together,1000,-0.0016440707697647332,0.0013464955865193796
T0444,1729,calendar_month,all symbols together,1000,-0.0015733099386856762,0.004391173056117282
T0445,1729,calendar_month,all symbols together,1000,-0.0022755815523894793,0.00046523598531451177
T0446,1729,calendar_month,all symbols together,1000,-0.00258717012434435,0.002934643539664144
T0447,1729,calendar_month,all symbols together,1000,-0.0020882541943737206,0.0009597681861562717
T0448,1729,calendar_month,all symbols together,1000,-0.002499408017357778,0.0037295210707218346
T0449,1729,calendar_month,all symbols together,1000,-0.0016440707697647332,0.0013464955865193796
T0450,1729,calendar_month,all symbols together,1000,-0.0015733099386856762,0.004391173056117282
T0451,1729,calendar_month,all symbols together,1000,-0.0022755815523894793,0.00046523598531451177
T0452,1729,calendar_month,all symbols together,1000,-0.00258717012434435,0.002934643539664144
T0453,1729,calendar_month,all symbols together,1000,-0.0020304904923637906,0.000579965540637757
T0454,1729,calendar_month,all symbols together,1000,-0.0020727956205044786,0.004469607302810585
T0455,1729,calendar_month,all symbols together,1000,-0.002540421347978818,0.0004067671975759251
T0456,1729,calendar_month,all symbols together,1000,-0.0014887477298486443,0.004794490034876306
T0457,1729,calendar_month,all symbols together,1000,-0.002857080545354157,0.0005440241649240665
T0458,1729,calendar_month,all symbols together,1000,-0.0036132339602177543,0.004204734068314637
T0459,1729,calendar_month,all symbols together,1000,-0.0026774991157166436,0.001955286886931386
T0460,1729,calendar_month,all symbols together,1000,-0.0028563254748834813,0.005745617759242106
T0461,1729,calendar_month,all symbols together,1000,-0.0010064640878184481,0.00395146137447939
T0462,1729,calendar_month,all symbols together,1000,-0.0034496269156092697,0.007150405155637208
T0463,1729,calendar_month,all symbols together,1000,-0.0005087092611816749,0.004520842754869979
T0464,1729,calendar_month,all symbols together,1000,-0.0022873870579419283,0.00824164155084571
T0465,1729,calendar_month,all symbols together,1000,-0.0028247593210343406,0.00017803896615839902
T0466,1729,calendar_month,all symbols together,1000,-0.005250095316226322,0.0004888919269496268
T0467,1729,calendar_month,all symbols together,1000,-0.0017814767859513098,0.001412511073708684
T0468,1729,calendar_month,all symbols together,1000,-0.0025731138598973024,0.003600552783399957
T0469,1729,calendar_month,all symbols together,1000,-0.002018289267171919,0.0009306302212739498
T0470,1729,calendar_month,all symbols together,1000,-0.001708159838216155,0.004686956366073639
T0471,1729,calendar_month,all symbols together,1000,-0.003916720668600914,5.049342642778087e-06
T0472,1729,calendar_month,all symbols together,1000,-0.003956780551877294,0.003923496304251351
T0473,1729,calendar_month,all symbols together,1000,-0.005450960963496036,0.00034279301644454417
T0474,1729,calendar_month,all symbols together,1000,-0.002987721584819418,0.007254991228584676
T0475,1729,calendar_month,all symbols together,1000,-0.00463098658162318,0.004463220322181898
T0476,1729,calendar_month,all symbols together,1000,-0.002409875095448145,0.01448419955149516
T0477,1729,calendar_month,all symbols together,1000,-0.0027310906450607113,0.0022580266270529727
T0478,1729,calendar_month,all symbols together,1000,-0.003184614021190014,0.007765324677346972
T0479,1729,calendar_month,all symbols together,1000,-0.002495817081319351,-3.554294619058398e-05
T0480,1729,calendar_month,all symbols together,1000,-0.0032486819336819167,0.002120918373408312
T0481,1729,calendar_month,all symbols together,1000,-0.0031367133101142955,0.0014267372905090534
T0482,1729,calendar_month,all symbols together,1000,-0.0038015826250142435,0.0067288913804266414
T0483,1729,calendar_month,all symbols together,1000,-0.003382030290752464,0.001657636376692685
T0484,1729,calendar_month,all symbols together,1000,-0.005422207888370701,0.0027862703612609504
T0485,1729,calendar_month,all symbols together,1000,-0.0028301883256672497,-0.0002538743778299177
T0486,1729,calendar_month,all symbols together,1000,-0.003549398600135936,0.00219637963455366
T0487,1729,calendar_month,all symbols together,1000,-0.0024152061292276035,0.000288468375190826
T0488,1729,calendar_month,all symbols together,1000,-0.0017383307511682987,0.003551140664615599
T0489,1729,calendar_month,all symbols together,1000,-0.0023779528425353774,0.0006774213287467825
T0490,1729,calendar_month,all symbols together,1000,-0.002420818129920372,0.0039148532370580705
T0491,1729,calendar_month,all symbols together,1000,-0.0006247328796659948,0.0031425436103778735
T0492,1729,calendar_month,all symbols together,1000,-0.004857258036675782,0.0033752284011532314
T0493,1729,calendar_month,all symbols together,1000,-0.0026201718277830324,0.0007292861109765904
T0494,1729,calendar_month,all symbols together,1000,-0.003078272567720999,0.003284941501418228
T0495,1729,calendar_month,all symbols together,1000,-0.0018003756589496918,0.0016462436155198622
T0496,1729,calendar_month,all symbols together,1000,-0.0013669938129333753,0.005052045019666495
T0497,1729,calendar_month,all symbols together,1000,-0.0015472323874092574,0.004603251614918335
T0498,1729,calendar_month,all symbols together,1000,-0.001621942914836695,0.006766826928408955
T0499,1729,calendar_month,all symbols together,1000,-0.00221983683191743,-0.00200788461881136
T0500,1729,calendar_month,all symbols together,1000,-0.0027786085904171567,-0.0019102602612367386
T0501,1729,calendar_month,all symbols together,1000,-0.004274280040747732,-0.0018334685603711193
T0502,1729,calendar_month,all symbols together,1000,-0.005740481153580867,-0.0006297469877562685
T0503,1729,calendar_month,all symbols together,1000,-0.002225131467849061,-0.0019990139148107627
T0504,1729,calendar_month,all symbols together,1000,-0.002825103516504085,-0.0019308225935973115
T0505,1729,calendar_month,all symbols together,1000,-0.004360856109244781,-0.0017736468035995055
T0506,1729,calendar_month,all symbols together,1000,-0.0061409926122633594,-0.0008527754306979186
T0507,1729,calendar_month,all symbols together,1000,-0.0021467679088541932,-0.0019462650900125857
T0508,1729,calendar_month,all symbols together,1000,-0.0025653633677254605,-0.0017345261097694074
T0509,1729,calendar_month,all symbols together,1000,-0.0039424950237675884,-0.001515086556402798
T0510,1729,calendar_month,all symbols together,1000,-0.0058004890698414805,-0.0008473259447825421
T0511,1729,calendar_month,all symbols together,1000,-0.00221983683191743,-0.00200788461881136
T0512,1729,calendar_month,all symbols together,1000,-0.0027786085904171567,-0.0019102602612367386
T0513,1729,calendar_month,all symbols together,1000,-0.004274280040747732,-0.0018334685603711193
T0514,1729,calendar_month,all symbols together,1000,-0.005740481153580867,-0.0006297469877562685
T0515,1729,calendar_month,all symbols together,1000,-0.002225131467849061,-0.0019990139148107627
T0516,1729,calendar_month,all symbols together,1000,-0.002825103516504085,-0.0019308225935973115
T0517,1729,calendar_month,all symbols together,1000,-0.004360856109244781,-0.0017736468035995055
T0518,1729,calendar_month,all symbols together,1000,-0.0061409926122633594,-0.0008527754306979186
T0519,1729,calendar_month,all symbols together,1000,-0.0021467679088541932,-0.0019462650900125857
T0520,1729,calendar_month,all symbols together,1000,-0.0025653633677254605,-0.0017345261097694074
T0521,1729,calendar_month,all symbols together,1000,-0.0039424950237675884,-0.001515086556402798
T0522,1729,calendar_month,all symbols together,1000,-0.0058004890698414805,-0.0008473259447825421
T0523,1729,calendar_month,all symbols together,1000,-0.0022669802062155234,-0.0020414922951324916
T0524,1729,calendar_month,all symbols together,1000,-0.0027673998696953177,-0.0019444619292536376
T0525,1729,calendar_month,all symbols together,1000,-0.004194029566917392,-0.0015213492102626334
T0526,1729,calendar_month,all symbols together,1000,-0.00568336570150631,-0.0007067741388648829
T0527,1729,calendar_month,all symbols together,1000,-0.0023163181202255933,-0.0020633105997625674
T0528,1729,calendar_month,all symbols together,1000,-0.002854636765926027,-0.0018794510029805805
T0529,1729,calendar_month,all symbols together,1000,-0.004524211388837014,-0.0019820250399755998
T0530,1729,calendar_month,all symbols together,1000,-0.0060271912832622265,-0.0008773455335844599
T0531,1729,calendar_month,all symbols together,1000,-0.002323777745022893,-0.0020518874546038746
T0532,1729,calendar_month,all symbols together,1000,-0.0029471785041384813,-0.00200189182812002
T0533,1729,calendar_month,all symbols together,1000,-0.004355846048756949,-0.0016282071544337334
T0534,1729,calendar_month,all symbols together,1000,-0.006094074807443129,-0.0010889103329217709
T0535,1729,calendar_month,all symbols together,1000,-0.0027589998919471705,-0.0022876312609708288
T0536,1729,calendar_month,all symbols together,1000,-0.003255482859045084,-0.002151189562064911
T0537,1729,calendar_month,all symbols together,1000,-0.004768843528781035,-0.002027828737847416
T0538,1729,calendar_month,all symbols together,1000,-0.00573644213107479,-0.00034664675745495535
T0539,1729,calendar_month,all symbols together,1000,-0.0028332492039788745,-0.0021527414871750617
T0540,1729,calendar_month,all symbols together,1000,-0.003908306416212411,-0.0022999506336930406
T0541,1729,calendar_month,all symbols together,1000,-0.00513613797955348,-0.001431596013125676
T0542,1729,calendar_month,all symbols together,1000,-0.008100853692378047,-0.002002665802142095
T0543,1729,calendar_month,all symbols together,1000,-0.0028787895981059676,-0.0021654758525989594
T0544,1729,calendar_month,all symbols together,1000,-0.003945612244065663,-0.0023103244149537704
T0545,1729,calendar_month,all symbols together,1000,-0.005283874012852586,-0.0013373709025641788
T0546,1729,calendar_month,all symbols together,1000,-0.007954046103469867,-0.0019370155890279417
T0547,1729,calendar_month,all symbols together,1000,-0.0022923157888005367,-0.00204357553451105
T0548,1729,calendar_month,all symbols together,1000,-0.0028898642718459618,-0.0020067539698049603
T0549,1729,calendar_month,all symbols together,1000,-0.0040835520511448556,-0.0014848214614804232
T0550,1729,calendar_month,all symbols together,1000,-0.006121530456247504,-0.0010138715164393064
T0551,1729,calendar_month,all symbols together,1000,-0.0022805283616046798,-0.0020072149646553393
T0552,1729,calendar_month,all symbols together,1000,-0.0027374402093035236,-0.001797068236208658
T0553,1729,calendar_month,all symbols together,1000,-0.004185176360054572,-0.0014781674438306704
T0554,1729,calendar_month,all symbols together,1000,-0.005961194342276158,-0.0008679288769484966
T0555,1729,calendar_month,all symbols together,1000,-0.0022515201242625975,-0.002038505589378101
T0556,1729,calendar_month,all symbols together,1000,-0.0027517620242984327,-0.0018389147841290207
T0557,1729,calendar_month,all symbols together,1000,-0.004147359949527459,-0.0017287789177477695
T0558,1729,calendar_month,all symbols together,1000,-0.006067933617769692,-0.000986173951582479
T0559,1729,calendar_month,all symbols together,1000,-0.001775703746573889,-0.0014866263510347232
T0560,1729,calendar_month,all symbols together,1000,-0.001960120383208358,-0.0010771420869888093
T0561,1729,calendar_month,all symbols together,1000,-0.0026465668456620655,-9.504835374669535e-05
T0562,1729,calendar_month,all symbols together,1000,-0.0047803021472829,4.698957781815554e-05
T0563,1729,calendar_month,all symbols together,1000,-0.001688065119232994,-0.0014278277102179214
T0564,1729,calendar_month,all symbols together,1000,-0.0021820189924393494,-0.0011442814043940298
T0565,1729,calendar_month,all symbols together,1000,-0.0034026675128357824,-0.0005266341954161194
T0566,1729,calendar_month,all symbols together,1000,-0.006220260446680715,-0.00026249673937348076
T0567,1729,calendar_month,all symbols together,1000,-0.0017650290683266985,-0.0010216068795929642
T0568,1729,calendar_month,all symbols together,1000,-0.0027870108366035273,-0.0013511018424468655
T0569,1729,calendar_month,all symbols together,1000,-0.005275808896951925,-0.0014104313464377786
T0570,1729,calendar_month,all symbols together,1000,-0.007729143456216676,-0.0007525670879999722
T0571,1729,calendar_month,all symbols together,1000,-0.0026492593730513348,-0.0022352605484617584
T0572,1729,calendar_month,all symbols together,1000,-0.004267402205167653,-0.002949022874605148
T0573,1729,calendar_month,all symbols together,1000,-0.0069576397561219895,-0.0033161894598592164
T0574,1729,calendar_month,all symbols together,1000,-0.011205210979501577,-0.003614477012302542
T0575,1729,calendar_month,all symbols together,1000,-0.0022178018981594432,-0.0019918391726153725
T0576,1729,calendar_month,all symbols together,1000,-0.0027205414745127728,-0.0018827724889639787
T0577,1729,calendar_month,all symbols together,1000,-0.004031925792105809,-0.0016977276935142528
T0578,1729,calendar_month,all symbols together,1000,-0.005879564707031262,-0.0010651874045020041
T0579,1729,calendar_month,all symbols together,1000,-0.002594572907895507,-0.002129167743222244
T0580,1729,calendar_month,all symbols together,1000,-0.0034542273554963557,-0.0021166388831379292
T0581,1729,calendar_month,all symbols together,1000,-0.004950575274385921,-0.001620420194956362
T0582,1729,calendar_month,all symbols together,1000,-0.007534778048566397,-0.001497211881794486
T0583,1729,calendar_month,all symbols together,1000,-0.002667518830522742,-0.002262102596036117
T0584,1729,calendar_month,all symbols together,1000,-0.0031416562609048546,-0.0020211127852057397
T0585,1729,calendar_month,all symbols together,1000,-0.0045488949655765444,-0.0017513109687380588
T0586,1729,calendar_month,all symbols together,1000,-0.006605826788161348,-0.001273368317017292
T0587,1729,calendar_month,all symbols together,1000,-0.0020814354526827,-0.001860582678616655
T0588,1729,calendar_month,all symbols together,1000,-0.0024660295348466377,-0.0016731063376506617
T0589,1729,calendar_month,all symbols together,1000,-0.0035400274136109014,-0.0010903535414168554
T0590,1729,calendar_month,all symbols together,1000,-0.0058210084781138245,-0.0012811644509043189
T0591,1729,calendar_month,all symbols together,1000,-0.0022372425421485517,-0.0020296381043888615
T0592,1729,calendar_month,all symbols together,1000,-0.002755273821219686,-0.0019422907269968392
T0593,1729,calendar_month,all symbols together,1000,-0.0039046276641508445,-0.0014309534282098083
T0594,1729,calendar_month,all symbols together,1000,-0.005860050781904296,-0.0013990505311060437
T0595,1729,calendar_month,all symbols together,1000,-0.002242733780012152,-0.0020379216936677975
T0596,1729,calendar_month,all symbols together,1000,-0.002699485676900805,-0.0019125746282786461
T0597,1729,calendar_month,all symbols together,1000,-0.0042312637670405915,-0.001772586835136919
T0598,1729,calendar_month,all symbols together,1000,-0.006263046183759496,-0.0015372853011246957
T0599,1729,calendar_month,all symbols together,1000,-0.0023272450482787646,-0.001806527054998464
T0600,1729,calendar_month,all symbols together,1000,-0.0036946399172957936,-0.001969071053045744
T0601,1729,calendar_month,all symbols together,1000,-0.005753624818069719,-0.002097048665109903
T0602,1729,calendar_month,all symbols together,1000,-0.00946404963230776,-0.002109206607229842
T0603,1729,calendar_month,all symbols together,1000,-0.0024287906400426063,-0.002056776716816063
T0604,1729,calendar_month,all symbols together,1000,-0.0032526086243609737,-0.002034157911490277
T0605,1729,calendar_month,all symbols together,1000,-0.0060036622755864555,-0.0026821695222666595
T0606,1729,calendar_month,all symbols together,1000,-0.0065864637166702465,-0.0005473111728499809
T0607,1729,calendar_month,all symbols together,1000,-0.0021497796703786416,-0.0019482783749888133
T0608,1729,calendar_month,all symbols together,1000,-0.0026214657176165082,-0.0017539742726420302
T0609,1729,calendar_month,all symbols together,1000,-0.003827657393158911,-0.0012758726736582947
T0610,1729,calendar_month,all symbols together,1000,-0.005519789280264523,-0.0005211204587870961
T0611,1729,calendar_month,all symbols together,1000,-0.002228016513685725,-0.0015650917855747396
T0612,1729,calendar_month,all symbols together,1000,-0.0029753810766311828,-0.0004056993807911501
T0613,1729,calendar_month,all symbols together,1000,-0.004231129035296385,0.0014219575656959818
T0614,1729,calendar_month,all symbols together,1000,-0.004007147646151413,0.005286093886911445
T0615,1729,calendar_month,all symbols together,1000,-0.002550603605075738,-0.0017867095938384917
T0616,1729,calendar_month,all symbols together,1000,-0.003879293605167715,-0.0015471792067926148
T0617,1729,calendar_month,all symbols together,1000,-0.006265839662555279,-0.0009312490294717637
T0618,1729,calendar_month,all symbols together,1000,-0.0025833987870563404,-0.0018037092616191978
T0619,1729,calendar_month,all symbols together,1000,-0.003800626087026628,-0.001412999580273902
T0620,1729,calendar_month,all symbols together,1000,-0.00543335244240329,-0.0004875871102766814
T0621,1729,calendar_month,all symbols together,1000,-0.0024594277053283614,-0.001678474780973684
T0622,1729,calendar_month,all symbols together,1000,-0.0032623077976478487,-0.000809886939774745
T0623,1729,calendar_month,all symbols together,1000,-0.005045831052752231,-0.00029806518237459863
T0624,1729,calendar_month,all symbols together,1000,-0.002550603605075738,-0.0017867095938384917
T0625,1729,calendar_month,all symbols together,1000,-0.003879293605167715,-0.0015471792067926148
T0626,1729,calendar_month,all symbols together,1000,-0.006265839662555279,-0.0009312490294717637
T0627,1729,calendar_month,all symbols together,1000,-0.0025833987870563404,-0.0018037092616191978
T0628,1729,calendar_month,all symbols together,1000,-0.003800626087026628,-0.001412999580273902
T0629,1729,calendar_month,all symbols together,1000,-0.00543335244240329,-0.0004875871102766814
T0630,1729,calendar_month,all symbols together,1000,-0.0024594277053283614,-0.001678474780973684
T0631,1729,calendar_month,all symbols together,1000,-0.0032623077976478487,-0.000809886939774745
T0632,1729,calendar_month,all symbols together,1000,-0.005045831052752231,-0.00029806518237459863
T0633,1729,calendar_month,all symbols together,1000,-0.0026352899317668706,-0.0018183218515205558
T0634,1729,calendar_month,all symbols together,1000,-0.0040851467325170865,-0.0016172075016847736
T0635,1729,calendar_month,all symbols together,1000,-0.0068884497653954645,-0.001327434618631658
T0636,1729,calendar_month,all symbols together,1000,-0.0026710866246512617,-0.0018259667704810106
T0637,1729,calendar_month,all symbols together,1000,-0.0038866816398130566,-0.001408838849511743
T0638,1729,calendar_month,all symbols together,1000,-0.005982916915961751,-0.0011280727623637452
T0639,1729,calendar_month,all symbols together,1000,-0.002953606919309192,-0.0019179083526197627
T0640,1729,calendar_month,all symbols together,1000,-0.004440380205323924,-0.0015805103975804035
T0641,1729,calendar_month,all symbols together,1000,-0.006513029590770467,-0.0012073169649412683
T0642,1729,calendar_month,all symbols together,1000,-0.0035531799402476207,-0.0018196472158832687
T0643,1729,calendar_month,all symbols together,1000,-0.004981011999459567,-0.0012355735858789142
T0644,1729,calendar_month,all symbols together,1000,-0.008252718110243504,-0.0022180431839782713
T0645,1729,calendar_month,all symbols together,1000,-0.0035371740010102966,-0.001454895980936808
T0646,1729,calendar_month,all symbols together,1000,-0.004419134231575796,-0.0002891166072912706
T0647,1729,calendar_month,all symbols together,1000,-0.008576445221882376,-0.0017171096259009162
T0648,1729,calendar_month,all symbols together,1000,-0.003831682384963597,-0.0015410521708378643
T0649,1729,calendar_month,all symbols together,1000,-0.004539220863554758,-0.00023904800970975555
T0650,1729,calendar_month,all symbols together,1000,-0.009066052563971902,-0.0018442305983452294
T0651,1729,calendar_month,all symbols together,1000,-0.002654639257800089,-0.0018475342853592899
T0652,1729,calendar_month,all symbols together,1000,-0.0042839193570408446,-0.0016086519541222066
T0653,1729,calendar_month,all symbols together,1000,-0.005761682326499619,-0.0007714896005581825
T0654,1729,calendar_month,all symbols together,1000,-0.0027178145783518844,-0.001790505112548356
T0655,1729,calendar_month,all symbols together,1000,-0.004008234379116716,-0.0012236369017215583
T0656,1729,calendar_month,all symbols together,1000,-0.005575397024088934,-5.0642083741249246e-05
T0657,1729,calendar_month,all symbols together,1000,-0.002731249688925949,-0.001983654687375728
T0658,1729,calendar_month,all symbols together,1000,-0.003862233902997543,-0.0013884967021967733
T0659,1729,calendar_month,all symbols together,1000,-0.006558363279042524,-0.0015300951166954508
T0660,1729,calendar_month,all symbols together,1000,-0.0024383256524397384,-0.0012872551388208864
T0661,1729,calendar_month,all symbols together,1000,-0.0036837634387652408,-0.0003364868675240168
T0662,1729,calendar_month,all symbols together,1000,-0.005818616745049396,0.0002714843190083631
T0663,1729,calendar_month,all symbols together,1000,-0.0032754726782674827,-0.0015600192245359044
T0664,1729,calendar_month,all symbols together,1000,-0.0058285001968093105,-0.0016588618949617553
T0665,1729,calendar_month,all symbols together,1000,-0.008511150300052698,-0.0008107332181806515
T0666,1729,calendar_month,all symbols together,1000,-0.004051704616181422,-0.0017286695894115562
T0667,1729,calendar_month,all symbols together,1000,-0.008759374105337564,-0.003097580674494451
T0668,1729,calendar_month,all symbols together,1000,-0.014182885037500875,-0.00315561104830258
T0669,1729,calendar_month,all symbols together,1000,-0.003679567656034159,-0.0022283393293218126
T0670,1729,calendar_month,all symbols together,1000,-0.007271655894916646,-0.003249952930427478
T0671,1729,calendar_month,all symbols together,1000,-0.010357896823783365,-0.002385251213495935
T0672,1729,calendar_month,all symbols together,1000,-0.003024642898908505,-0.0018847431655555835
T0673,1729,calendar_month,all symbols together,1000,-0.004290598640338327,-0.0015944707128404403
T0674,1729,calendar_month,all symbols together,1000,-0.0066305423861485165,-0.0013924326861715621
T0675,1729,calendar_month,all symbols together,1000,-0.003488763191599098,-0.0023911358065093237
T0676,1729,calendar_month,all symbols together,1000,-0.005973142515086243,-0.002297342868813571
T0677,1729,calendar_month,all symbols together,1000,-0.007162933944608827,-0.0008688206581977124
T0678,1729,calendar_month,all symbols together,1000,-0.002909117059172713,-0.0011232097409279045
T0679,1729,calendar_month,all symbols together,1000,-0.00422939256838513,-0.0006648210567315816
T0680,1729,calendar_month,all symbols together,1000,-0.00650902601388113,-0.000728662029744424
T0681,1729,calendar_month,all symbols together,1000,-0.002690835666395781,-0.0017885362055332324
T0682,1729,calendar_month,all symbols together,1000,-0.003959657036362272,-0.0013402688640437412
T0683,1729,calendar_month,all symbols together,1000,-0.005314545401301282,-0.0003086199734725592
T0684,1729,calendar_month,all symbols together,1000,-0.0027775434114816347,-0.0019604346891921812
T0685,1729,calendar_month,all symbols together,1000,-0.0039385086772071,-0.0015706781815920876
T0686,1729,calendar_month,all symbols together,1000,-0.005995228542491884,-0.0013907224188566976
T0687,1729,calendar_month,all symbols together,1000,-0.0026860718394755537,-0.0018955541714512625
T0688,1729,calendar_month,all symbols together,1000,-0.004154425655882037,-0.0016659127162639094
T0689,1729,calendar_month,all symbols together,1000,-0.005950800443399518,-0.0012583181037049056
T0690,1729,calendar_month,all symbols together,1000,-0.002877105202219501,-0.0015802294793929937
T0691,1729,calendar_month,all symbols together,1000,-0.0053751106174949785,-0.0012530350623885006
T0692,1729,calendar_month,all symbols together,1000,-0.006906646793476776,-0.0002502074614379914
T0693,1729,calendar_month,all symbols together,1000,-0.0025370152306007296,-0.0016734200554361736
T0694,1729,calendar_month,all symbols together,1000,-0.0037923869262778804,-0.001206720304106106
T0695,1729,calendar_month,all symbols together,1000,-0.006264916987938611,-0.0008830311882262308
T0696,1729,calendar_month,all symbols together,1000,-0.0031114357560250304,-0.0007735716075516637
T0697,1729,calendar_month,all symbols together,1000,-0.00428424936411344,0.0014597547745919032
T0698,1729,calendar_month,all symbols together,1000,-0.0039413229815723665,0.0045089640313200835
T0699,1729,calendar_month,all symbols together,1000,-0.0032325804814504274,-0.0009649567739862409
T0700,1729,calendar_month,all symbols together,1000,-0.0056530443189777005,-0.0002939077116748559
T0701,1729,calendar_month,all symbols together,1000,-0.0035083588391189528,-0.0010248197582483057
T0702,1729,calendar_month,all symbols together,1000,-0.0048264284813776485,-5.217968780225915e-05
T0703,1729,calendar_month,all symbols together,1000,-0.002785215094886955,-0.00027859303663424083
T0704,1729,calendar_month,all symbols together,1000,-0.00413887162830984,0.0004540548367472426
T0705,1729,calendar_month,all symbols together,1000,-0.0032325804814504274,-0.0009649567739862409
T0706,1729,calendar_month,all symbols together,1000,-0.0056530443189777005,-0.0002939077116748559
T0707,1729,calendar_month,all symbols together,1000,-0.0035083588391189528,-0.0010248197582483057
T0708,1729,calendar_month,all symbols together,1000,-0.0048264284813776485,-5.217968780225915e-05
T0709,1729,calendar_month,all symbols together,1000,-0.002785215094886955,-0.00027859303663424083
T0710,1729,calendar_month,all symbols together,1000,-0.00413887162830984,0.0004540548367472426
T0711,1729,calendar_month,all symbols together,1000,-0.0035823828370291047,-0.0010522824071934448
T0712,1729,calendar_month,all symbols together,1000,-0.0053336723853799175,-0.0005120722405370146
T0713,1729,calendar_month,all symbols together,1000,-0.0038991382053918783,-0.0010703330734710764
T0714,1729,calendar_month,all symbols together,1000,-0.010813878336531963,-0.00144497539383163
T0715,1729,calendar_month,all symbols together,1000,-0.0036830837119236092,-0.001294728528141019
T0716,1729,calendar_month,all symbols together,1000,-0.006515309073495407,-0.0012279595249380455
T0717,1729,calendar_month,all symbols together,1000,-0.004301708254536114,0.0016075654596367753
T0718,1729,calendar_month,all symbols together,1000,-0.008676472332618467,-0.0004893927153531097
T0719,1729,calendar_month,all symbols together,1000,-0.0022402139611979507,0.0055974138097327954
T0720,1729,calendar_month,all symbols together,1000,-0.009926465576519014,0.0017887931538849214
T0721,1729,calendar_month,all symbols together,1000,-0.0020411447345954304,0.006790685919024836
T0722,1729,calendar_month,all symbols together,1000,-0.010045392181387548,0.0015591253011465252
T0723,1729,calendar_month,all symbols together,1000,-0.003733230899751448,-0.0014310448446273917
T0724,1729,calendar_month,all symbols together,1000,-0.006577009596956091,-0.001094473848634007
T0725,1729,calendar_month,all symbols together,1000,-0.0040624354368524115,-0.0013768738119613773
T0726,1729,calendar_month,all symbols together,1000,-0.006037097629605314,-0.0006771088281097284
T0727,1729,calendar_month,all symbols together,1000,-0.0035704388949410405,-0.0012083158631673483
T0728,1729,calendar_month,all symbols together,1000,-0.005877147005194824,-0.0008127198943590718
T0729,1729,calendar_month,all symbols together,1000,-0.00542000499859077,-0.0012488525590981317
T0730,1729,calendar_month,all symbols together,1000,-0.009151600734836158,-0.0008028398660582771
T0731,1729,calendar_month,all symbols together,1000,-0.007455464528594235,-0.0015192277700318928
T0732,1729,calendar_month,all symbols together,1000,-0.014646243499884384,-0.0008316350786999487
T0733,1729,calendar_month,all symbols together,1000,-0.010508155629240332,-0.00280014258093728
T0734,1729,calendar_month,all symbols together,1000,-0.01920715762569447,-0.002692165462619938
T0735,1729,calendar_month,all symbols together,1000,-0.006442959633027182,-0.003232155740827747
T0736,1729,calendar_month,all symbols together,1000,-0.01632295802204801,-0.008079759207440243
T0737,1729,calendar_month,all symbols together,1000,-0.00418030328092754,-0.0009786199487269909
T0738,1729,calendar_month,all symbols together,1000,-0.005663118211425255,-0.0007608936443328966
T0739,1729,calendar_month,all symbols together,1000,-0.0061263952454640854,-0.002043807934097175
T0740,1729,calendar_month,all symbols together,1000,-0.010684570914612007,-0.0033645949892352534
T0741,1729,calendar_month,all symbols together,1000,-0.005043673039054156,0.0012532343491291305
T0742,1729,calendar_month,all symbols together,1000,-0.009819406562039718,0.0006650230150601049
T0743,1729,calendar_month,all symbols together,1000,-0.004341629305675124,-0.0014691051821307973
T0744,1729,calendar_month,all symbols together,1000,-0.005605788776672931,-0.00035149589152963837
T0745,1729,calendar_month,all symbols together,1000,-0.004278438741642802,-0.0018570695170573288
T0746,1729,calendar_month,all symbols together,1000,-0.006119922630371914,-0.0015415502250197652
T0747,1729,calendar_month,all symbols together,1000,-0.004075350229049716,-0.0016489311211360807
T0748,1729,calendar_month,all symbols together,1000,-0.006430359783407616,-0.0014268069964885964
T0749,1729,calendar_month,all symbols together,1000,-0.004376839089547643,0.0005145562680662997
T0750,1729,calendar_month,all symbols together,1000,-0.003366255992747259,0.003161324727351416
T0751,1729,calendar_month,all symbols together,1000,-0.0034058634432035163,-7.835384149633363e-05
T0752,1729,calendar_month,all symbols together,1000,-0.006787460501125565,-0.0005160936843343128
T0753,1729,calendar_month,all symbols together,1000,-0.003911759595388525,-0.0014857300043970157
T0754,1729,calendar_month,all symbols together,1000,-0.005694768837404936,-0.0006350809228494389
T0755,1729,calendar_month,all symbols together,1000,-0.003578522990862543,0.0025059013959551047
T0756,1729,calendar_month,all symbols together,1000,-0.006347231126205529,0.004195659598516725
