trial_id,feature_id,variant,market,timeframe,side,cohort,horizon_bars,status
T0001,trend.ema_20_50_spread,ema_10_30,spot,15m,LONG,top50,4,REGISTERED
T0002,trend.ema_20_50_spread,ema_10_30,spot,15m,LONG,top50,16,REGISTERED
T0003,trend.ema_20_50_spread,ema_10_30,spot,15m,LONG,top50,48,REGISTERED
T0004,trend.ema_20_50_spread,ema_10_30,spot,15m,LONG,top50,96,REGISTERED
T0005,trend.ema_20_50_spread,ema_20_50,spot,15m,LONG,top50,4,REGISTERED
T0006,trend.ema_20_50_spread,ema_20_50,spot,15m,LONG,top50,16,REGISTERED
T0007,trend.ema_20_50_spread,ema_20_50,spot,15m,LONG,top50,48,REGISTERED
T0008,trend.ema_20_50_spread,ema_20_50,spot,15m,LONG,top50,96,REGISTERED
T0009,trend.ema_20_50_spread,ema_50_200,spot,15m,LONG,top50,4,REGISTERED
T0010,trend.ema_20_50_spread,ema_50_200,spot,15m,LONG,top50,16,REGISTERED
T0011,trend.ema_20_50_spread,ema_50_200,spot,15m,LONG,top50,48,REGISTERED
T0012,trend.ema_20_50_spread,ema_50_200,spot,15m,LONG,top50,96,REGISTERED
T0013,trend.ema_50_200_regime,ema_10_30,spot,15m,LONG,top50,4,REGISTERED
T0014,trend.ema_50_200_regime,ema_10_30,spot,15m,LONG,top50,16,REGISTERED
T0015,trend.ema_50_200_regime,ema_10_30,spot,15m,LONG,top50,48,REGISTERED
T0016,trend.ema_50_200_regime,ema_10_30,spot,15m,LONG,top50,96,REGISTERED
T0017,trend.ema_50_200_regime,ema_20_50,spot,15m,LONG,top50,4,REGISTERED
T0018,trend.ema_50_200_regime,ema_20_50,spot,15m,LONG,top50,16,REGISTERED
T0019,trend.ema_50_200_regime,ema_20_50,spot,15m,LONG,top50,48,REGISTERED
T0020,trend.ema_50_200_regime,ema_20_50,spot,15m,LONG,top50,96,REGISTERED
T0021,trend.ema_50_200_regime,ema_50_200,spot,15m,LONG,top50,4,REGISTERED
T0022,trend.ema_50_200_regime,ema_50_200,spot,15m,LONG,top50,16,REGISTERED
T0023,trend.ema_50_200_regime,ema_50_200,spot,15m,LONG,top50,48,REGISTERED
T0024,trend.ema_50_200_regime,ema_50_200,spot,15m,LONG,top50,96,REGISTERED
T0025,trend.ema_slope,default,spot,15m,LONG,top50,4,REGISTERED
T0026,trend.ema_slope,default,spot,15m,LONG,top50,16,REGISTERED
T0027,trend.ema_slope,default,spot,15m,LONG,top50,48,REGISTERED
T0028,trend.ema_slope,default,spot,15m,LONG,top50,96,REGISTERED
T0029,trend.adx_dmi,adx14_threshold20,spot,15m,LONG,top50,4,REGISTERED
T0030,trend.adx_dmi,adx14_threshold20,spot,15m,LONG,top50,16,REGISTERED
T0031,trend.adx_dmi,adx14_threshold20,spot,15m,LONG,top50,48,REGISTERED
T0032,trend.adx_dmi,adx14_threshold20,spot,15m,LONG,top50,96,REGISTERED
T0033,trend.kaufman_er,er10_threshold0.3,spot,15m,LONG,top50,4,REGISTERED
T0034,trend.kaufman_er,er10_threshold0.3,spot,15m,LONG,top50,16,REGISTERED
T0035,trend.kaufman_er,er10_threshold0.3,spot,15m,LONG,top50,48,REGISTERED
T0036,trend.kaufman_er,er10_threshold0.3,spot,15m,LONG,top50,96,REGISTERED
T0037,trend.donchian,donchian_20,spot,15m,LONG,top50,4,REGISTERED
T0038,trend.donchian,donchian_20,spot,15m,LONG,top50,16,REGISTERED
T0039,trend.donchian,donchian_20,spot,15m,LONG,top50,48,REGISTERED
T0040,trend.donchian,donchian_20,spot,15m,LONG,top50,96,REGISTERED
T0041,trend.donchian,donchian_48,spot,15m,LONG,top50,4,REGISTERED
T0042,trend.donchian,donchian_48,spot,15m,LONG,top50,16,REGISTERED
T0043,trend.donchian,donchian_48,spot,15m,LONG,top50,48,REGISTERED
T0044,trend.donchian,donchian_48,spot,15m,LONG,top50,96,REGISTERED
T0045,trend.donchian,donchian_55,spot,15m,LONG,top50,4,REGISTERED
T0046,trend.donchian,donchian_55,spot,15m,LONG,top50,16,REGISTERED
T0047,trend.donchian,donchian_55,spot,15m,LONG,top50,48,REGISTERED
T0048,trend.donchian,donchian_55,spot,15m,LONG,top50,96,REGISTERED
T0049,momentum.roc,roc_6,spot,15m,LONG,top50,4,REGISTERED
T0050,momentum.roc,roc_6,spot,15m,LONG,top50,16,REGISTERED
T0051,momentum.roc,roc_6,spot,15m,LONG,top50,48,REGISTERED
T0052,momentum.roc,roc_6,spot,15m,LONG,top50,96,REGISTERED
T0053,momentum.roc,roc_12,spot,15m,LONG,top50,4,REGISTERED
T0054,momentum.roc,roc_12,spot,15m,LONG,top50,16,REGISTERED
T0055,momentum.roc,roc_12,spot,15m,LONG,top50,48,REGISTERED
T0056,momentum.roc,roc_12,spot,15m,LONG,top50,96,REGISTERED
T0057,momentum.roc,roc_24,spot,15m,LONG,top50,4,REGISTERED
T0058,momentum.roc,roc_24,spot,15m,LONG,top50,16,REGISTERED
T0059,momentum.roc,roc_24,spot,15m,LONG,top50,48,REGISTERED
T0060,momentum.roc,roc_24,spot,15m,LONG,top50,96,REGISTERED
T0061,momentum.rsi,rsi_7_30_70,spot,15m,LONG,top50,4,REGISTERED
T0062,momentum.rsi,rsi_7_30_70,spot,15m,LONG,top50,16,REGISTERED
T0063,momentum.rsi,rsi_7_30_70,spot,15m,LONG,top50,48,REGISTERED
T0064,momentum.rsi,rsi_7_30_70,spot,15m,LONG,top50,96,REGISTERED
T0065,momentum.rsi,rsi_14_30_70,spot,15m,LONG,top50,4,REGISTERED
T0066,momentum.rsi,rsi_14_30_70,spot,15m,LONG,top50,16,REGISTERED
T0067,momentum.rsi,rsi_14_30_70,spot,15m,LONG,top50,48,REGISTERED
T0068,momentum.rsi,rsi_14_30_70,spot,15m,LONG,top50,96,REGISTERED
T0069,momentum.rsi,rsi_21_30_70,spot,15m,LONG,top50,4,REGISTERED
T0070,momentum.rsi,rsi_21_30_70,spot,15m,LONG,top50,16,REGISTERED
T0071,momentum.rsi,rsi_21_30_70,spot,15m,LONG,top50,48,REGISTERED
T0072,momentum.rsi,rsi_21_30_70,spot,15m,LONG,top50,96,REGISTERED
T0073,volatility.atr_natr,natr14_filter,spot,15m,LONG,top50,4,REGISTERED
T0074,volatility.atr_natr,natr14_filter,spot,15m,LONG,top50,16,REGISTERED
T0075,volatility.atr_natr,natr14_filter,spot,15m,LONG,top50,48,REGISTERED
T0076,volatility.atr_natr,natr14_filter,spot,15m,LONG,top50,96,REGISTERED
T0077,volatility.bollinger_bandwidth,bb20_2s_filter,spot,15m,LONG,top50,4,REGISTERED
T0078,volatility.bollinger_bandwidth,bb20_2s_filter,spot,15m,LONG,top50,16,REGISTERED
T0079,volatility.bollinger_bandwidth,bb20_2s_filter,spot,15m,LONG,top50,48,REGISTERED
T0080,volatility.bollinger_bandwidth,bb20_2s_filter,spot,15m,LONG,top50,96,REGISTERED
T0081,volatility.realized_percentile,rv20_p100_filter,spot,15m,LONG,top50,4,REGISTERED
T0082,volatility.realized_percentile,rv20_p100_filter,spot,15m,LONG,top50,16,REGISTERED
T0083,volatility.realized_percentile,rv20_p100_filter,spot,15m,LONG,top50,48,REGISTERED
T0084,volatility.realized_percentile,rv20_p100_filter,spot,15m,LONG,top50,96,REGISTERED
T0085,volume.rvol,rvol20_filter,spot,15m,LONG,top50,4,REGISTERED
T0086,volume.rvol,rvol20_filter,spot,15m,LONG,top50,16,REGISTERED
T0087,volume.rvol,rvol20_filter,spot,15m,LONG,top50,48,REGISTERED
T0088,volume.rvol,rvol20_filter,spot,15m,LONG,top50,96,REGISTERED
T0089,volume.vwap_deviation,vwap_dev20_reversal,spot,15m,LONG,top50,4,REGISTERED
T0090,volume.vwap_deviation,vwap_dev20_reversal,spot,15m,LONG,top50,16,REGISTERED
T0091,volume.vwap_deviation,vwap_dev20_reversal,spot,15m,LONG,top50,48,REGISTERED
T0092,volume.vwap_deviation,vwap_dev20_reversal,spot,15m,LONG,top50,96,REGISTERED
T0093,orderflow.taker_ratio,ratio_sign,spot,15m,LONG,top50,4,REGISTERED
T0094,orderflow.taker_ratio,ratio_sign,spot,15m,LONG,top50,16,REGISTERED
T0095,orderflow.taker_ratio,ratio_sign,spot,15m,LONG,top50,48,REGISTERED
T0096,orderflow.taker_ratio,ratio_sign,spot,15m,LONG,top50,96,REGISTERED
T0097,orderflow.cvd,cvd_slope6_sign,spot,15m,LONG,top50,4,REGISTERED
T0098,orderflow.cvd,cvd_slope6_sign,spot,15m,LONG,top50,16,REGISTERED
T0099,orderflow.cvd,cvd_slope6_sign,spot,15m,LONG,top50,48,REGISTERED
T0100,orderflow.cvd,cvd_slope6_sign,spot,15m,LONG,top50,96,REGISTERED
T0101,context.btc_regime,regime_follow,spot,15m,LONG,top50,4,REGISTERED
T0102,context.btc_regime,regime_follow,spot,15m,LONG,top50,16,REGISTERED
T0103,context.btc_regime,regime_follow,spot,15m,LONG,top50,48,REGISTERED
T0104,context.btc_regime,regime_follow,spot,15m,LONG,top50,96,REGISTERED
T0105,trend.ema_20_50_spread,ema_10_30,spot,1h,LONG,top50,4,REGISTERED
T0106,trend.ema_20_50_spread,ema_10_30,spot,1h,LONG,top50,12,REGISTERED
T0107,trend.ema_20_50_spread,ema_10_30,spot,1h,LONG,top50,24,REGISTERED
T0108,trend.ema_20_50_spread,ema_20_50,spot,1h,LONG,top50,4,REGISTERED
T0109,trend.ema_20_50_spread,ema_20_50,spot,1h,LONG,top50,12,REGISTERED
T0110,trend.ema_20_50_spread,ema_20_50,spot,1h,LONG,top50,24,REGISTERED
T0111,trend.ema_20_50_spread,ema_50_200,spot,1h,LONG,top50,4,REGISTERED
T0112,trend.ema_20_50_spread,ema_50_200,spot,1h,LONG,top50,12,REGISTERED
T0113,trend.ema_20_50_spread,ema_50_200,spot,1h,LONG,top50,24,REGISTERED
T0114,trend.ema_50_200_regime,ema_10_30,spot,1h,LONG,top50,4,REGISTERED
T0115,trend.ema_50_200_regime,ema_10_30,spot,1h,LONG,top50,12,REGISTERED
T0116,trend.ema_50_200_regime,ema_10_30,spot,1h,LONG,top50,24,REGISTERED
T0117,trend.ema_50_200_regime,ema_20_50,spot,1h,LONG,top50,4,REGISTERED
T0118,trend.ema_50_200_regime,ema_20_50,spot,1h,LONG,top50,12,REGISTERED
T0119,trend.ema_50_200_regime,ema_20_50,spot,1h,LONG,top50,24,REGISTERED
T0120,trend.ema_50_200_regime,ema_50_200,spot,1h,LONG,top50,4,REGISTERED
T0121,trend.ema_50_200_regime,ema_50_200,spot,1h,LONG,top50,12,REGISTERED
T0122,trend.ema_50_200_regime,ema_50_200,spot,1h,LONG,top50,24,REGISTERED
T0123,trend.ema_slope,default,spot,1h,LONG,top50,4,REGISTERED
T0124,trend.ema_slope,default,spot,1h,LONG,top50,12,REGISTERED
T0125,trend.ema_slope,default,spot,1h,LONG,top50,24,REGISTERED
T0126,trend.adx_dmi,adx14_threshold20,spot,1h,LONG,top50,4,REGISTERED
T0127,trend.adx_dmi,adx14_threshold20,spot,1h,LONG,top50,12,REGISTERED
T0128,trend.adx_dmi,adx14_threshold20,spot,1h,LONG,top50,24,REGISTERED
T0129,trend.kaufman_er,er10_threshold0.3,spot,1h,LONG,top50,4,REGISTERED
T0130,trend.kaufman_er,er10_threshold0.3,spot,1h,LONG,top50,12,REGISTERED
T0131,trend.kaufman_er,er10_threshold0.3,spot,1h,LONG,top50,24,REGISTERED
T0132,trend.donchian,donchian_20,spot,1h,LONG,top50,4,REGISTERED
T0133,trend.donchian,donchian_20,spot,1h,LONG,top50,12,REGISTERED
T0134,trend.donchian,donchian_20,spot,1h,LONG,top50,24,REGISTERED
T0135,trend.donchian,donchian_48,spot,1h,LONG,top50,4,REGISTERED
T0136,trend.donchian,donchian_48,spot,1h,LONG,top50,12,REGISTERED
T0137,trend.donchian,donchian_48,spot,1h,LONG,top50,24,REGISTERED
T0138,trend.donchian,donchian_55,spot,1h,LONG,top50,4,REGISTERED
T0139,trend.donchian,donchian_55,spot,1h,LONG,top50,12,REGISTERED
T0140,trend.donchian,donchian_55,spot,1h,LONG,top50,24,REGISTERED
T0141,momentum.roc,roc_6,spot,1h,LONG,top50,4,REGISTERED
T0142,momentum.roc,roc_6,spot,1h,LONG,top50,12,REGISTERED
T0143,momentum.roc,roc_6,spot,1h,LONG,top50,24,REGISTERED
T0144,momentum.roc,roc_12,spot,1h,LONG,top50,4,REGISTERED
T0145,momentum.roc,roc_12,spot,1h,LONG,top50,12,REGISTERED
T0146,momentum.roc,roc_12,spot,1h,LONG,top50,24,REGISTERED
T0147,momentum.roc,roc_24,spot,1h,LONG,top50,4,REGISTERED
T0148,momentum.roc,roc_24,spot,1h,LONG,top50,12,REGISTERED
T0149,momentum.roc,roc_24,spot,1h,LONG,top50,24,REGISTERED
T0150,momentum.rsi,rsi_7_30_70,spot,1h,LONG,top50,4,REGISTERED
T0151,momentum.rsi,rsi_7_30_70,spot,1h,LONG,top50,12,REGISTERED
T0152,momentum.rsi,rsi_7_30_70,spot,1h,LONG,top50,24,REGISTERED
T0153,momentum.rsi,rsi_14_30_70,spot,1h,LONG,top50,4,REGISTERED
T0154,momentum.rsi,rsi_14_30_70,spot,1h,LONG,top50,12,REGISTERED
T0155,momentum.rsi,rsi_14_30_70,spot,1h,LONG,top50,24,REGISTERED
T0156,momentum.rsi,rsi_21_30_70,spot,1h,LONG,top50,4,REGISTERED
T0157,momentum.rsi,rsi_21_30_70,spot,1h,LONG,top50,12,REGISTERED
T0158,momentum.rsi,rsi_21_30_70,spot,1h,LONG,top50,24,REGISTERED
T0159,volatility.atr_natr,natr14_filter,spot,1h,LONG,top50,4,REGISTERED
T0160,volatility.atr_natr,natr14_filter,spot,1h,LONG,top50,12,REGISTERED
T0161,volatility.atr_natr,natr14_filter,spot,1h,LONG,top50,24,REGISTERED
T0162,volatility.bollinger_bandwidth,bb20_2s_filter,spot,1h,LONG,top50,4,REGISTERED
T0163,volatility.bollinger_bandwidth,bb20_2s_filter,spot,1h,LONG,top50,12,REGISTERED
T0164,volatility.bollinger_bandwidth,bb20_2s_filter,spot,1h,LONG,top50,24,REGISTERED
T0165,volatility.realized_percentile,rv20_p100_filter,spot,1h,LONG,top50,4,REGISTERED
T0166,volatility.realized_percentile,rv20_p100_filter,spot,1h,LONG,top50,12,REGISTERED
T0167,volatility.realized_percentile,rv20_p100_filter,spot,1h,LONG,top50,24,REGISTERED
T0168,volume.rvol,rvol20_filter,spot,1h,LONG,top50,4,REGISTERED
T0169,volume.rvol,rvol20_filter,spot,1h,LONG,top50,12,REGISTERED
T0170,volume.rvol,rvol20_filter,spot,1h,LONG,top50,24,REGISTERED
T0171,volume.vwap_deviation,vwap_dev20_reversal,spot,1h,LONG,top50,4,REGISTERED
T0172,volume.vwap_deviation,vwap_dev20_reversal,spot,1h,LONG,top50,12,REGISTERED
T0173,volume.vwap_deviation,vwap_dev20_reversal,spot,1h,LONG,top50,24,REGISTERED
T0174,orderflow.taker_ratio,ratio_sign,spot,1h,LONG,top50,4,REGISTERED
T0175,orderflow.taker_ratio,ratio_sign,spot,1h,LONG,top50,12,REGISTERED
T0176,orderflow.taker_ratio,ratio_sign,spot,1h,LONG,top50,24,REGISTERED
T0177,orderflow.cvd,cvd_slope6_sign,spot,1h,LONG,top50,4,REGISTERED
T0178,orderflow.cvd,cvd_slope6_sign,spot,1h,LONG,top50,12,REGISTERED
T0179,orderflow.cvd,cvd_slope6_sign,spot,1h,LONG,top50,24,REGISTERED
T0180,context.btc_regime,regime_follow,spot,1h,LONG,top50,4,REGISTERED
T0181,context.btc_regime,regime_follow,spot,1h,LONG,top50,12,REGISTERED
T0182,context.btc_regime,regime_follow,spot,1h,LONG,top50,24,REGISTERED
T0183,trend.ema_20_50_spread,ema_10_30,spot,4h,LONG,top50,3,REGISTERED
T0184,trend.ema_20_50_spread,ema_10_30,spot,4h,LONG,top50,6,REGISTERED
T0185,trend.ema_20_50_spread,ema_20_50,spot,4h,LONG,top50,3,REGISTERED
T0186,trend.ema_20_50_spread,ema_20_50,spot,4h,LONG,top50,6,REGISTERED
T0187,trend.ema_20_50_spread,ema_50_200,spot,4h,LONG,top50,3,REGISTERED
T0188,trend.ema_20_50_spread,ema_50_200,spot,4h,LONG,top50,6,REGISTERED
T0189,trend.ema_50_200_regime,ema_10_30,spot,4h,LONG,top50,3,REGISTERED
T0190,trend.ema_50_200_regime,ema_10_30,spot,4h,LONG,top50,6,REGISTERED
T0191,trend.ema_50_200_regime,ema_20_50,spot,4h,LONG,top50,3,REGISTERED
T0192,trend.ema_50_200_regime,ema_20_50,spot,4h,LONG,top50,6,REGISTERED
T0193,trend.ema_50_200_regime,ema_50_200,spot,4h,LONG,top50,3,REGISTERED
T0194,trend.ema_50_200_regime,ema_50_200,spot,4h,LONG,top50,6,REGISTERED
T0195,trend.ema_slope,default,spot,4h,LONG,top50,3,REGISTERED
T0196,trend.ema_slope,default,spot,4h,LONG,top50,6,REGISTERED
T0197,trend.adx_dmi,adx14_threshold20,spot,4h,LONG,top50,3,REGISTERED
T0198,trend.adx_dmi,adx14_threshold20,spot,4h,LONG,top50,6,REGISTERED
T0199,trend.kaufman_er,er10_threshold0.3,spot,4h,LONG,top50,3,REGISTERED
T0200,trend.kaufman_er,er10_threshold0.3,spot,4h,LONG,top50,6,REGISTERED
T0201,trend.donchian,donchian_20,spot,4h,LONG,top50,3,REGISTERED
T0202,trend.donchian,donchian_20,spot,4h,LONG,top50,6,REGISTERED
T0203,trend.donchian,donchian_48,spot,4h,LONG,top50,3,REGISTERED
T0204,trend.donchian,donchian_48,spot,4h,LONG,top50,6,REGISTERED
T0205,trend.donchian,donchian_55,spot,4h,LONG,top50,3,REGISTERED
T0206,trend.donchian,donchian_55,spot,4h,LONG,top50,6,REGISTERED
T0207,momentum.roc,roc_6,spot,4h,LONG,top50,3,REGISTERED
T0208,momentum.roc,roc_6,spot,4h,LONG,top50,6,REGISTERED
T0209,momentum.roc,roc_12,spot,4h,LONG,top50,3,REGISTERED
T0210,momentum.roc,roc_12,spot,4h,LONG,top50,6,REGISTERED
T0211,momentum.roc,roc_24,spot,4h,LONG,top50,3,REGISTERED
T0212,momentum.roc,roc_24,spot,4h,LONG,top50,6,REGISTERED
T0213,momentum.rsi,rsi_7_30_70,spot,4h,LONG,top50,3,REGISTERED
T0214,momentum.rsi,rsi_7_30_70,spot,4h,LONG,top50,6,REGISTERED
T0215,momentum.rsi,rsi_14_30_70,spot,4h,LONG,top50,3,REGISTERED
T0216,momentum.rsi,rsi_14_30_70,spot,4h,LONG,top50,6,REGISTERED
T0217,momentum.rsi,rsi_21_30_70,spot,4h,LONG,top50,3,REGISTERED
T0218,momentum.rsi,rsi_21_30_70,spot,4h,LONG,top50,6,REGISTERED
T0219,volatility.atr_natr,natr14_filter,spot,4h,LONG,top50,3,REGISTERED
T0220,volatility.atr_natr,natr14_filter,spot,4h,LONG,top50,6,REGISTERED
T0221,volatility.bollinger_bandwidth,bb20_2s_filter,spot,4h,LONG,top50,3,REGISTERED
T0222,volatility.bollinger_bandwidth,bb20_2s_filter,spot,4h,LONG,top50,6,REGISTERED
T0223,volatility.realized_percentile,rv20_p100_filter,spot,4h,LONG,top50,3,REGISTERED
T0224,volatility.realized_percentile,rv20_p100_filter,spot,4h,LONG,top50,6,REGISTERED
T0225,volume.rvol,rvol20_filter,spot,4h,LONG,top50,3,REGISTERED
T0226,volume.rvol,rvol20_filter,spot,4h,LONG,top50,6,REGISTERED
T0227,volume.vwap_deviation,vwap_dev20_reversal,spot,4h,LONG,top50,3,REGISTERED
T0228,volume.vwap_deviation,vwap_dev20_reversal,spot,4h,LONG,top50,6,REGISTERED
T0229,orderflow.taker_ratio,ratio_sign,spot,4h,LONG,top50,3,REGISTERED
T0230,orderflow.taker_ratio,ratio_sign,spot,4h,LONG,top50,6,REGISTERED
T0231,orderflow.cvd,cvd_slope6_sign,spot,4h,LONG,top50,3,REGISTERED
T0232,orderflow.cvd,cvd_slope6_sign,spot,4h,LONG,top50,6,REGISTERED
T0233,context.btc_regime,regime_follow,spot,4h,LONG,top50,3,REGISTERED
T0234,context.btc_regime,regime_follow,spot,4h,LONG,top50,6,REGISTERED
T0235,trend.ema_20_50_spread,ema_10_30,um,15m,LONG,top50,4,REGISTERED
T0236,trend.ema_20_50_spread,ema_10_30,um,15m,LONG,top50,16,REGISTERED
T0237,trend.ema_20_50_spread,ema_10_30,um,15m,LONG,top50,48,REGISTERED
T0238,trend.ema_20_50_spread,ema_10_30,um,15m,LONG,top50,96,REGISTERED
T0239,trend.ema_20_50_spread,ema_20_50,um,15m,LONG,top50,4,REGISTERED
T0240,trend.ema_20_50_spread,ema_20_50,um,15m,LONG,top50,16,REGISTERED
T0241,trend.ema_20_50_spread,ema_20_50,um,15m,LONG,top50,48,REGISTERED
T0242,trend.ema_20_50_spread,ema_20_50,um,15m,LONG,top50,96,REGISTERED
T0243,trend.ema_20_50_spread,ema_50_200,um,15m,LONG,top50,4,REGISTERED
T0244,trend.ema_20_50_spread,ema_50_200,um,15m,LONG,top50,16,REGISTERED
T0245,trend.ema_20_50_spread,ema_50_200,um,15m,LONG,top50,48,REGISTERED
T0246,trend.ema_20_50_spread,ema_50_200,um,15m,LONG,top50,96,REGISTERED
T0247,trend.ema_50_200_regime,ema_10_30,um,15m,LONG,top50,4,REGISTERED
T0248,trend.ema_50_200_regime,ema_10_30,um,15m,LONG,top50,16,REGISTERED
T0249,trend.ema_50_200_regime,ema_10_30,um,15m,LONG,top50,48,REGISTERED
T0250,trend.ema_50_200_regime,ema_10_30,um,15m,LONG,top50,96,REGISTERED
T0251,trend.ema_50_200_regime,ema_20_50,um,15m,LONG,top50,4,REGISTERED
T0252,trend.ema_50_200_regime,ema_20_50,um,15m,LONG,top50,16,REGISTERED
T0253,trend.ema_50_200_regime,ema_20_50,um,15m,LONG,top50,48,REGISTERED
T0254,trend.ema_50_200_regime,ema_20_50,um,15m,LONG,top50,96,REGISTERED
T0255,trend.ema_50_200_regime,ema_50_200,um,15m,LONG,top50,4,REGISTERED
T0256,trend.ema_50_200_regime,ema_50_200,um,15m,LONG,top50,16,REGISTERED
T0257,trend.ema_50_200_regime,ema_50_200,um,15m,LONG,top50,48,REGISTERED
T0258,trend.ema_50_200_regime,ema_50_200,um,15m,LONG,top50,96,REGISTERED
T0259,trend.ema_slope,default,um,15m,LONG,top50,4,REGISTERED
T0260,trend.ema_slope,default,um,15m,LONG,top50,16,REGISTERED
T0261,trend.ema_slope,default,um,15m,LONG,top50,48,REGISTERED
T0262,trend.ema_slope,default,um,15m,LONG,top50,96,REGISTERED
T0263,trend.adx_dmi,adx14_threshold20,um,15m,LONG,top50,4,REGISTERED
T0264,trend.adx_dmi,adx14_threshold20,um,15m,LONG,top50,16,REGISTERED
T0265,trend.adx_dmi,adx14_threshold20,um,15m,LONG,top50,48,REGISTERED
T0266,trend.adx_dmi,adx14_threshold20,um,15m,LONG,top50,96,REGISTERED
T0267,trend.kaufman_er,er10_threshold0.3,um,15m,LONG,top50,4,REGISTERED
T0268,trend.kaufman_er,er10_threshold0.3,um,15m,LONG,top50,16,REGISTERED
T0269,trend.kaufman_er,er10_threshold0.3,um,15m,LONG,top50,48,REGISTERED
T0270,trend.kaufman_er,er10_threshold0.3,um,15m,LONG,top50,96,REGISTERED
T0271,trend.donchian,donchian_20,um,15m,LONG,top50,4,REGISTERED
T0272,trend.donchian,donchian_20,um,15m,LONG,top50,16,REGISTERED
T0273,trend.donchian,donchian_20,um,15m,LONG,top50,48,REGISTERED
T0274,trend.donchian,donchian_20,um,15m,LONG,top50,96,REGISTERED
T0275,trend.donchian,donchian_48,um,15m,LONG,top50,4,REGISTERED
T0276,trend.donchian,donchian_48,um,15m,LONG,top50,16,REGISTERED
T0277,trend.donchian,donchian_48,um,15m,LONG,top50,48,REGISTERED
T0278,trend.donchian,donchian_48,um,15m,LONG,top50,96,REGISTERED
T0279,trend.donchian,donchian_55,um,15m,LONG,top50,4,REGISTERED
T0280,trend.donchian,donchian_55,um,15m,LONG,top50,16,REGISTERED
T0281,trend.donchian,donchian_55,um,15m,LONG,top50,48,REGISTERED
T0282,trend.donchian,donchian_55,um,15m,LONG,top50,96,REGISTERED
T0283,momentum.roc,roc_6,um,15m,LONG,top50,4,REGISTERED
T0284,momentum.roc,roc_6,um,15m,LONG,top50,16,REGISTERED
T0285,momentum.roc,roc_6,um,15m,LONG,top50,48,REGISTERED
T0286,momentum.roc,roc_6,um,15m,LONG,top50,96,REGISTERED
T0287,momentum.roc,roc_12,um,15m,LONG,top50,4,REGISTERED
T0288,momentum.roc,roc_12,um,15m,LONG,top50,16,REGISTERED
T0289,momentum.roc,roc_12,um,15m,LONG,top50,48,REGISTERED
T0290,momentum.roc,roc_12,um,15m,LONG,top50,96,REGISTERED
T0291,momentum.roc,roc_24,um,15m,LONG,top50,4,REGISTERED
T0292,momentum.roc,roc_24,um,15m,LONG,top50,16,REGISTERED
T0293,momentum.roc,roc_24,um,15m,LONG,top50,48,REGISTERED
T0294,momentum.roc,roc_24,um,15m,LONG,top50,96,REGISTERED
T0295,momentum.rsi,rsi_7_30_70,um,15m,LONG,top50,4,REGISTERED
T0296,momentum.rsi,rsi_7_30_70,um,15m,LONG,top50,16,REGISTERED
T0297,momentum.rsi,rsi_7_30_70,um,15m,LONG,top50,48,REGISTERED
T0298,momentum.rsi,rsi_7_30_70,um,15m,LONG,top50,96,REGISTERED
T0299,momentum.rsi,rsi_14_30_70,um,15m,LONG,top50,4,REGISTERED
T0300,momentum.rsi,rsi_14_30_70,um,15m,LONG,top50,16,REGISTERED
T0301,momentum.rsi,rsi_14_30_70,um,15m,LONG,top50,48,REGISTERED
T0302,momentum.rsi,rsi_14_30_70,um,15m,LONG,top50,96,REGISTERED
T0303,momentum.rsi,rsi_21_30_70,um,15m,LONG,top50,4,REGISTERED
T0304,momentum.rsi,rsi_21_30_70,um,15m,LONG,top50,16,REGISTERED
T0305,momentum.rsi,rsi_21_30_70,um,15m,LONG,top50,48,REGISTERED
T0306,momentum.rsi,rsi_21_30_70,um,15m,LONG,top50,96,REGISTERED
T0307,volatility.atr_natr,natr14_filter,um,15m,LONG,top50,4,REGISTERED
T0308,volatility.atr_natr,natr14_filter,um,15m,LONG,top50,16,REGISTERED
T0309,volatility.atr_natr,natr14_filter,um,15m,LONG,top50,48,REGISTERED
T0310,volatility.atr_natr,natr14_filter,um,15m,LONG,top50,96,REGISTERED
T0311,volatility.bollinger_bandwidth,bb20_2s_filter,um,15m,LONG,top50,4,REGISTERED
T0312,volatility.bollinger_bandwidth,bb20_2s_filter,um,15m,LONG,top50,16,REGISTERED
T0313,volatility.bollinger_bandwidth,bb20_2s_filter,um,15m,LONG,top50,48,REGISTERED
T0314,volatility.bollinger_bandwidth,bb20_2s_filter,um,15m,LONG,top50,96,REGISTERED
T0315,volatility.realized_percentile,rv20_p100_filter,um,15m,LONG,top50,4,REGISTERED
T0316,volatility.realized_percentile,rv20_p100_filter,um,15m,LONG,top50,16,REGISTERED
T0317,volatility.realized_percentile,rv20_p100_filter,um,15m,LONG,top50,48,REGISTERED
T0318,volatility.realized_percentile,rv20_p100_filter,um,15m,LONG,top50,96,REGISTERED
T0319,volume.rvol,rvol20_filter,um,15m,LONG,top50,4,REGISTERED
T0320,volume.rvol,rvol20_filter,um,15m,LONG,top50,16,REGISTERED
T0321,volume.rvol,rvol20_filter,um,15m,LONG,top50,48,REGISTERED
T0322,volume.rvol,rvol20_filter,um,15m,LONG,top50,96,REGISTERED
T0323,volume.vwap_deviation,vwap_dev20_reversal,um,15m,LONG,top50,4,REGISTERED
T0324,volume.vwap_deviation,vwap_dev20_reversal,um,15m,LONG,top50,16,REGISTERED
T0325,volume.vwap_deviation,vwap_dev20_reversal,um,15m,LONG,top50,48,REGISTERED
T0326,volume.vwap_deviation,vwap_dev20_reversal,um,15m,LONG,top50,96,REGISTERED
T0327,orderflow.taker_ratio,ratio_sign,um,15m,LONG,top50,4,REGISTERED
T0328,orderflow.taker_ratio,ratio_sign,um,15m,LONG,top50,16,REGISTERED
T0329,orderflow.taker_ratio,ratio_sign,um,15m,LONG,top50,48,REGISTERED
T0330,orderflow.taker_ratio,ratio_sign,um,15m,LONG,top50,96,REGISTERED
T0331,orderflow.cvd,cvd_slope6_sign,um,15m,LONG,top50,4,REGISTERED
T0332,orderflow.cvd,cvd_slope6_sign,um,15m,LONG,top50,16,REGISTERED
T0333,orderflow.cvd,cvd_slope6_sign,um,15m,LONG,top50,48,REGISTERED
T0334,orderflow.cvd,cvd_slope6_sign,um,15m,LONG,top50,96,REGISTERED
T0335,context.btc_regime,regime_follow,um,15m,LONG,top50,4,REGISTERED
T0336,context.btc_regime,regime_follow,um,15m,LONG,top50,16,REGISTERED
T0337,context.btc_regime,regime_follow,um,15m,LONG,top50,48,REGISTERED
T0338,context.btc_regime,regime_follow,um,15m,LONG,top50,96,REGISTERED
T0339,context.market_breadth,breadth_0.4_0.6,um,15m,LONG,top50,4,REGISTERED
T0340,context.market_breadth,breadth_0.4_0.6,um,15m,LONG,top50,16,REGISTERED
T0341,context.market_breadth,breadth_0.4_0.6,um,15m,LONG,top50,48,REGISTERED
T0342,context.market_breadth,breadth_0.4_0.6,um,15m,LONG,top50,96,REGISTERED
T0343,derivatives.funding,funding_sign,um,15m,LONG,top50,4,REGISTERED
T0344,derivatives.funding,funding_sign,um,15m,LONG,top50,16,REGISTERED
T0345,derivatives.funding,funding_sign,um,15m,LONG,top50,48,REGISTERED
T0346,derivatives.funding,funding_sign,um,15m,LONG,top50,96,REGISTERED
T0347,derivatives.funding_zscore,z90_extreme,um,15m,LONG,top50,4,REGISTERED
T0348,derivatives.funding_zscore,z90_extreme,um,15m,LONG,top50,16,REGISTERED
T0349,derivatives.funding_zscore,z90_extreme,um,15m,LONG,top50,48,REGISTERED
T0350,derivatives.funding_zscore,z90_extreme,um,15m,LONG,top50,96,REGISTERED
T0351,trend.ema_20_50_spread,ema_10_30,um,1h,LONG,top50,4,REGISTERED
T0352,trend.ema_20_50_spread,ema_10_30,um,1h,LONG,top50,12,REGISTERED
T0353,trend.ema_20_50_spread,ema_10_30,um,1h,LONG,top50,24,REGISTERED
T0354,trend.ema_20_50_spread,ema_20_50,um,1h,LONG,top50,4,REGISTERED
T0355,trend.ema_20_50_spread,ema_20_50,um,1h,LONG,top50,12,REGISTERED
T0356,trend.ema_20_50_spread,ema_20_50,um,1h,LONG,top50,24,REGISTERED
T0357,trend.ema_20_50_spread,ema_50_200,um,1h,LONG,top50,4,REGISTERED
T0358,trend.ema_20_50_spread,ema_50_200,um,1h,LONG,top50,12,REGISTERED
T0359,trend.ema_20_50_spread,ema_50_200,um,1h,LONG,top50,24,REGISTERED
T0360,trend.ema_50_200_regime,ema_10_30,um,1h,LONG,top50,4,REGISTERED
T0361,trend.ema_50_200_regime,ema_10_30,um,1h,LONG,top50,12,REGISTERED
T0362,trend.ema_50_200_regime,ema_10_30,um,1h,LONG,top50,24,REGISTERED
T0363,trend.ema_50_200_regime,ema_20_50,um,1h,LONG,top50,4,REGISTERED
T0364,trend.ema_50_200_regime,ema_20_50,um,1h,LONG,top50,12,REGISTERED
T0365,trend.ema_50_200_regime,ema_20_50,um,1h,LONG,top50,24,REGISTERED
T0366,trend.ema_50_200_regime,ema_50_200,um,1h,LONG,top50,4,REGISTERED
T0367,trend.ema_50_200_regime,ema_50_200,um,1h,LONG,top50,12,REGISTERED
T0368,trend.ema_50_200_regime,ema_50_200,um,1h,LONG,top50,24,REGISTERED
T0369,trend.ema_slope,default,um,1h,LONG,top50,4,REGISTERED
T0370,trend.ema_slope,default,um,1h,LONG,top50,12,REGISTERED
T0371,trend.ema_slope,default,um,1h,LONG,top50,24,REGISTERED
T0372,trend.adx_dmi,adx14_threshold20,um,1h,LONG,top50,4,REGISTERED
T0373,trend.adx_dmi,adx14_threshold20,um,1h,LONG,top50,12,REGISTERED
T0374,trend.adx_dmi,adx14_threshold20,um,1h,LONG,top50,24,REGISTERED
T0375,trend.kaufman_er,er10_threshold0.3,um,1h,LONG,top50,4,REGISTERED
T0376,trend.kaufman_er,er10_threshold0.3,um,1h,LONG,top50,12,REGISTERED
T0377,trend.kaufman_er,er10_threshold0.3,um,1h,LONG,top50,24,REGISTERED
T0378,trend.donchian,donchian_20,um,1h,LONG,top50,4,REGISTERED
T0379,trend.donchian,donchian_20,um,1h,LONG,top50,12,REGISTERED
T0380,trend.donchian,donchian_20,um,1h,LONG,top50,24,REGISTERED
T0381,trend.donchian,donchian_48,um,1h,LONG,top50,4,REGISTERED
T0382,trend.donchian,donchian_48,um,1h,LONG,top50,12,REGISTERED
T0383,trend.donchian,donchian_48,um,1h,LONG,top50,24,REGISTERED
T0384,trend.donchian,donchian_55,um,1h,LONG,top50,4,REGISTERED
T0385,trend.donchian,donchian_55,um,1h,LONG,top50,12,REGISTERED
T0386,trend.donchian,donchian_55,um,1h,LONG,top50,24,REGISTERED
T0387,momentum.roc,roc_6,um,1h,LONG,top50,4,REGISTERED
T0388,momentum.roc,roc_6,um,1h,LONG,top50,12,REGISTERED
T0389,momentum.roc,roc_6,um,1h,LONG,top50,24,REGISTERED
T0390,momentum.roc,roc_12,um,1h,LONG,top50,4,REGISTERED
T0391,momentum.roc,roc_12,um,1h,LONG,top50,12,REGISTERED
T0392,momentum.roc,roc_12,um,1h,LONG,top50,24,REGISTERED
T0393,momentum.roc,roc_24,um,1h,LONG,top50,4,REGISTERED
T0394,momentum.roc,roc_24,um,1h,LONG,top50,12,REGISTERED
T0395,momentum.roc,roc_24,um,1h,LONG,top50,24,REGISTERED
T0396,momentum.rsi,rsi_7_30_70,um,1h,LONG,top50,4,REGISTERED
T0397,momentum.rsi,rsi_7_30_70,um,1h,LONG,top50,12,REGISTERED
T0398,momentum.rsi,rsi_7_30_70,um,1h,LONG,top50,24,REGISTERED
T0399,momentum.rsi,rsi_14_30_70,um,1h,LONG,top50,4,REGISTERED
T0400,momentum.rsi,rsi_14_30_70,um,1h,LONG,top50,12,REGISTERED
T0401,momentum.rsi,rsi_14_30_70,um,1h,LONG,top50,24,REGISTERED
T0402,momentum.rsi,rsi_21_30_70,um,1h,LONG,top50,4,REGISTERED
T0403,momentum.rsi,rsi_21_30_70,um,1h,LONG,top50,12,REGISTERED
T0404,momentum.rsi,rsi_21_30_70,um,1h,LONG,top50,24,REGISTERED
T0405,volatility.atr_natr,natr14_filter,um,1h,LONG,top50,4,REGISTERED
T0406,volatility.atr_natr,natr14_filter,um,1h,LONG,top50,12,REGISTERED
T0407,volatility.atr_natr,natr14_filter,um,1h,LONG,top50,24,REGISTERED
T0408,volatility.bollinger_bandwidth,bb20_2s_filter,um,1h,LONG,top50,4,REGISTERED
T0409,volatility.bollinger_bandwidth,bb20_2s_filter,um,1h,LONG,top50,12,REGISTERED
T0410,volatility.bollinger_bandwidth,bb20_2s_filter,um,1h,LONG,top50,24,REGISTERED
T0411,volatility.realized_percentile,rv20_p100_filter,um,1h,LONG,top50,4,REGISTERED
T0412,volatility.realized_percentile,rv20_p100_filter,um,1h,LONG,top50,12,REGISTERED
T0413,volatility.realized_percentile,rv20_p100_filter,um,1h,LONG,top50,24,REGISTERED
T0414,volume.rvol,rvol20_filter,um,1h,LONG,top50,4,REGISTERED
T0415,volume.rvol,rvol20_filter,um,1h,LONG,top50,12,REGISTERED
T0416,volume.rvol,rvol20_filter,um,1h,LONG,top50,24,REGISTERED
T0417,volume.vwap_deviation,vwap_dev20_reversal,um,1h,LONG,top50,4,REGISTERED
T0418,volume.vwap_deviation,vwap_dev20_reversal,um,1h,LONG,top50,12,REGISTERED
T0419,volume.vwap_deviation,vwap_dev20_reversal,um,1h,LONG,top50,24,REGISTERED
T0420,orderflow.taker_ratio,ratio_sign,um,1h,LONG,top50,4,REGISTERED
T0421,orderflow.taker_ratio,ratio_sign,um,1h,LONG,top50,12,REGISTERED
T0422,orderflow.taker_ratio,ratio_sign,um,1h,LONG,top50,24,REGISTERED
T0423,orderflow.cvd,cvd_slope6_sign,um,1h,LONG,top50,4,REGISTERED
T0424,orderflow.cvd,cvd_slope6_sign,um,1h,LONG,top50,12,REGISTERED
T0425,orderflow.cvd,cvd_slope6_sign,um,1h,LONG,top50,24,REGISTERED
T0426,context.btc_regime,regime_follow,um,1h,LONG,top50,4,REGISTERED
T0427,context.btc_regime,regime_follow,um,1h,LONG,top50,12,REGISTERED
T0428,context.btc_regime,regime_follow,um,1h,LONG,top50,24,REGISTERED
T0429,derivatives.funding,funding_sign,um,1h,LONG,top50,4,REGISTERED
T0430,derivatives.funding,funding_sign,um,1h,LONG,top50,12,REGISTERED
T0431,derivatives.funding,funding_sign,um,1h,LONG,top50,24,REGISTERED
T0432,derivatives.funding_zscore,z90_extreme,um,1h,LONG,top50,4,REGISTERED
T0433,derivatives.funding_zscore,z90_extreme,um,1h,LONG,top50,12,REGISTERED
T0434,derivatives.funding_zscore,z90_extreme,um,1h,LONG,top50,24,REGISTERED
T0435,trend.ema_20_50_spread,ema_10_30,um,4h,LONG,top50,3,REGISTERED
T0436,trend.ema_20_50_spread,ema_10_30,um,4h,LONG,top50,6,REGISTERED
T0437,trend.ema_20_50_spread,ema_20_50,um,4h,LONG,top50,3,REGISTERED
T0438,trend.ema_20_50_spread,ema_20_50,um,4h,LONG,top50,6,REGISTERED
T0439,trend.ema_20_50_spread,ema_50_200,um,4h,LONG,top50,3,REGISTERED
T0440,trend.ema_20_50_spread,ema_50_200,um,4h,LONG,top50,6,REGISTERED
T0441,trend.ema_50_200_regime,ema_10_30,um,4h,LONG,top50,3,REGISTERED
T0442,trend.ema_50_200_regime,ema_10_30,um,4h,LONG,top50,6,REGISTERED
T0443,trend.ema_50_200_regime,ema_20_50,um,4h,LONG,top50,3,REGISTERED
T0444,trend.ema_50_200_regime,ema_20_50,um,4h,LONG,top50,6,REGISTERED
T0445,trend.ema_50_200_regime,ema_50_200,um,4h,LONG,top50,3,REGISTERED
T0446,trend.ema_50_200_regime,ema_50_200,um,4h,LONG,top50,6,REGISTERED
T0447,trend.ema_slope,default,um,4h,LONG,top50,3,REGISTERED
T0448,trend.ema_slope,default,um,4h,LONG,top50,6,REGISTERED
T0449,trend.adx_dmi,adx14_threshold20,um,4h,LONG,top50,3,REGISTERED
T0450,trend.adx_dmi,adx14_threshold20,um,4h,LONG,top50,6,REGISTERED
T0451,trend.kaufman_er,er10_threshold0.3,um,4h,LONG,top50,3,REGISTERED
T0452,trend.kaufman_er,er10_threshold0.3,um,4h,LONG,top50,6,REGISTERED
T0453,trend.donchian,donchian_20,um,4h,LONG,top50,3,REGISTERED
T0454,trend.donchian,donchian_20,um,4h,LONG,top50,6,REGISTERED
T0455,trend.donchian,donchian_48,um,4h,LONG,top50,3,REGISTERED
T0456,trend.donchian,donchian_48,um,4h,LONG,top50,6,REGISTERED
T0457,trend.donchian,donchian_55,um,4h,LONG,top50,3,REGISTERED
T0458,trend.donchian,donchian_55,um,4h,LONG,top50,6,REGISTERED
T0459,momentum.roc,roc_6,um,4h,LONG,top50,3,REGISTERED
T0460,momentum.roc,roc_6,um,4h,LONG,top50,6,REGISTERED
T0461,momentum.roc,roc_12,um,4h,LONG,top50,3,REGISTERED
T0462,momentum.roc,roc_12,um,4h,LONG,top50,6,REGISTERED
T0463,momentum.roc,roc_24,um,4h,LONG,top50,3,REGISTERED
T0464,momentum.roc,roc_24,um,4h,LONG,top50,6,REGISTERED
T0465,momentum.rsi,rsi_7_30_70,um,4h,LONG,top50,3,REGISTERED
T0466,momentum.rsi,rsi_7_30_70,um,4h,LONG,top50,6,REGISTERED
T0467,momentum.rsi,rsi_14_30_70,um,4h,LONG,top50,3,REGISTERED
T0468,momentum.rsi,rsi_14_30_70,um,4h,LONG,top50,6,REGISTERED
T0469,momentum.rsi,rsi_21_30_70,um,4h,LONG,top50,3,REGISTERED
T0470,momentum.rsi,rsi_21_30_70,um,4h,LONG,top50,6,REGISTERED
T0471,volatility.atr_natr,natr14_filter,um,4h,LONG,top50,3,REGISTERED
T0472,volatility.atr_natr,natr14_filter,um,4h,LONG,top50,6,REGISTERED
T0473,volatility.bollinger_bandwidth,bb20_2s_filter,um,4h,LONG,top50,3,REGISTERED
T0474,volatility.bollinger_bandwidth,bb20_2s_filter,um,4h,LONG,top50,6,REGISTERED
T0475,volatility.realized_percentile,rv20_p100_filter,um,4h,LONG,top50,3,REGISTERED
T0476,volatility.realized_percentile,rv20_p100_filter,um,4h,LONG,top50,6,REGISTERED
T0477,volume.rvol,rvol20_filter,um,4h,LONG,top50,3,REGISTERED
T0478,volume.rvol,rvol20_filter,um,4h,LONG,top50,6,REGISTERED
T0479,volume.vwap_deviation,vwap_dev20_reversal,um,4h,LONG,top50,3,REGISTERED
T0480,volume.vwap_deviation,vwap_dev20_reversal,um,4h,LONG,top50,6,REGISTERED
T0481,orderflow.taker_ratio,ratio_sign,um,4h,LONG,top50,3,REGISTERED
T0482,orderflow.taker_ratio,ratio_sign,um,4h,LONG,top50,6,REGISTERED
T0483,orderflow.cvd,cvd_slope6_sign,um,4h,LONG,top50,3,REGISTERED
T0484,orderflow.cvd,cvd_slope6_sign,um,4h,LONG,top50,6,REGISTERED
T0485,context.btc_regime,regime_follow,um,4h,LONG,top50,3,REGISTERED
T0486,context.btc_regime,regime_follow,um,4h,LONG,top50,6,REGISTERED
T0487,context.market_breadth,breadth_0.4_0.6,um,4h,LONG,top50,3,REGISTERED
T0488,context.market_breadth,breadth_0.4_0.6,um,4h,LONG,top50,6,REGISTERED
T0489,derivatives.funding,funding_sign,um,4h,LONG,top50,3,REGISTERED
T0490,derivatives.funding,funding_sign,um,4h,LONG,top50,6,REGISTERED
T0491,derivatives.funding_zscore,z90_extreme,um,4h,LONG,top50,3,REGISTERED
T0492,derivatives.funding_zscore,z90_extreme,um,4h,LONG,top50,6,REGISTERED
T0493,trend.ema_20_50_spread,ema_10_30,um,15m,SHORT,top50,4,REGISTERED
T0494,trend.ema_20_50_spread,ema_10_30,um,15m,SHORT,top50,16,REGISTERED
T0495,trend.ema_20_50_spread,ema_10_30,um,15m,SHORT,top50,48,REGISTERED
T0496,trend.ema_20_50_spread,ema_10_30,um,15m,SHORT,top50,96,REGISTERED
T0497,trend.ema_20_50_spread,ema_20_50,um,15m,SHORT,top50,4,REGISTERED
T0498,trend.ema_20_50_spread,ema_20_50,um,15m,SHORT,top50,16,REGISTERED
T0499,trend.ema_20_50_spread,ema_20_50,um,15m,SHORT,top50,48,REGISTERED
T0500,trend.ema_20_50_spread,ema_20_50,um,15m,SHORT,top50,96,REGISTERED
T0501,trend.ema_20_50_spread,ema_50_200,um,15m,SHORT,top50,4,REGISTERED
T0502,trend.ema_20_50_spread,ema_50_200,um,15m,SHORT,top50,16,REGISTERED
T0503,trend.ema_20_50_spread,ema_50_200,um,15m,SHORT,top50,48,REGISTERED
T0504,trend.ema_20_50_spread,ema_50_200,um,15m,SHORT,top50,96,REGISTERED
T0505,trend.ema_50_200_regime,ema_10_30,um,15m,SHORT,top50,4,REGISTERED
T0506,trend.ema_50_200_regime,ema_10_30,um,15m,SHORT,top50,16,REGISTERED
T0507,trend.ema_50_200_regime,ema_10_30,um,15m,SHORT,top50,48,REGISTERED
T0508,trend.ema_50_200_regime,ema_10_30,um,15m,SHORT,top50,96,REGISTERED
T0509,trend.ema_50_200_regime,ema_20_50,um,15m,SHORT,top50,4,REGISTERED
T0510,trend.ema_50_200_regime,ema_20_50,um,15m,SHORT,top50,16,REGISTERED
T0511,trend.ema_50_200_regime,ema_20_50,um,15m,SHORT,top50,48,REGISTERED
T0512,trend.ema_50_200_regime,ema_20_50,um,15m,SHORT,top50,96,REGISTERED
T0513,trend.ema_50_200_regime,ema_50_200,um,15m,SHORT,top50,4,REGISTERED
T0514,trend.ema_50_200_regime,ema_50_200,um,15m,SHORT,top50,16,REGISTERED
T0515,trend.ema_50_200_regime,ema_50_200,um,15m,SHORT,top50,48,REGISTERED
T0516,trend.ema_50_200_regime,ema_50_200,um,15m,SHORT,top50,96,REGISTERED
T0517,trend.ema_slope,default,um,15m,SHORT,top50,4,REGISTERED
T0518,trend.ema_slope,default,um,15m,SHORT,top50,16,REGISTERED
T0519,trend.ema_slope,default,um,15m,SHORT,top50,48,REGISTERED
T0520,trend.ema_slope,default,um,15m,SHORT,top50,96,REGISTERED
T0521,trend.adx_dmi,adx14_threshold20,um,15m,SHORT,top50,4,REGISTERED
T0522,trend.adx_dmi,adx14_threshold20,um,15m,SHORT,top50,16,REGISTERED
T0523,trend.adx_dmi,adx14_threshold20,um,15m,SHORT,top50,48,REGISTERED
T0524,trend.adx_dmi,adx14_threshold20,um,15m,SHORT,top50,96,REGISTERED
T0525,trend.kaufman_er,er10_threshold0.3,um,15m,SHORT,top50,4,REGISTERED
T0526,trend.kaufman_er,er10_threshold0.3,um,15m,SHORT,top50,16,REGISTERED
T0527,trend.kaufman_er,er10_threshold0.3,um,15m,SHORT,top50,48,REGISTERED
T0528,trend.kaufman_er,er10_threshold0.3,um,15m,SHORT,top50,96,REGISTERED
T0529,trend.donchian,donchian_20,um,15m,SHORT,top50,4,REGISTERED
T0530,trend.donchian,donchian_20,um,15m,SHORT,top50,16,REGISTERED
T0531,trend.donchian,donchian_20,um,15m,SHORT,top50,48,REGISTERED
T0532,trend.donchian,donchian_20,um,15m,SHORT,top50,96,REGISTERED
T0533,trend.donchian,donchian_48,um,15m,SHORT,top50,4,REGISTERED
T0534,trend.donchian,donchian_48,um,15m,SHORT,top50,16,REGISTERED
T0535,trend.donchian,donchian_48,um,15m,SHORT,top50,48,REGISTERED
T0536,trend.donchian,donchian_48,um,15m,SHORT,top50,96,REGISTERED
T0537,trend.donchian,donchian_55,um,15m,SHORT,top50,4,REGISTERED
T0538,trend.donchian,donchian_55,um,15m,SHORT,top50,16,REGISTERED
T0539,trend.donchian,donchian_55,um,15m,SHORT,top50,48,REGISTERED
T0540,trend.donchian,donchian_55,um,15m,SHORT,top50,96,REGISTERED
T0541,momentum.roc,roc_6,um,15m,SHORT,top50,4,REGISTERED
T0542,momentum.roc,roc_6,um,15m,SHORT,top50,16,REGISTERED
T0543,momentum.roc,roc_6,um,15m,SHORT,top50,48,REGISTERED
T0544,momentum.roc,roc_6,um,15m,SHORT,top50,96,REGISTERED
T0545,momentum.roc,roc_12,um,15m,SHORT,top50,4,REGISTERED
T0546,momentum.roc,roc_12,um,15m,SHORT,top50,16,REGISTERED
T0547,momentum.roc,roc_12,um,15m,SHORT,top50,48,REGISTERED
T0548,momentum.roc,roc_12,um,15m,SHORT,top50,96,REGISTERED
T0549,momentum.roc,roc_24,um,15m,SHORT,top50,4,REGISTERED
T0550,momentum.roc,roc_24,um,15m,SHORT,top50,16,REGISTERED
T0551,momentum.roc,roc_24,um,15m,SHORT,top50,48,REGISTERED
T0552,momentum.roc,roc_24,um,15m,SHORT,top50,96,REGISTERED
T0553,momentum.rsi,rsi_7_30_70,um,15m,SHORT,top50,4,REGISTERED
T0554,momentum.rsi,rsi_7_30_70,um,15m,SHORT,top50,16,REGISTERED
T0555,momentum.rsi,rsi_7_30_70,um,15m,SHORT,top50,48,REGISTERED
T0556,momentum.rsi,rsi_7_30_70,um,15m,SHORT,top50,96,REGISTERED
T0557,momentum.rsi,rsi_14_30_70,um,15m,SHORT,top50,4,REGISTERED
T0558,momentum.rsi,rsi_14_30_70,um,15m,SHORT,top50,16,REGISTERED
T0559,momentum.rsi,rsi_14_30_70,um,15m,SHORT,top50,48,REGISTERED
T0560,momentum.rsi,rsi_14_30_70,um,15m,SHORT,top50,96,REGISTERED
T0561,momentum.rsi,rsi_21_30_70,um,15m,SHORT,top50,4,REGISTERED
T0562,momentum.rsi,rsi_21_30_70,um,15m,SHORT,top50,16,REGISTERED
T0563,momentum.rsi,rsi_21_30_70,um,15m,SHORT,top50,48,REGISTERED
T0564,momentum.rsi,rsi_21_30_70,um,15m,SHORT,top50,96,REGISTERED
T0565,volatility.atr_natr,natr14_filter,um,15m,SHORT,top50,4,REGISTERED
T0566,volatility.atr_natr,natr14_filter,um,15m,SHORT,top50,16,REGISTERED
T0567,volatility.atr_natr,natr14_filter,um,15m,SHORT,top50,48,REGISTERED
T0568,volatility.atr_natr,natr14_filter,um,15m,SHORT,top50,96,REGISTERED
T0569,volatility.bollinger_bandwidth,bb20_2s_filter,um,15m,SHORT,top50,4,REGISTERED
T0570,volatility.bollinger_bandwidth,bb20_2s_filter,um,15m,SHORT,top50,16,REGISTERED
T0571,volatility.bollinger_bandwidth,bb20_2s_filter,um,15m,SHORT,top50,48,REGISTERED
T0572,volatility.bollinger_bandwidth,bb20_2s_filter,um,15m,SHORT,top50,96,REGISTERED
T0573,volatility.realized_percentile,rv20_p100_filter,um,15m,SHORT,top50,4,REGISTERED
T0574,volatility.realized_percentile,rv20_p100_filter,um,15m,SHORT,top50,16,REGISTERED
T0575,volatility.realized_percentile,rv20_p100_filter,um,15m,SHORT,top50,48,REGISTERED
T0576,volatility.realized_percentile,rv20_p100_filter,um,15m,SHORT,top50,96,REGISTERED
T0577,volume.rvol,rvol20_filter,um,15m,SHORT,top50,4,REGISTERED
T0578,volume.rvol,rvol20_filter,um,15m,SHORT,top50,16,REGISTERED
T0579,volume.rvol,rvol20_filter,um,15m,SHORT,top50,48,REGISTERED
T0580,volume.rvol,rvol20_filter,um,15m,SHORT,top50,96,REGISTERED
T0581,volume.vwap_deviation,vwap_dev20_reversal,um,15m,SHORT,top50,4,REGISTERED
T0582,volume.vwap_deviation,vwap_dev20_reversal,um,15m,SHORT,top50,16,REGISTERED
T0583,volume.vwap_deviation,vwap_dev20_reversal,um,15m,SHORT,top50,48,REGISTERED
T0584,volume.vwap_deviation,vwap_dev20_reversal,um,15m,SHORT,top50,96,REGISTERED
T0585,orderflow.taker_ratio,ratio_sign,um,15m,SHORT,top50,4,REGISTERED
T0586,orderflow.taker_ratio,ratio_sign,um,15m,SHORT,top50,16,REGISTERED
T0587,orderflow.taker_ratio,ratio_sign,um,15m,SHORT,top50,48,REGISTERED
T0588,orderflow.taker_ratio,ratio_sign,um,15m,SHORT,top50,96,REGISTERED
T0589,orderflow.cvd,cvd_slope6_sign,um,15m,SHORT,top50,4,REGISTERED
T0590,orderflow.cvd,cvd_slope6_sign,um,15m,SHORT,top50,16,REGISTERED
T0591,orderflow.cvd,cvd_slope6_sign,um,15m,SHORT,top50,48,REGISTERED
T0592,orderflow.cvd,cvd_slope6_sign,um,15m,SHORT,top50,96,REGISTERED
T0593,context.btc_regime,regime_follow,um,15m,SHORT,top50,4,REGISTERED
T0594,context.btc_regime,regime_follow,um,15m,SHORT,top50,16,REGISTERED
T0595,context.btc_regime,regime_follow,um,15m,SHORT,top50,48,REGISTERED
T0596,context.btc_regime,regime_follow,um,15m,SHORT,top50,96,REGISTERED
T0597,context.market_breadth,breadth_0.4_0.6,um,15m,SHORT,top50,4,REGISTERED
T0598,context.market_breadth,breadth_0.4_0.6,um,15m,SHORT,top50,16,REGISTERED
T0599,context.market_breadth,breadth_0.4_0.6,um,15m,SHORT,top50,48,REGISTERED
T0600,context.market_breadth,breadth_0.4_0.6,um,15m,SHORT,top50,96,REGISTERED
T0601,derivatives.funding,funding_sign,um,15m,SHORT,top50,4,REGISTERED
T0602,derivatives.funding,funding_sign,um,15m,SHORT,top50,16,REGISTERED
T0603,derivatives.funding,funding_sign,um,15m,SHORT,top50,48,REGISTERED
T0604,derivatives.funding,funding_sign,um,15m,SHORT,top50,96,REGISTERED
T0605,derivatives.funding_zscore,z90_extreme,um,15m,SHORT,top50,4,REGISTERED
T0606,derivatives.funding_zscore,z90_extreme,um,15m,SHORT,top50,16,REGISTERED
T0607,derivatives.funding_zscore,z90_extreme,um,15m,SHORT,top50,48,REGISTERED
T0608,derivatives.funding_zscore,z90_extreme,um,15m,SHORT,top50,96,REGISTERED
T0609,trend.ema_20_50_spread,ema_10_30,um,1h,SHORT,top50,4,REGISTERED
T0610,trend.ema_20_50_spread,ema_10_30,um,1h,SHORT,top50,12,REGISTERED
T0611,trend.ema_20_50_spread,ema_10_30,um,1h,SHORT,top50,24,REGISTERED
T0612,trend.ema_20_50_spread,ema_20_50,um,1h,SHORT,top50,4,REGISTERED
T0613,trend.ema_20_50_spread,ema_20_50,um,1h,SHORT,top50,12,REGISTERED
T0614,trend.ema_20_50_spread,ema_20_50,um,1h,SHORT,top50,24,REGISTERED
T0615,trend.ema_20_50_spread,ema_50_200,um,1h,SHORT,top50,4,REGISTERED
T0616,trend.ema_20_50_spread,ema_50_200,um,1h,SHORT,top50,12,REGISTERED
T0617,trend.ema_20_50_spread,ema_50_200,um,1h,SHORT,top50,24,REGISTERED
T0618,trend.ema_50_200_regime,ema_10_30,um,1h,SHORT,top50,4,REGISTERED
T0619,trend.ema_50_200_regime,ema_10_30,um,1h,SHORT,top50,12,REGISTERED
T0620,trend.ema_50_200_regime,ema_10_30,um,1h,SHORT,top50,24,REGISTERED
T0621,trend.ema_50_200_regime,ema_20_50,um,1h,SHORT,top50,4,REGISTERED
T0622,trend.ema_50_200_regime,ema_20_50,um,1h,SHORT,top50,12,REGISTERED
T0623,trend.ema_50_200_regime,ema_20_50,um,1h,SHORT,top50,24,REGISTERED
T0624,trend.ema_50_200_regime,ema_50_200,um,1h,SHORT,top50,4,REGISTERED
T0625,trend.ema_50_200_regime,ema_50_200,um,1h,SHORT,top50,12,REGISTERED
T0626,trend.ema_50_200_regime,ema_50_200,um,1h,SHORT,top50,24,REGISTERED
T0627,trend.ema_slope,default,um,1h,SHORT,top50,4,REGISTERED
T0628,trend.ema_slope,default,um,1h,SHORT,top50,12,REGISTERED
T0629,trend.ema_slope,default,um,1h,SHORT,top50,24,REGISTERED
T0630,trend.adx_dmi,adx14_threshold20,um,1h,SHORT,top50,4,REGISTERED
T0631,trend.adx_dmi,adx14_threshold20,um,1h,SHORT,top50,12,REGISTERED
T0632,trend.adx_dmi,adx14_threshold20,um,1h,SHORT,top50,24,REGISTERED
T0633,trend.kaufman_er,er10_threshold0.3,um,1h,SHORT,top50,4,REGISTERED
T0634,trend.kaufman_er,er10_threshold0.3,um,1h,SHORT,top50,12,REGISTERED
T0635,trend.kaufman_er,er10_threshold0.3,um,1h,SHORT,top50,24,REGISTERED
T0636,trend.donchian,donchian_20,um,1h,SHORT,top50,4,REGISTERED
T0637,trend.donchian,donchian_20,um,1h,SHORT,top50,12,REGISTERED
T0638,trend.donchian,donchian_20,um,1h,SHORT,top50,24,REGISTERED
T0639,trend.donchian,donchian_48,um,1h,SHORT,top50,4,REGISTERED
T0640,trend.donchian,donchian_48,um,1h,SHORT,top50,12,REGISTERED
T0641,trend.donchian,donchian_48,um,1h,SHORT,top50,24,REGISTERED
T0642,trend.donchian,donchian_55,um,1h,SHORT,top50,4,REGISTERED
T0643,trend.donchian,donchian_55,um,1h,SHORT,top50,12,REGISTERED
T0644,trend.donchian,donchian_55,um,1h,SHORT,top50,24,REGISTERED
T0645,momentum.roc,roc_6,um,1h,SHORT,top50,4,REGISTERED
T0646,momentum.roc,roc_6,um,1h,SHORT,top50,12,REGISTERED
T0647,momentum.roc,roc_6,um,1h,SHORT,top50,24,REGISTERED
T0648,momentum.roc,roc_12,um,1h,SHORT,top50,4,REGISTERED
T0649,momentum.roc,roc_12,um,1h,SHORT,top50,12,REGISTERED
T0650,momentum.roc,roc_12,um,1h,SHORT,top50,24,REGISTERED
T0651,momentum.roc,roc_24,um,1h,SHORT,top50,4,REGISTERED
T0652,momentum.roc,roc_24,um,1h,SHORT,top50,12,REGISTERED
T0653,momentum.roc,roc_24,um,1h,SHORT,top50,24,REGISTERED
T0654,momentum.rsi,rsi_7_30_70,um,1h,SHORT,top50,4,REGISTERED
T0655,momentum.rsi,rsi_7_30_70,um,1h,SHORT,top50,12,REGISTERED
T0656,momentum.rsi,rsi_7_30_70,um,1h,SHORT,top50,24,REGISTERED
T0657,momentum.rsi,rsi_14_30_70,um,1h,SHORT,top50,4,REGISTERED
T0658,momentum.rsi,rsi_14_30_70,um,1h,SHORT,top50,12,REGISTERED
T0659,momentum.rsi,rsi_14_30_70,um,1h,SHORT,top50,24,REGISTERED
T0660,momentum.rsi,rsi_21_30_70,um,1h,SHORT,top50,4,REGISTERED
T0661,momentum.rsi,rsi_21_30_70,um,1h,SHORT,top50,12,REGISTERED
T0662,momentum.rsi,rsi_21_30_70,um,1h,SHORT,top50,24,REGISTERED
T0663,volatility.atr_natr,natr14_filter,um,1h,SHORT,top50,4,REGISTERED
T0664,volatility.atr_natr,natr14_filter,um,1h,SHORT,top50,12,REGISTERED
T0665,volatility.atr_natr,natr14_filter,um,1h,SHORT,top50,24,REGISTERED
T0666,volatility.bollinger_bandwidth,bb20_2s_filter,um,1h,SHORT,top50,4,REGISTERED
T0667,volatility.bollinger_bandwidth,bb20_2s_filter,um,1h,SHORT,top50,12,REGISTERED
T0668,volatility.bollinger_bandwidth,bb20_2s_filter,um,1h,SHORT,top50,24,REGISTERED
T0669,volatility.realized_percentile,rv20_p100_filter,um,1h,SHORT,top50,4,REGISTERED
T0670,volatility.realized_percentile,rv20_p100_filter,um,1h,SHORT,top50,12,REGISTERED
T0671,volatility.realized_percentile,rv20_p100_filter,um,1h,SHORT,top50,24,REGISTERED
T0672,volume.rvol,rvol20_filter,um,1h,SHORT,top50,4,REGISTERED
T0673,volume.rvol,rvol20_filter,um,1h,SHORT,top50,12,REGISTERED
T0674,volume.rvol,rvol20_filter,um,1h,SHORT,top50,24,REGISTERED
T0675,volume.vwap_deviation,vwap_dev20_reversal,um,1h,SHORT,top50,4,REGISTERED
T0676,volume.vwap_deviation,vwap_dev20_reversal,um,1h,SHORT,top50,12,REGISTERED
T0677,volume.vwap_deviation,vwap_dev20_reversal,um,1h,SHORT,top50,24,REGISTERED
T0678,orderflow.taker_ratio,ratio_sign,um,1h,SHORT,top50,4,REGISTERED
T0679,orderflow.taker_ratio,ratio_sign,um,1h,SHORT,top50,12,REGISTERED
T0680,orderflow.taker_ratio,ratio_sign,um,1h,SHORT,top50,24,REGISTERED
T0681,orderflow.cvd,cvd_slope6_sign,um,1h,SHORT,top50,4,REGISTERED
T0682,orderflow.cvd,cvd_slope6_sign,um,1h,SHORT,top50,12,REGISTERED
T0683,orderflow.cvd,cvd_slope6_sign,um,1h,SHORT,top50,24,REGISTERED
T0684,context.btc_regime,regime_follow,um,1h,SHORT,top50,4,REGISTERED
T0685,context.btc_regime,regime_follow,um,1h,SHORT,top50,12,REGISTERED
T0686,context.btc_regime,regime_follow,um,1h,SHORT,top50,24,REGISTERED
T0687,derivatives.funding,funding_sign,um,1h,SHORT,top50,4,REGISTERED
T0688,derivatives.funding,funding_sign,um,1h,SHORT,top50,12,REGISTERED
T0689,derivatives.funding,funding_sign,um,1h,SHORT,top50,24,REGISTERED
T0690,derivatives.funding_zscore,z90_extreme,um,1h,SHORT,top50,4,REGISTERED
T0691,derivatives.funding_zscore,z90_extreme,um,1h,SHORT,top50,12,REGISTERED
T0692,derivatives.funding_zscore,z90_extreme,um,1h,SHORT,top50,24,REGISTERED
T0693,trend.ema_20_50_spread,ema_10_30,um,4h,SHORT,top50,3,REGISTERED
T0694,trend.ema_20_50_spread,ema_10_30,um,4h,SHORT,top50,6,REGISTERED
T0695,trend.ema_20_50_spread,ema_20_50,um,4h,SHORT,top50,3,REGISTERED
T0696,trend.ema_20_50_spread,ema_20_50,um,4h,SHORT,top50,6,REGISTERED
T0697,trend.ema_20_50_spread,ema_50_200,um,4h,SHORT,top50,3,REGISTERED
T0698,trend.ema_20_50_spread,ema_50_200,um,4h,SHORT,top50,6,REGISTERED
T0699,trend.ema_50_200_regime,ema_10_30,um,4h,SHORT,top50,3,REGISTERED
T0700,trend.ema_50_200_regime,ema_10_30,um,4h,SHORT,top50,6,REGISTERED
T0701,trend.ema_50_200_regime,ema_20_50,um,4h,SHORT,top50,3,REGISTERED
T0702,trend.ema_50_200_regime,ema_20_50,um,4h,SHORT,top50,6,REGISTERED
T0703,trend.ema_50_200_regime,ema_50_200,um,4h,SHORT,top50,3,REGISTERED
T0704,trend.ema_50_200_regime,ema_50_200,um,4h,SHORT,top50,6,REGISTERED
T0705,trend.ema_slope,default,um,4h,SHORT,top50,3,REGISTERED
T0706,trend.ema_slope,default,um,4h,SHORT,top50,6,REGISTERED
T0707,trend.adx_dmi,adx14_threshold20,um,4h,SHORT,top50,3,REGISTERED
T0708,trend.adx_dmi,adx14_threshold20,um,4h,SHORT,top50,6,REGISTERED
T0709,trend.kaufman_er,er10_threshold0.3,um,4h,SHORT,top50,3,REGISTERED
T0710,trend.kaufman_er,er10_threshold0.3,um,4h,SHORT,top50,6,REGISTERED
T0711,trend.donchian,donchian_20,um,4h,SHORT,top50,3,REGISTERED
T0712,trend.donchian,donchian_20,um,4h,SHORT,top50,6,REGISTERED
T0713,trend.donchian,donchian_48,um,4h,SHORT,top50,3,REGISTERED
T0714,trend.donchian,donchian_48,um,4h,SHORT,top50,6,REGISTERED
T0715,trend.donchian,donchian_55,um,4h,SHORT,top50,3,REGISTERED
T0716,trend.donchian,donchian_55,um,4h,SHORT,top50,6,REGISTERED
T0717,momentum.roc,roc_6,um,4h,SHORT,top50,3,REGISTERED
T0718,momentum.roc,roc_6,um,4h,SHORT,top50,6,REGISTERED
T0719,momentum.roc,roc_12,um,4h,SHORT,top50,3,REGISTERED
T0720,momentum.roc,roc_12,um,4h,SHORT,top50,6,REGISTERED
T0721,momentum.roc,roc_24,um,4h,SHORT,top50,3,REGISTERED
T0722,momentum.roc,roc_24,um,4h,SHORT,top50,6,REGISTERED
T0723,momentum.rsi,rsi_7_30_70,um,4h,SHORT,top50,3,REGISTERED
T0724,momentum.rsi,rsi_7_30_70,um,4h,SHORT,top50,6,REGISTERED
T0725,momentum.rsi,rsi_14_30_70,um,4h,SHORT,top50,3,REGISTERED
T0726,momentum.rsi,rsi_14_30_70,um,4h,SHORT,top50,6,REGISTERED
T0727,momentum.rsi,rsi_21_30_70,um,4h,SHORT,top50,3,REGISTERED
T0728,momentum.rsi,rsi_21_30_70,um,4h,SHORT,top50,6,REGISTERED
T0729,volatility.atr_natr,natr14_filter,um,4h,SHORT,top50,3,REGISTERED
T0730,volatility.atr_natr,natr14_filter,um,4h,SHORT,top50,6,REGISTERED
T0731,volatility.bollinger_bandwidth,bb20_2s_filter,um,4h,SHORT,top50,3,REGISTERED
T0732,volatility.bollinger_bandwidth,bb20_2s_filter,um,4h,SHORT,top50,6,REGISTERED
T0733,volatility.realized_percentile,rv20_p100_filter,um,4h,SHORT,top50,3,REGISTERED
T0734,volatility.realized_percentile,rv20_p100_filter,um,4h,SHORT,top50,6,REGISTERED
T0735,volume.rvol,rvol20_filter,um,4h,SHORT,top50,3,REGISTERED
T0736,volume.rvol,rvol20_filter,um,4h,SHORT,top50,6,REGISTERED
T0737,volume.vwap_deviation,vwap_dev20_reversal,um,4h,SHORT,top50,3,REGISTERED
T0738,volume.vwap_deviation,vwap_dev20_reversal,um,4h,SHORT,top50,6,REGISTERED
T0739,orderflow.taker_ratio,ratio_sign,um,4h,SHORT,top50,3,REGISTERED
T0740,orderflow.taker_ratio,ratio_sign,um,4h,SHORT,top50,6,REGISTERED
T0741,orderflow.cvd,cvd_slope6_sign,um,4h,SHORT,top50,3,REGISTERED
T0742,orderflow.cvd,cvd_slope6_sign,um,4h,SHORT,top50,6,REGISTERED
T0743,context.btc_regime,regime_follow,um,4h,SHORT,top50,3,REGISTERED
T0744,context.btc_regime,regime_follow,um,4h,SHORT,top50,6,REGISTERED
T0745,context.market_breadth,breadth_0.4_0.6,um,4h,SHORT,top50,3,REGISTERED
T0746,context.market_breadth,breadth_0.4_0.6,um,4h,SHORT,top50,6,REGISTERED
T0747,derivatives.funding,funding_sign,um,4h,SHORT,top50,3,REGISTERED
T0748,derivatives.funding,funding_sign,um,4h,SHORT,top50,6,REGISTERED
T0749,derivatives.funding_zscore,z90_extreme,um,4h,SHORT,top50,3,REGISTERED
T0750,derivatives.funding_zscore,z90_extreme,um,4h,SHORT,top50,6,REGISTERED
